Sample_ID,Alisertib,Arsenic Trioxide,Axitinib,Azacitidine,Dasatinib,Doramapimod,Foretinib,GW-2580,Idelalisib,KI20227,Linifanib,Midostaurin,Motesanib,NVP-TAE684,Pazopanib,Quizartinib,Ruxolitinib,Sorafenib,Sunitinib,Vemurafenib,NF-kB Activation Inhibitor,Cabozantinib,Crizotinib,Cytarabine,Entospletinib,Ibrutinib,JQ1,Nutlin-3,Palbociclib,Panobinostat,Trametinib,Vandetanib,Venetoclax,Artemisinin,AT 101,Birabresib,Birinapant,Bortezomib,GSK2879552,Olaparib,AGI combo,Bosutinib,Nintedanib,Sirolimus,Vatalanib,Vismodegib,PH-797804,AZD5991,Dordaviprone,Telaglenastat,Decitabine,Alisertib - Midostaurin,Alisertib - Ruxolitinib,Axitinib - Doramapimod,Axitinib - GW-2580,Axitinib - KI20227,Axitinib - Motesanib,Azacitidine - Quizartinib,Azacitidine - Vemurafenib,Dasatinib - Doramapimod,Dasatinib - GW-2580,Dasatinib - Idelalisib,Dasatinib - Midostaurin,Dasatinib - NF-kB Activation Inhibitor,Dasatinib - Pazopanib,Dasatinib - Ruxolitinib,Dasatinib - Sorafenib,Doramapimod - GW-2580,Doramapimod - Idelalisib,Doramapimod - Midostaurin,Doramapimod - Motesanib,Doramapimod - NF-kB Activation Inhibitor,Doramapimod - Ruxolitinib,Doramapimod - Sorafenib,Foretinib - NVP-TAE684,GW-2580 - Idelalisib,GW-2580 - KI20227,GW-2580 - Midostaurin,GW-2580 - Pazopanib,GW-2580 - Sunitinib,Idelalisib - Midostaurin,Idelalisib - Ruxolitinib,KI20227 - Motesanib,Linifanib - Ruxolitinib,Midostaurin - NF-kB Activation Inhibitor,Midostaurin - NVP-TAE684,Midostaurin - Pazopanib,Midostaurin - Ruxolitinib,Midostaurin - Sorafenib,Motesanib - Sunitinib,NF-kB Activation Inhibitor - Ruxolitinib,NF-kB Activation Inhibitor - Vemurafenib,NVP-TAE684 - Quizartinib,GW-2580 - Motesanib,Alisertib - Crizotinib,Cabozantinib - Ruxolitinib,Cytarabine - Nutlin-3,Dasatinib - Venetoclax,Doramapimod - JQ1,Doramapimod - Palbociclib,Doramapimod - Panobinostat,Doramapimod - Venetoclax,Entospletinib - Sorafenib,Ibrutinib - Quizartinib,Ibrutinib - Venetoclax,Idelalisib - JQ1,Idelalisib - Palbociclib,Idelalisib - Panobinostat,Idelalisib - Quizartinib,Idelalisib - Trametinib,Idelalisib - Venetoclax,JQ1 - Palbociclib,JQ1 - Panobinostat,JQ1 - Quizartinib,JQ1 - Ruxolitinib,JQ1 - Sorafenib,JQ1 - Trametinib,JQ1 - Venetoclax,Palbociclib - Panobinostat,Palbociclib - Quizartinib,Palbociclib - Ruxolitinib,Palbociclib - Sorafenib,Palbociclib - Trametinib,Palbociclib - Venetoclax,Panobinostat - Quizartinib,Panobinostat - Ruxolitinib,Panobinostat - Sorafenib,Panobinostat - Trametinib,Panobinostat - Venetoclax,Quizartinib - Trametinib,Quizartinib - Venetoclax,Ruxolitinib - Venetoclax,Sorafenib - Venetoclax,Trametinib - Venetoclax,Vandetanib - Vemurafenib,Artemisinin - Venetoclax,AT 101 - Bortezomib,AT 101 - Doramapimod,AT 101 - GW-2580,AT 101 - Idelalisib,AT 101 - Olaparib,AT 101 - Quizartinib,AT 101 - Ruxolitinib,AT 101 - Trametinib,Azacitidine - Venetoclax,Birabresib - Bortezomib,Birabresib - Doramapimod,Birabresib - GW-2580,Birabresib - Idelalisib,Birabresib - Olaparib,Birabresib - Quizartinib,Birabresib - Ruxolitinib,Birabresib - Trametinib,Birinapant - Bortezomib,Birinapant - Doramapimod,Birinapant - GW-2580,Birinapant - Idelalisib,Birinapant - Olaparib,Birinapant - Quizartinib,Birinapant - Ruxolitinib,Birinapant - Trametinib,Bortezomib - GSK2879552,Bortezomib - Palbociclib,Bortezomib - Venetoclax,Doramapimod - GSK2879552,GSK2879552 - GW-2580,GSK2879552 - Idelalisib,GSK2879552 - Olaparib,GSK2879552 - Quizartinib,GSK2879552 - Trametinib,GW-2580 - Palbociclib,GW-2580 - Venetoclax,Olaparib - Palbociclib,Olaparib - Venetoclax,GSK2879552 - Ruxolitinib,Olaparib - Trametinib,AGI combo - Crizotinib,AGI combo - Dasatinib,AGI combo - Doramapimod,AGI combo - Idelalisib,AGI combo - Quizartinib,AGI combo - Ruxolitinib,AGI combo - Sorafenib,Axitinib - Bosutinib,Bortezomib - Dasatinib,Bortezomib - Trametinib,Crizotinib - Quizartinib,Cytarabine - Vismodegib,Dasatinib - JQ1,Dasatinib - Quizartinib,Dasatinib - Sirolimus,Dasatinib - Trametinib,Dasatinib - Vatalanib,Nintedanib - Trametinib,Quizartinib - Ruxolitinib,Ruxolitinib - Sunitinib,Sirolimus - Trametinib,PH-797804 - Venetoclax,AZD5991 - Bortezomib,AZD5991 - Doramapimod,AZD5991 - Dordaviprone,AZD5991 - GW-2580,AZD5991 - Idelalisib,AZD5991 - Quizartinib,AZD5991 - Ruxolitinib,AZD5991 - Trametinib,Birabresib - Dordaviprone,Birinapant - Dordaviprone,Bortezomib - Telaglenastat,Doramapimod - Telaglenastat,Dordaviprone - Palbociclib,Dordaviprone - Telaglenastat,Dordaviprone - Venetoclax,GW-2580 - Telaglenastat,Idelalisib - Telaglenastat,Quizartinib - Telaglenastat,Ruxolitinib - Telaglenastat,Telaglenastat - Trametinib,Telaglenastat - Venetoclax,Cytarabine - Venetoclax,Decitabine - Venetoclax
C541,,,,,,,,,,,,,,,,,,,,,,,,,,0.16,,,,,,,0.0,0.0,,,,,,,,,,,,,,,,,,,,,,,,,,,,,,,,,,,,,,,,,,,,,,,,,,,,,,,,,,,,,,,,,,,,,,,0.7,,,,,,,,,,,,,,,,,,,,,,,,,,,,,,,0.324,,,,,,,,,,,,,,,,,,,,,,,,,,,,,,,,,,,,,,,,,,,,,,,,,,,,,,,,,,,,,,,,,,,,,,,,,,,,,,,,,,,,,
C20,0.142,0.074,0.954,0.0,0.362,0.286,0.686,0.142,0.406,0.836,0.056,0.0,0.22,0.0,0.284,0.406,0.169,0.0,0.321,0.0,0.0,,,,,,,,,,,,,,,,,,,,,,,,,,,,,,,0.0,0.054,0.954,0.0,0.892,0.862,0.492,0.002,,0.0,0.632,0.0,0.884,0.392,0.748,0.91,0.0,0.65,0.0,,0.274,0.364,0.164,0.926,,,0.0,0.264,0.0,0.0,0.792,0.828,0.0,0.0,0.368,0.0,0.0,0.0,0.83,0.396,0.077,0.838,0.414,,,,,,,,,,,,,,,,,,,,,,,,,,,,,,,,,,,,,,,,,,,,,,,,,,,,,,,,,,,,,,,,,,,,,,,,,,,,,,,,,,,,,,,,,,,,,,,,,,,,,,,,,,,,,,,,,,,,,,,,,,,,,,,
S80,0.14,0.0,0.242,0.106,0.334,0.116,0.764,0.233,0.178,0.418,,0.532,0.23,0.434,0.25,0.854,0.195,0.68,0.55,0.08,0.49,,,,,,,,,,,,,,,,,,,,,,,,,,,,,,,0.208,0.086,0.648,0.336,0.666,0.366,0.542,0.068,0.438,0.622,0.184,0.414,0.656,0.394,0.172,0.444,0.321,0.52,0.146,0.37,0.284,0.378,0.476,0.674,0.0,0.282,0.0,0.21,0.142,0.404,0.144,0.55,0.218,0.448,0.306,0.26,0.286,0.324,0.62,0.358,0.4,0.784,0.64,,,,,,,,,,,,,,,,,,,,,,,,,,,,,,,,,,,,,,,,,,,,,,,,,,,,,,,,,,,,,,,,,,,,,,,,,,,,,,,,,,,,,,,,,,,,,,,,,,,,,,,,,,,,,,,,,,,,,,,,,,,,,,,
S117,0.094,,0.278,,0.638,0.406,,,0.364,,,,,,,0.528,0.32,0.302,0.322,0.199,,0.286,0.299,0.438,0.264,,0.396,0.014,,,0.608,0.148,0.236,,,,,0.524,,,0.0,0.402,0.386,0.537,0.074,0.0,,,,,,,,,,,,,,,,,,,,,,,,,,,,,,,,,,,,0.574,,,,,,,,,,,,,0.326,0.51,0.492,0.336,,,,0.794,0.216,,,0.756,,,0.352,0.718,0.308,,,,0.804,0.7,,,,,,,,,,,,,,0.814,,0.578,0.266,,0.074,,,,,,,,,,,,,,,,,,,,,,,,,,,,,,,,,,,,,,,,,,0.116,0.642,0.608,0.322,0.35,0.41,0.116,0.302,0.672,0.842,0.374,0.456,0.816,0.484,0.584,0.76,0.438,0.73,0.632,0.42,0.872,,,,,,,,,,,,,,,,,,,,,,,,
S119,0.0,0.0,0.016,0.0,0.076,0.0,0.324,0.0,0.224,0.094,0.292,0.38,0.0,0.112,0.041,0.381,0.0,0.236,0.127,0.0,0.0,,,,,,,,,,,,,,,,,,,,,,,,,,,,,,,0.18,0.044,0.24,0.214,0.138,0.2,0.606,0.076,0.316,0.266,0.164,0.316,0.038,0.146,0.0,0.226,0.265,0.514,0.362,0.202,0.13,0.136,0.412,0.504,0.07,0.186,0.378,0.106,0.144,0.304,0.22,0.0,0.142,0.226,0.27,0.218,0.216,0.214,0.292,0.01,0.035,0.802,0.0,,,,,,,,,,,,,,,,,,,,,,,,,,,,,,,,,,,,,,,,,,,,,,,,,,,,,,,,,,,,,,,,,,,,,,,,,,,,,,,,,,,,,,,,,,,,,,,,,,,,,,,,,,,,,,,,,,,,,,,,,,,,,,,
S134,0.0,0.0,0.198,0.0,0.183,0.0,0.28,0.08,0.048,0.0,0.262,0.214,0.188,0.15,0.064,0.46,0.106,0.206,0.139,0.086,0.268,,,,,,,,,,,,,,,,,,,,,,,,,,,,,,,0.0,0.004,0.57,0.316,0.408,0.5,0.61,0.002,0.562,0.09,0.0,0.0,0.23,0.256,0.336,0.046,0.387,0.344,0.172,0.348,0.552,0.14,0.336,0.422,0.036,0.636,0.128,0.052,0.134,0.098,0.082,0.588,0.052,0.418,0.334,0.076,0.129,0.182,0.498,0.362,0.363,0.806,0.26,,,,,,,,,,,,,,,,,,,,,,,,,,,,,,,,,,,,,,,,,,,,,,,,,,,,,,,,,,,,,,,,,,,,,,,,,,,,,,,,,,,,,,,,,,,,,,,,,,,,,,,,,,,,,,,,,,,,,,,,,,,,,,,
S135,0.014,0.0,0.366,0.0,0.316,0.192,0.494,0.106,0.062,0.326,0.258,0.518,0.188,0.322,0.184,0.372,0.312,0.155,0.164,0.05,0.076,,,,,,,,,,,,,,,,,,,,,,,,,,,,,,,0.154,0.114,0.56,0.718,0.316,0.432,0.48,0.094,0.542,0.308,0.366,0.232,0.332,0.262,0.278,0.208,0.501,0.514,0.662,0.674,0.908,0.438,0.414,0.298,0.31,0.518,0.418,0.296,0.286,0.304,0.286,0.648,0.706,0.136,0.0,0.176,0.264,0.268,0.598,0.252,0.012,0.608,0.884,,,,,,,,,,,,,,,,,,,,,,,,,,,,,,,,,,,,,,,,,,,,,,,,,,,,,,,,,,,,,,,,,,,,,,,,,,,,,,,,,,,,,,,,,,,,,,,,,,,,,,,,,,,,,,,,,,,,,,,,,,,,,,,
C1,0.254,0.0,0.104,0.0,0.357,0.46,0.4,0.0,0.398,0.18,0.062,0.614,0.0,0.294,0.001,0.719,0.093,0.537,0.319,0.001,,,,,,,,,,,,,,,,,,,,,,,,,,,,,,,,0.256,0.202,0.706,0.382,0.386,0.364,0.788,0.0,0.644,0.376,0.51,0.546,0.884,0.54,0.296,0.884,0.406,0.452,0.27,0.654,0.74,0.228,0.646,0.714,0.338,0.234,0.254,0.42,0.088,0.676,0.414,0.864,0.0,0.432,0.558,0.412,0.418,0.474,0.884,0.44,0.307,0.954,,,,,,,,,,,,,,,,,,,,,,,,,,,,,,,,,,,,,,,,,,,,,,,,,,,,,,,,,,,,,,,,,,,,,,,,,,,,,,,,,,,,,,,,,,,,,,,,,,,,,,,,,,,,,,,,,,,,,,,,,,,,,,,,
S136,0.436,0.192,0.47,0.112,0.759,0.494,0.766,0.246,,0.816,0.124,0.284,0.13,0.554,0.237,0.694,0.344,0.71,0.46,0.336,0.326,,,,,,,,,,,,,,,,,,,,,,,,,,,,,,,0.41,0.392,0.728,0.524,0.706,0.57,0.39,0.002,,0.802,0.564,0.642,0.744,0.824,0.544,0.636,0.439,0.552,0.212,0.666,0.0,0.064,0.656,0.928,0.482,0.586,0.262,0.546,0.094,0.59,0.39,,0.252,0.192,0.498,0.098,0.374,0.464,0.562,0.132,0.0,0.726,0.608,,,,,,,,,,,,,,,,,,,,,,,,,,,,,,,,,,,,,,,,,,,,,,,,,,,,,,,,,,,,,,,,,,,,,,,,,,,,,,,,,,,,,,,,,,,,,,,,,,,,,,,,,,,,,,,,,,,,,,,,,,,,,,,
S137,0.132,0.0,0.156,0.016,0.167,0.194,0.342,0.058,0.118,0.262,0.094,0.0,0.0,0.324,0.008,0.443,0.054,0.199,0.08,0.045,0.348,,,,,,,,,,,,,,,,,,,,,,,,,,,,,,,0.0,0.0,0.544,0.012,0.14,0.0,0.34,0.008,0.182,0.19,0.1,0.068,0.122,0.244,0.108,0.056,0.285,,0.02,0.154,0.0,0.162,0.28,0.454,0.1,0.08,0.104,0.328,0.002,0.244,0.406,0.0,0.0,0.452,0.504,0.064,0.179,0.118,0.502,0.206,0.304,0.732,0.222,,,,,,,,,,,,,,,,,,,,,,,,,,,,,,,,,,,,,,,,,,,,,,,,,,,,,,,,,,,,,,,,,,,,,,,,,,,,,,,,,,,,,,,,,,,,,,,,,,,,,,,,,,,,,,,,,,,,,,,,,,,,,,,
S138,0.116,0.0,0.0,0.0,0.247,0.146,0.438,0.208,0.39,0.416,0.232,0.05,0.0,0.346,0.0,0.31,0.034,0.184,0.163,0.0,0.0,,,,,,,,,,,,,,,,,,,,,,,,,,,,,,,0.016,0.336,0.456,0.218,0.464,0.216,0.184,0.0,0.314,0.0,0.55,0.0,0.0,0.0,0.116,0.182,,0.53,0.0,0.32,0.0,0.0,0.292,0.536,0.686,0.46,0.0,0.0,0.194,0.11,0.422,0.0,0.318,0.0,0.064,0.0,0.052,0.23,0.14,0.0,0.0,0.406,,,,,,,,,,,,,,,,,,,,,,,,,,,,,,,,,,,,,,,,,,,,,,,,,,,,,,,,,,,,,,,,,,,,,,,,,,,,,,,,,,,,,,,,,,,,,,,,,,,,,,,,,,,,,,,,,,,,,,,,,,,,,,,,
S139,0.0,0.0,0.238,0.17,0.034,0.322,0.18,0.268,0.074,0.07,0.194,0.376,0.0,0.0,0.0,0.198,0.152,0.032,0.033,0.0,0.0,,,,,,,,,,,,,,,,,,,,,,,,,,,,,,,0.0,0.456,0.688,0.146,0.236,0.0,0.2,0.0,0.35,0.0,0.66,0.0,0.0,0.0,0.0,0.092,0.511,0.86,0.0,,0.414,0.35,0.204,0.0,0.68,0.442,0.0,0.194,0.0,0.0,0.416,0.056,0.114,0.0,0.0,0.0,0.0,0.3,0.0,0.0,0.0,0.134,,,,,,,,,,,,,,,,,,,,,,,,,,,,,,,,,,,,,,,,,,,,,,,,,,,,,,,,,,,,,,,,,,,,,,,,,,,,,,,,,,,,,,,,,,,,,,,,,,,,,,,,,,,,,,,,,,,,,,,,,,,,,,,,
S143,0.0,0.0,0.064,0.0,0.352,0.0,0.228,0.0,0.222,0.006,0.26,0.202,0.0,0.0,0.033,0.467,0.247,0.012,0.0,0.021,0.3,,,,,,,,,,,,,,,,,,,,,,,,,,,,,,,0.204,0.098,0.52,0.13,0.06,0.18,0.292,0.002,0.592,0.382,0.328,0.364,0.446,0.32,0.396,0.282,0.505,0.266,0.43,0.512,0.224,0.366,0.38,0.18,0.11,0.024,0.178,0.062,0.028,0.262,0.244,0.192,0.284,0.294,0.188,0.236,0.286,0.25,0.0,0.334,0.167,0.45,0.018,,,,,,,,,,,,,,,,,,,,,,,,,,,,,,,,,,,,,,,,,,,,,,,,,,,,,,,,,,,,,,,,,,,,,,,,,,,,,,,,,,,,,,,,,,,,,,,,,,,,,,,,,,,,,,,,,,,,,,,,,,,,,,,
S146,0.078,,,,0.005,0.268,,,0.374,,,,,,,0.0,0.0,0.227,,0.0,,0.036,0.014,0.186,0.0,0.0,0.77,0.1,0.024,0.87,0.92,0.0,0.284,,,,,,,,,,,,,,,,,,,,,,,,,,,,,,,,,,,,,,,,,,,,,,,,,0.954,,,,,,,,,,,,,0.228,0.252,0.836,0.948,0.32,0.86,0.824,0.81,0.038,0.404,0.162,0.296,0.954,0.798,0.282,0.916,0.11,0.916,0.59,0.0,0.936,0.036,0.0,0.954,0.54,0.846,0.954,0.568,0.954,0.774,0.22,0.952,0.078,0.0,0.954,,0.012,0.926,0.924,0.506,0.378,,,,,,,,,,,,,,,,,,,,,,,,,,,,,,,,,,,,,,,,,,,,,,,,,,,,,,,,,,,,,,,,,,,,,,,,,,,,,,,,,,,,,,
C512,,,,,,,,,,,,,,,,,,,,,,,,,,0.0,,,,,,,0.196,,,,,,,,,,,,,,,,,,,,,,,,,,,,,,,,,,,,,,,,,,,,,,,,,,,,,,,,,,,,,,,,,,,,,,,,0.068,,,,,,,,,,,,,,,,,,,,,,,,,,,,,,,,,,,,,,,,,,,,,,,,,,,,,,,,,,,,,,,,,,,,,,,,,,,,,,,,,,,,,,,,,,,,,,,,,,,,,,,,,,,,,,,,,,,,
S583,0.076,0.0,0.084,0.03,0.0,0.222,0.202,0.0,0.108,0.122,0.098,0.058,0.0,0.26,0.016,0.311,0.118,0.08,0.001,0.069,0.196,,,,,,,,,,,,,,,,,,,,,,,,,,,,,,,0.058,0.0,0.364,0.104,0.16,0.144,0.194,0.0,0.0,0.084,0.144,0.062,0.346,0.082,0.12,0.06,0.135,0.278,0.136,0.186,0.096,0.148,0.078,0.264,0.172,0.01,0.0,0.078,0.0,0.096,0.366,0.068,0.0,0.104,0.132,0.0,0.099,0.054,0.064,0.162,0.086,0.442,0.106,,,,,,,,,,,,,,,,,,,,,,,,,,,,,,,,,,,,,,,,,,,,,,,,,,,,,,,,,,,,,,,,,,,,,,,,,,,,,,,,,,,,,,,,,,,,,,,,,,,,,,,,,,,,,,,,,,,,,,,,,,,,,,,
S147,0.116,0.002,0.358,0.14,0.688,0.488,0.572,0.37,0.376,0.528,0.39,0.284,0.258,0.33,0.296,0.604,0.184,0.352,0.4,0.047,0.228,,,,,,,,,,,,,,,,,,,,,,,,,,,,,,,0.32,0.158,0.55,0.352,0.506,0.428,0.428,0.058,0.696,0.696,0.706,0.706,0.714,0.752,0.646,0.648,0.559,0.528,0.438,0.51,0.342,0.46,0.344,0.512,0.62,0.422,0.466,0.33,0.204,0.534,0.42,0.506,0.262,0.41,0.362,0.342,0.409,0.324,0.392,0.33,0.198,0.598,0.314,,,,,,,,,,,,,,,,,,,,,,,,,,,,,,,,,,,,,,,,,,,,,,,,,,,,,,,,,,,,,,,,,,,,,,,,,,,,,,,,,,,,,,,,,,,,,,,,,,,,,,,,,,,,,,,,,,,,,,,,,,,,,,,
C12,0.084,0.0,0.122,0.0,0.406,0.298,0.754,0.137,0.294,0.33,0.456,0.436,0.288,0.348,0.188,0.688,0.0,0.558,0.353,0.014,0.096,,,,,,,,,,,,,,,,,,,,,,,,,,,,,,,0.142,0.028,0.49,0.184,0.336,0.494,0.548,0.0,0.66,0.438,0.468,0.536,0.454,0.412,0.346,0.602,0.483,0.654,0.64,0.4,0.5,0.332,0.37,0.65,0.23,0.154,0.288,0.166,0.468,0.484,0.216,0.264,0.442,0.342,0.446,0.0,0.374,0.468,0.634,0.106,0.041,0.67,0.268,,,,,,,,,,,,,,,,,,,,,,,,,,,,,,,,,,,,,,,,,,,,,,,,,,,,,,,,,,,,,,,,,,,,,,,,,,,,,,,,,,,,,,,,,,,,,,,,,,,,,,,,,,,,,,,,,,,,,,,,,,,,,,,
C16,0.326,0.012,0.19,0.0,0.0,0.348,0.184,0.001,0.176,0.0,0.248,0.0,0.164,0.0,0.024,0.299,0.0,0.063,0.0,0.0,0.01,,,,,,,,,,,,,,,,,,,,,,,,,,,,,,,0.0,0.0,0.512,0.452,,0.368,0.256,0.0,0.436,0.244,0.19,0.02,0.084,0.136,0.056,0.138,0.31,0.494,0.01,0.372,,0.394,0.318,0.138,0.0,0.0,0.0,0.0,0.0,0.002,0.01,0.166,0.16,0.002,0.0,0.006,0.0,0.0,0.042,0.0,0.0,0.374,0.0,,,,,,,,,,,,,,,,,,,,,,,,,,,,,,,,,,,,,,,,,,,,,,,,,,,,,,,,,,,,,,,,,,,,,,,,,,,,,,,,,,,,,,,,,,,,,,,,,,,,,,,,,,,,,,,,,,,,,,,,,,,,,,,
C13,0.116,0.066,0.202,0.0,0.398,0.186,0.344,0.15,0.0,0.384,0.186,0.16,0.14,0.188,0.152,0.332,0.238,0.323,0.267,0.037,0.358,,,,,,,,,,,,,,,,,,,,,,,,,,,,,,,0.182,0.102,,0.142,0.3,0.134,0.17,0.032,0.442,0.27,0.242,0.264,0.404,0.278,0.242,0.198,0.305,0.296,0.246,0.35,0.214,0.258,0.29,0.172,0.18,0.19,0.0,0.166,0.248,0.238,0.268,0.316,0.304,0.258,0.284,0.188,0.173,0.232,0.174,0.178,0.018,0.196,0.186,,,,,,,,,,,,,,,,,,,,,,,,,,,,,,,,,,,,,,,,,,,,,,,,,,,,,,,,,,,,,,,,,,,,,,,,,,,,,,,,,,,,,,,,,,,,,,,,,,,,,,,,,,,,,,,,,,,,,,,,,,,,,,,
S149,0.042,0.0,0.31,0.02,0.18,0.458,0.292,0.048,0.15,0.294,0.112,0.0,0.0,0.0,0.0,0.484,0.08,0.198,0.031,0.0,0.314,,,,,,,,,,,,,,,,,,,,,,,,,,,,,,,0.044,0.21,0.444,0.13,0.172,0.42,0.446,0.084,0.36,0.0,0.202,0.088,0.274,0.114,0.034,0.198,0.271,0.292,0.248,0.38,0.422,0.04,0.182,0.348,0.142,0.186,0.106,0.114,0.024,0.004,0.27,0.222,0.07,0.278,0.138,0.182,0.19,0.02,0.18,0.206,0.281,0.706,0.154,,,,,,,,,,,,,,,,,,,,,,,,,,,,,,,,,,,,,,,,,,,,,,,,,,,,,,,,,,,,,,,,,,,,,,,,,,,,,,,,,,,,,,,,,,,,,,,,,,,,,,,,,,,,,,,,,,,,,,,,,,,,,,,
S150,0.048,0.0,,0.0,0.0,0.114,0.796,0.002,0.33,0.302,0.646,0.366,0.352,0.268,0.262,0.403,0.0,0.388,0.374,0.086,0.226,,,,,,,,,,,,,,,,,,,,,,,,,,,,,,,0.69,0.122,0.472,0.364,0.202,0.444,0.444,0.0,0.182,0.0,0.21,0.488,0.45,0.24,0.092,0.596,0.217,0.342,0.438,0.46,0.0,0.312,0.454,0.804,0.166,0.144,0.072,0.108,0.348,0.396,0.112,0.28,0.236,,0.62,0.554,0.476,0.598,0.494,0.368,0.241,0.704,0.338,,,,,,,,,,,,,,,,,,,,,,,,,,,,,,,,,,,,,,,,,,,,,,,,,,,,,,,,,,,,,,,,,,,,,,,,,,,,,,,,,,,,,,,,,,,,,,,,,,,,,,,,,,,,,,,,,,,,,,,,,,,,,,,
S151,0.098,0.0,0.398,0.0,0.096,0.126,0.754,0.035,0.144,0.262,0.652,0.646,0.164,0.334,0.204,0.707,0.05,0.525,0.362,0.123,0.33,,,,,,,,,,,,,,,,,,,,,,,,,,,,,,,0.0,0.148,,0.638,,,0.53,0.0,0.344,0.48,0.3,0.27,,0.456,0.128,0.422,0.29,0.372,0.114,0.714,0.308,,0.888,0.938,0.274,0.19,0.002,0.204,0.08,0.212,0.246,0.342,0.0,0.482,,0.3,0.0,0.318,0.542,0.2,0.215,0.744,0.338,,,,,,,,,,,,,,,,,,,,,,,,,,,,,,,,,,,,,,,,,,,,,,,,,,,,,,,,,,,,,,,,,,,,,,,,,,,,,,,,,,,,,,,,,,,,,,,,,,,,,,,,,,,,,,,,,,,,,,,,,,,,,,,
S153,0.228,0.096,0.332,0.0,0.201,0.214,0.528,0.186,0.162,0.41,0.648,0.424,0.32,0.0,0.083,0.341,0.201,0.142,0.165,0.0,0.258,,,,,,,,,,,,,,,,,,,,,,,,,,,,,,,0.326,0.35,0.594,0.364,0.396,0.36,0.378,0.0,0.492,0.464,0.288,0.362,0.374,0.418,0.462,0.238,0.479,0.578,0.614,0.458,0.49,0.61,0.42,0.424,0.0,0.384,0.22,0.228,0.312,0.08,0.272,0.268,0.49,0.188,0.228,0.248,0.254,0.168,0.246,0.138,0.021,0.59,0.14,,,,,,,,,,,,,,,,,,,,,,,,,,,,,,,,,,,,,,,,,,,,,,,,,,,,,,,,,,,,,,,,,,,,,,,,,,,,,,,,,,,,,,,,,,,,,,,,,,,,,,,,,,,,,,,,,,,,,,,,,,,,,,,
S154,0.152,,,,0.616,0.154,,,0.194,,,,,,,0.942,0.226,0.881,,0.027,,0.9,0.339,0.54,0.612,0.516,0.24,0.228,0.582,0.832,0.58,0.412,0.954,0.0,,,,,,,,,,,,,,,,,,,,,,,,,,,,,,,,,,,,,,,,,,,,,,,,0.884,,,,,,,,,,,,,0.57,0.692,0.766,0.942,0.22,0.862,0.594,0.544,0.196,0.762,0.954,0.604,0.792,0.608,0.37,0.934,0.566,0.818,0.5,0.042,0.762,0.662,0.644,0.862,,0.606,0.934,0.048,0.95,0.944,0.128,0.826,0.524,0.484,0.938,0.172,0.54,0.816,0.91,0.466,0.32,0.954,,,,,,,,,,,,,,,,,,,,,,,,,,,,,,,,,,,,,,,,,,,,,,,,,,,,,,,,,,,,,,,,,,,,,,,,,,,,,,,,,,,,,
S155,0.258,0.038,0.178,0.0,0.196,0.386,0.824,0.107,0.31,0.362,0.126,0.0,0.004,0.0,0.065,0.426,0.126,0.281,0.212,0.0,0.042,,,,,,,,,,,,,,,,,,,,,,,,,,,,,,,0.0,0.044,0.452,0.052,0.206,0.338,0.26,0.0,0.266,0.112,0.324,0.004,0.478,0.406,0.0,0.248,0.336,0.32,0.004,0.214,0.0,0.0,0.342,0.706,0.258,0.104,0.0,0.1,0.244,0.146,0.384,0.364,0.0,0.0,0.0,0.068,0.151,0.0,0.27,0.112,0.0,0.348,0.0,,,,,,,,,,,,,,,,,,,,,,,,,,,,,,,,,,,,,,,,,,,,,,,,,,,,,,,,,,,,,,,,,,,,,,,,,,,,,,,,,,,,,,,,,,,,,,,,,,,,,,,,,,,,,,,,,,,,,,,,,,,,,,,
C22,0.732,0.23,0.338,0.0,0.354,0.602,0.546,0.0,0.318,0.072,0.054,0.398,0.0,0.418,0.097,0.067,0.833,0.022,0.108,0.0,0.0,,,,,,,,,,,,,,,,,,,,,,,,,,,,,,,0.6,0.83,0.642,0.22,0.206,0.392,0.0,0.0,0.512,0.424,0.466,0.508,0.086,0.324,0.882,0.062,0.446,0.666,0.558,0.26,0.316,0.886,0.378,0.518,0.292,0.054,0.45,0.022,0.048,0.492,0.862,0.0,0.796,0.366,0.412,0.324,0.768,0.294,0.004,0.796,0.0,0.848,0.0,,,,,,,,,,,,,,,,,,,,,,,,,,,,,,,,,,,,,,,,,,,,,,,,,,,,,,,,,,,,,,,,,,,,,,,,,,,,,,,,,,,,,,,,,,,,,,,,,,,,,,,,,,,,,,,,,,,,,,,,,,,,,,,
C23,0.052,0.0,0.0,0.0,0.004,0.094,0.19,0.0,0.134,0.052,0.038,0.046,0.0,0.0,0.0,0.6,0.106,0.0,0.0,0.0,0.0,,,,,,,,,,,,,,,,,,,,,,,,,,,,,,,0.0,0.104,0.244,0.0,0.052,0.086,0.362,0.0,0.0,0.0,0.068,0.0,0.2,0.0,0.03,0.0,0.021,0.228,0.0,0.0,0.108,0.092,0.03,0.086,0.01,0.0,0.0,0.0,0.0,0.0,0.176,0.05,0.064,0.0,0.0,0.0,0.0,0.0,0.082,0.0,0.0,0.55,0.0,,,,,,,,,,,,,,,,,,,,,,,,,,,,,,,,,,,,,,,,,,,,,,,,,,,,,,,,,,,,,,,,,,,,,,,,,,,,,,,,,,,,,,,,,,,,,,,,,,,,,,,,,,,,,,,,,,,,,,,,,,,,,,,
C26,0.0,0.204,0.0,0.44,0.783,0.152,0.694,0.45,0.48,0.642,0.518,0.462,0.5,0.468,0.692,0.57,0.277,0.266,0.591,0.226,0.186,,,,,,,,,,,,,,,,,,,,,,,,,,,,,,,0.208,0.378,0.84,0.15,0.058,0.938,0.204,0.202,0.868,0.664,0.9,0.348,0.172,0.794,0.856,0.046,0.751,0.662,0.628,0.714,0.636,0.546,0.636,0.228,0.772,0.732,0.604,0.686,0.714,0.514,0.016,0.806,0.748,0.5,0.074,0.612,0.342,0.48,0.214,0.0,0.327,0.95,0.738,,,,,,,,,,,,,,,,,,,,,,,,,,,,,,,,,,,,,,,,,,,,,,,,,,,,,,,,,,,,,,,,,,,,,,,,,,,,,,,,,,,,,,,,,,,,,,,,,,,,,,,,,,,,,,,,,,,,,,,,,,,,,,,
C18,0.09,0.0,0.35,0.008,0.474,0.4,0.532,0.346,0.29,0.412,0.31,0.104,,0.156,0.223,0.604,0.275,0.154,0.356,0.087,0.536,,,,,,,,,,,,,,,,,,,,,,,,,,,,,,,0.166,0.2,0.632,0.428,0.484,0.466,0.4,0.0,0.55,0.438,0.542,0.198,0.664,0.542,0.358,0.406,0.479,0.504,0.284,0.542,0.432,0.416,0.416,0.504,0.408,0.416,0.036,0.3,0.136,0.194,0.424,0.464,0.332,0.22,0.204,0.056,0.137,0.112,0.386,0.356,0.172,0.584,0.422,,,,,,,,,,,,,,,,,,,,,,,,,,,,,,,,,,,,,,,,,,,,,,,,,,,,,,,,,,,,,,,,,,,,,,,,,,,,,,,,,,,,,,,,,,,,,,,,,,,,,,,,,,,,,,,,,,,,,,,,,,,,,,,
S158,0.052,0.0,0.22,0.122,0.454,0.164,0.384,0.097,0.892,0.0,0.17,0.0,0.0,0.0,0.0,0.281,0.0,0.077,0.439,0.0,0.0,,,,,,,,,,,,,,,,,,,,,,,,,,,,,,,0.024,0.014,0.506,0.248,0.312,0.0,0.292,0.0,0.0,0.0,0.284,0.0,0.102,0.0,0.0,0.124,0.07,0.312,0.0,0.0,0.046,0.076,0.126,0.366,0.362,0.07,0.0,0.0,0.074,0.046,0.254,0.0,0.126,0.0,0.024,0.014,0.002,0.014,0.0,0.0,0.0,0.348,0.0,,,,,,,,,,,,,,,,,,,,,,,,,,,,,,,,,,,,,,,,,,,,,,,,,,,,,,,,,,,,,,,,,,,,,,,,,,,,,,,,,,,,,,,,,,,,,,,,,,,,,,,,,,,,,,,,,,,,,,,,,,,,,,,
S159,0.278,0.178,0.286,0.0,0.203,0.28,0.158,0.11,0.422,0.49,0.0,0.188,0.954,0.232,0.199,0.364,0.24,0.464,0.253,0.326,0.266,,,,,,,,,,,,,,,,,,,,,,,,,,,,,,,0.248,0.012,0.916,0.342,0.544,0.398,0.146,0.002,0.424,0.01,0.29,0.19,0.768,0.462,0.028,0.424,0.301,0.214,0.002,0.268,0.588,0.064,0.166,0.544,0.15,0.29,0.108,0.046,0.0,0.102,0.028,0.272,0.0,0.3,0.232,0.032,0.146,0.124,0.0,0.196,0.049,0.3,0.292,,,,,,,,,,,,,,,,,,,,,,,,,,,,,,,,,,,,,,,,,,,,,,,,,,,,,,,,,,,,,,,,,,,,,,,,,,,,,,,,,,,,,,,,,,,,,,,,,,,,,,,,,,,,,,,,,,,,,,,,,,,,,,,
S160,0.0,0.0,0.0,0.0,0.005,0.0,0.0,0.0,0.0,0.0,0.0,0.01,0.024,0.0,0.0,0.0,0.0,0.0,0.0,0.0,0.0,,,,,,,,,,,,,,,,,,,,,,,,,,,,,,,0.006,0.0,0.02,0.0,0.0,0.0,0.0,0.0,0.0,0.0,0.046,0.0,0.0,0.0,0.0,0.0,0.0,0.064,0.032,0.0,0.012,0.0,0.0,0.076,0.01,0.0,0.008,0.0,0.0,0.01,0.012,0.0,0.032,0.0,0.024,0.0,0.0,0.0,0.0,0.0,0.0,0.166,0.0,,,,,,,,,,,,,,,,,,,,,,,,,,,,,,,,,,,,,,,,,,,,,,,,,,,,,,,,,,,,,,,,,,,,,,,,,,,,,,,,,,,,,,,,,,,,,,,,,,,,,,,,,,,,,,,,,,,,,,,,,,,,,,,
S161,0.152,0.0,0.264,0.0,0.458,0.166,0.562,0.269,0.286,0.468,0.354,0.304,0.166,0.194,0.219,0.473,0.095,0.348,0.264,0.109,0.146,,,,,,,,,,,,,,,,,,,,,,,,,,,,,,,0.178,0.004,0.44,0.144,0.186,0.206,0.4,0.0,0.524,0.336,0.548,0.374,0.38,0.31,0.368,0.508,0.45,0.472,0.66,0.454,0.466,0.316,0.472,0.448,0.336,0.196,0.39,0.146,0.338,0.246,0.092,0.16,0.5,0.244,0.132,0.302,0.268,0.262,0.274,0.0,0.0,0.578,0.222,,,,,,,,,,,,,,,,,,,,,,,,,,,,,,,,,,,,,,,,,,,,,,,,,,,,,,,,,,,,,,,,,,,,,,,,,,,,,,,,,,,,,,,,,,,,,,,,,,,,,,,,,,,,,,,,,,,,,,,,,,,,,,,
S163,0.018,0.0,0.404,0.45,0.746,0.628,0.774,0.417,0.41,0.61,0.376,0.258,0.488,0.342,0.438,0.529,0.057,0.379,0.355,0.0,0.338,,,,,,,,,,,,,,,,,,,,,,,,,,,,,,,0.322,0.07,0.916,0.8,0.592,,0.44,0.0,0.876,0.696,0.624,0.528,0.77,0.712,0.776,0.692,0.742,0.736,0.666,0.826,0.716,0.7,0.68,0.71,0.58,0.62,0.574,0.502,0.386,0.552,0.402,0.736,0.596,0.254,0.282,0.27,0.303,0.344,0.386,0.156,0.0,0.812,0.382,,,,,,,,,,,,,,,,,,,,,,,,,,,,,,,,,,,,,,,,,,,,,,,,,,,,,,,,,,,,,,,,,,,,,,,,,,,,,,,,,,,,,,,,,,,,,,,,,,,,,,,,,,,,,,,,,,,,,,,,,,,,,,,
C31,0.006,0.0,0.564,0.75,0.64,0.0,0.632,0.0,0.676,0.0,0.056,0.322,0.0,0.426,0.25,0.0,0.119,0.0,0.153,0.082,0.0,,,,,,,,,,,,,,,,,,,,,,,,,,,,,,,0.342,0.046,0.078,0.082,0.114,0.05,0.028,0.068,0.72,0.484,0.668,0.536,0.508,0.534,0.458,0.424,0.077,0.668,0.454,0.0,0.0,0.0,0.028,0.248,0.682,0.0,0.35,0.208,0.0,0.664,0.638,0.044,0.09,0.386,0.364,0.336,0.363,0.33,0.294,0.016,0.038,0.336,0.0,,,,,,,,,,,,,,,,,,,,,,,,,,,,,,,,,,,,,,,,,,,,,,,,,,,,,,,,,,,,,,,,,,,,,,,,,,,,,,,,,,,,,,,,,,,,,,,,,,,,,,,,,,,,,,,,,,,,,,,,,,,,,,,
S165,0.0,0.0,0.318,0.17,0.295,0.846,0.372,0.273,0.0,0.184,0.546,0.35,0.394,0.07,0.059,0.437,0.263,0.294,0.071,0.11,0.44,,,,,,,,,,,,,,,,,,,,,,,,,,,,,,,0.25,0.17,0.902,0.512,0.77,0.47,0.244,0.306,0.858,0.432,0.336,0.39,0.3,0.314,0.344,0.452,0.875,0.86,0.842,0.898,0.864,0.854,0.836,0.316,0.26,0.084,0.178,0.232,0.156,0.312,0.228,0.388,0.312,0.298,0.228,0.284,0.317,0.334,0.48,0.278,0.168,0.454,0.346,,,,,,,,,,,,,,,,,,,,,,,,,,,,,,,,,,,,,,,,,,,,,,,,,,,,,,,,,,,,,,,,,,,,,,,,,,,,,,,,,,,,,,,,,,,,,,,,,,,,,,,,,,,,,,,,,,,,,,,,,,,,,,,
S166,0.142,0.204,0.344,0.046,0.606,0.67,0.206,,,0.524,0.0,0.524,0.33,0.312,0.218,0.418,0.048,0.398,0.343,0.539,0.0,,,,,,,,,,,,,,,,,,,,,,,,,,,,,,,0.27,0.288,0.47,0.256,0.442,0.0,0.208,0.002,,0.112,0.6,0.39,0.454,0.316,0.066,0.544,0.411,0.38,0.064,0.642,0.188,0.082,0.236,0.346,0.566,0.338,0.262,0.134,0.0,0.398,0.226,0.37,0.0,0.262,0.166,0.088,0.304,0.472,0.0,0.126,0.012,0.346,0.556,,,,,,,,,,,,,,,,,,,,,,,,,,,,,,,,,,,,,,,,,,,,,,,,,,,,,,,,,,,,,,,,,,,,,,,,,,,,,,,,,,,,,,,,,,,,,,,,,,,,,,,,,,,,,,,,,,,,,,,,,,,,,,,
S585,0.084,0.0,0.348,0.3,0.446,0.548,0.538,0.223,0.238,0.24,0.174,0.154,0.13,0.112,0.145,0.53,0.146,0.168,0.163,0.0,0.09,,,,,,,,,,,,,,,,,,,,,,,,,,,,,,,0.154,0.072,0.6,0.32,0.344,0.376,0.456,0.0,0.758,0.47,0.486,0.306,0.438,0.37,0.392,0.212,0.575,0.664,0.366,0.542,0.61,0.562,0.344,0.306,0.348,0.31,0.152,0.092,0.006,0.294,0.362,0.0,0.346,0.024,0.056,0.016,0.123,0.1,0.0,0.076,0.0,0.614,0.256,,,,,,,,,,,,,,,,,,,,,,,,,,,,,,,,,,,,,,,,,,,,,,,,,,,,,,,,,,,,,,,,,,,,,,,,,,,,,,,,,,,,,,,,,,,,,,,,,,,,,,,,,,,,,,,,,,,,,,,,,,,,,,,
S173,0.214,,,,0.209,0.342,,,0.234,,,,,,,0.273,0.191,0.221,,0.054,,0.238,0.33,0.14,0.184,0.438,0.62,0.096,0.128,0.71,0.224,0.092,0.792,,,,,,,,,,,,,,,,,,,,,,,,,,,,,,,,,,,,,,,,,,,,,,,,,0.954,,,,,,,,,,,,,0.798,0.372,0.478,0.92,0.398,0.738,0.654,0.6,0.948,0.21,0.954,0.33,0.656,0.578,0.73,0.74,0.732,,0.626,0.394,0.35,0.678,,0.644,0.896,0.954,0.954,0.924,0.784,0.788,,0.856,0.224,0.0,0.9,0.954,0.036,,0.856,0.954,0.93,,,,,,,,,,,,,,,,,,,,,,,,,,,,,,,,,,,,,,,,,,,,,,,,,,,,,,,,,,,,,,,,,,,,,,,,,,,,,,,,,,,,,,
S174,0.078,,,,0.276,0.35,,,0.198,,,,,,,0.397,0.13,0.191,,0.0,,0.236,0.231,0.06,0.176,0.118,0.612,0.112,0.0,0.542,0.38,0.046,0.736,,,,,,,,,,,,,,,,,,,,,,,,,,,,,,,,,,,,,,,,,,,,,,,,,0.954,,,,,,,,,,,,,0.428,0.354,0.62,0.792,0.266,0.708,0.666,0.676,0.26,0.274,0.914,0.33,0.258,0.638,0.776,0.72,0.774,0.274,0.438,0.074,0.358,0.288,0.23,0.756,0.788,0.934,0.954,0.876,0.852,0.848,0.156,0.884,0.316,0.028,0.854,0.716,0.156,0.366,0.878,0.912,0.872,,,,,,,,,,,,,,,,,,,,,,,,,,,,,,,,,,,,,,,,,,,,,,,,,,,,,,,,,,,,,,,,,,,,,,,,,,,,,,,,,,,,,,
C35,0.0,,0.0,,0.091,0.254,,,0.178,,,,,,,0.086,0.395,0.077,0.137,0.086,,0.028,0.153,0.142,0.042,,0.68,0.106,,,0.468,0.0,0.954,,,,,0.136,,,0.056,0.018,0.206,0.188,0.088,0.0,,,,,,,,,,,,,,,,,,,,,,,,,,,,,,,,,,,,0.37,,,,,,,,,,,,,0.084,0.51,0.172,0.822,,,,0.948,0.07,,,0.77,,,0.128,0.638,0.866,,,,0.776,0.75,,,,,,,,,,,,,,0.616,,0.926,0.826,,0.114,,,,,,,,,,,,,,,,,,,,,,,,,,,,,,,,,,,,,,,,,,0.064,0.08,0.328,0.188,0.19,0.332,0.094,0.088,0.146,0.726,0.22,0.178,0.754,0.0,0.358,0.524,0.13,0.628,0.55,0.428,0.634,,,,,,,,,,,,,,,,,,,,,,,,
S175,,,,,,,,,,,,,,,,,,,,,,,,0.074,,,,0.086,,,,,,,,,,,,,,,,,,,,,,,,,,,,,,,,,,,,,,,,,,,,,,,,,,,,,,,,,,,,,,,,,,,,,0.128,,,,,,,,,,,,,,,,,,,,,,,,,,,,,,,,,,,,,,,,,,,,,,,,,,,,,,,,,,,,,,,,,,,,,,,,,,,,,,,,,,,,,,,,,,,,,,,,,,,,,,,,,,,,,,,,,,,,,,,,,,,,
S180,0.252,,0.416,,0.451,0.448,,,0.366,,,,,,,0.585,0.366,0.311,0.301,0.102,,0.292,0.284,0.15,0.206,,0.372,0.88,,,0.27,0.214,0.592,,,,,0.338,,,0.02,0.334,0.486,0.344,0.272,0.006,,,,,,,,,,,,,,,,,,,,,,,,,,,,,,,,,,,,0.452,,,,,,,,,,,,,0.356,0.404,0.186,0.59,,,,0.718,0.506,,,0.32,,,0.902,0.104,0.338,,,,0.202,0.3,,,,,,,,,,,,,,0.486,,0.884,0.436,,0.05,,,,,,,,,,,,,,,,,,,,,,,,,,,,,,,,,,,,,,,,,,0.71,0.026,0.936,0.4,0.718,0.954,0.758,0.562,0.414,0.288,0.404,0.408,0.196,0.532,0.656,0.954,0.0,0.196,0.64,0.358,0.334,,,,,,,,,,,,,,,,,,,,,,,,
S181,0.218,,0.408,,0.599,0.33,,,0.434,,,,,,,0.226,0.499,0.229,0.269,0.028,,0.38,0.446,0.438,0.382,,0.472,0.372,,,0.756,0.244,0.476,,,,,0.244,,,0.234,0.792,0.444,0.458,0.224,0.082,,,,,,,,,,,,,,,,,,,,,,,,,,,,,,,,,,,,0.546,,,,,,,,,,,,,0.522,0.592,0.278,0.612,,,,0.562,0.516,,,0.824,,,0.628,0.834,0.38,,,,0.848,0.832,,,,,,,,,,,,,,0.862,,0.594,0.458,,0.246,,,,,,,,,,,,,,,,,,,,,,,,,,,,,,,,,,,,,,,,,,0.358,0.562,0.596,0.402,0.374,0.458,0.096,0.594,0.528,0.84,0.52,0.152,0.708,0.684,0.686,0.862,0.58,0.806,0.74,0.66,0.806,,,,,,,,,,,,,,,,,,,,,,,,
S182,0.136,,0.11,,0.01,0.034,,,0.168,,,,,,,0.071,0.052,0.078,0.0,0.0,,0.0,0.074,0.046,0.0,,0.42,0.0,,,0.722,0.0,0.682,,,,,0.446,,,0.0,0.066,0.198,0.052,0.0,0.0,,,,,,,,,,,,,,,,,,,,,,,,,,,,,,,,,,,,0.038,,,,,,,,,,,,,0.0,0.412,0.06,0.574,,,,0.846,0.358,,,0.496,,,0.24,0.66,0.666,,,,0.508,0.474,,,,,,,,,,,,,,0.676,,0.53,0.462,,0.188,,,,,,,,,,,,,,,,,,,,,,,,,,,,,,,,,,,,,,,,,,0.088,0.0,0.244,0.084,0.0,0.0,0.454,0.268,0.522,0.782,0.258,0.248,0.416,0.0,0.298,0.668,0.452,0.698,0.124,0.65,0.748,,,,,,,,,,,,,,,,,,,,,,,,
S184,0.173,,,,0.563,0.419,,,0.471,,,,,,,0.534666666666667,0.258,0.43,,0.0,,0.52,0.343,0.104,0.364,0.274,0.695,0.047,0.087,0.241,0.447,0.203,0.407,,,,,,,,,,,,,,,,,,,,,,,,,,,,,,,,,,,,,,,,,,,,,,,,,,,,,,,,,,,,,,0.748,,0.954,0.954,0.088,0.954,0.752,0.728,0.502,,0.824,,0.106,0.28,0.954,0.954,0.954,0.076,,0.076,0.56,0.63,0.582,0.624,0.954,0.732,0.44,0.0,0.314,,0.076,0.0,0.0,0.042,0.612,0.312,0.954,0.684,0.0,0.676,0.0,,,,,,,,,,,,,,,,,,,,,,,,,,,,,,,,,,,,,,,,,,,,,,,,,,,,,,,,,,,,,,,,,,,,,,,,,,,,,,,,,,,,,,
C88,0.522,,,,0.925,0.406,,,0.666,,,,,,,0.737,0.733,0.744,,0.422,,0.728,0.731,0.674,0.7,0.31,0.726,0.004,0.558,0.0,0.954,0.364,0.322,,,,,,,,,,,,,,,,,,,,,,,,,,,,,,,,,,,,,,,,,,,,,,,,,0.942,,,,,,,,,,,,,0.954,0.8,0.0,0.954,0.374,0.312,0.954,0.954,0.262,0.554,0.62,,0.366,0.938,0.0,0.174,0.008,0.954,0.714,0.954,,0.954,0.954,0.918,0.212,0.134,0.56,0.812,0.578,0.77,,0.954,0.592,0.476,0.954,0.206,0.0,,0.954,0.954,0.452,,,,,,,,,,,,,,,,,,,,,,,,,,,,,,,,,,,,,,,,,,,,,,,,,,,,,,,,,,,,,,,,,,,,,,,,,,,,,,,,,,,,,,
S185,0.002,,0.0,,0.219,0.0,,,0.386,,,,,,,0.368,0.144,0.0,0.132,0.0,,0.0,0.196,0.118,0.0,,0.294,0.042,,,0.0,0.0,0.84,,,,,0.426,,,0.0,0.068,0.046,0.423,0.0,0.0,,,,,,,,,,,,,,,,,,,,,,,,,,,,,,,,,,,,0.118,,,,,,,,,,,,,0.062,0.0,0.35,0.918,,,,0.954,0.0,,,0.39,,,0.298,0.032,0.902,,,,0.364,0.272,,,,,,,,,,,,,,0.266,,0.944,0.934,,0.126,,,,,,,,,,,,,,,,,,,,,,,,,,,,,,,,,,,,,,,,,,0.04,0.0,0.232,0.158,0.096,0.0,0.02,0.0,0.72,0.53,0.158,0.118,0.362,0.106,0.0,0.0,0.612,0.648,0.0,0.0,0.412,,,,,,,,,,,,,,,,,,,,,,,,
C41,0.0,,0.144,,0.228,0.27,,,0.314,,,,,,,0.435,0.133,0.079,0.064,0.052,,0.09,0.167,0.02,0.084,,0.288,0.0,,,0.314,0.056,0.236,,,,,0.45,,,0.0,0.12,0.174,0.207,0.06,0.0,,,,,,,,,,,,,,,,,,,,,,,,,,,,,,,,,,,,0.132,,,,,,,,,,,,,0.276,0.202,0.054,0.254,,,,0.502,0.244,,,0.262,,,0.508,0.268,0.274,,,,0.382,0.31,,,,,,,,,,,,,,0.564,,0.322,0.326,,0.32,,,,,,,,,,,,,,,,,,,,,,,,,,,,,,,,,,,,,,,,,,0.138,0.226,0.148,0.192,0.438,0.03,0.184,0.118,0.366,0.486,0.494,0.246,0.346,0.486,0.262,0.242,0.222,0.232,0.488,0.066,0.462,,,,,,,,,,,,,,,,,,,,,,,,
S186,0.418,,0.048,,0.348,0.166,,,0.09,,,,,,,0.412,0.677,0.072,0.437,0.848,,0.444,0.368,0.341,0.236,,0.532,0.058,,,0.0,0.828,0.0,,,,,0.0,,,0.458,0.862,0.516,0.658,0.954,0.04,,,,,,,,,,,,,,,,,,,,,,,,,,,,,,,,,,,,0.664,,,,,,,,,,,,,0.366,0.62,0.458,0.072,,,,0.784,0.256,,,0.57,,,0.26,0.12,0.066,,,,0.18,0.614,,,,,,,,,,,,,,0.41,,0.558,0.312,,0.862,,,,,,,,,,,,,,,,,,,,,,,,,,,,,,,,,,,,,,,,,,0.274,,0.0,,0.5,0.338,0.152,0.166,0.488,0.0,0.196,0.168,0.208,0.0,0.954,0.204,0.0,0.95,0.57,0.14,0.158,,,,,,,,,,,,,,,,,,,,,,,,
S187,0.11,,0.296,,0.233,0.392,,,0.258,,,,,,,0.073,0.559,0.187,0.092,0.033,,0.06,0.26,0.363,0.13,,0.704,0.002,,,0.914,0.0,0.432,,,,,0.354,,,0.021,0.11,0.064,0.431,0.072,0.0,,,,,,,,,,,,,,,,,,,,,,,,,,,,,,,,,,,,0.708,,,,,,,,,,,,,0.712,0.674,0.384,0.482,,,,0.788,0.834,,,0.864,,,0.58,0.952,0.558,,,,0.892,0.852,,,,,,,,,,,,,,0.954,,0.696,0.366,,0.23,,,,,,,,,,,,,,,,,,,,,,,,,,,,,,,,,,,,,,,,,,,0.54,0.102,0.596,0.368,0.566,0.22,0.494,0.322,0.944,0.488,0.546,0.884,,0.574,0.922,0.56,0.95,0.954,0.736,0.954,,,,,,,,,,,,,,,,,,,,,,,,
S188,0.042,,,,0.617,0.53,,,0.328,,,,,,,0.908,0.155,0.341,0.453,0.048,,0.598,0.264,0.552,0.062,,0.604,0.245,,,0.702,0.474,0.314,,,,,0.688,,,0.265,0.654,0.448,0.474,0.354,0.0,,,,,,,,,,,,,,,,,,,,,,,,,,,,,,,,,,,,0.536,,,,,,,,,,,,,0.37,0.678,0.526,0.55,,,,0.78,0.774,,,0.684,,,0.502,0.914,0.358,,,,0.774,0.848,,,,,,,,,,,,,,0.928,,0.234,0.386,,0.654,,,,,,,,,,,,,,,,,,,,,,,,,,,,,,,,,,,,,,,,,,0.212,0.704,0.578,0.512,0.936,0.374,0.558,0.668,0.732,0.856,0.494,0.468,0.726,0.886,0.952,0.918,0.622,0.884,0.722,0.708,0.872,,,,,,,,,,,,,,,,,,,,,,,,
S190,0.174,,0.36,,0.638,0.618,,,0.364,,,,,,,0.773,0.15,0.476,0.377,0.007,,0.518,0.313,0.406,0.2,,0.434,0.098,,,0.616,0.222,0.254,,,,,0.52,,,0.085,0.408,,0.482,0.142,0.022,,,,,,,,,,,,,,,,,,,,,,,,,,,,,,,,,,,,0.478,,,,,,,,,,,,,0.186,0.822,0.444,0.392,,,,0.668,0.318,,,0.634,,,0.81,0.79,0.37,,,,0.68,0.632,,,,,,,,,,,,,,0.798,,0.314,0.25,,0.16,,,,,,,,,,,,,,,,,,,,,,,,,,,,,,,,,,,,,,,,,,0.226,0.564,0.628,0.0,0.514,0.11,0.356,0.456,0.706,0.61,0.358,0.458,,0.712,0.86,0.58,0.568,0.646,0.702,0.318,0.88,,,,,,,,,,,,,,,,,,,,,,,,
S191,,,,,,,,,,,,,,,,,,,,,,,,,,0.018,,,,,,,0.934,0.218,,,,,,,,,,,,,,,,,,,,,,,,,,,,,,,,,,,,,,,,,,,,,,,,,,,,,,,,,,,,,,,,,,,,,,,0.954,,,,,,,,,,,,,,,,,,,,,,,,,,,,,,,0.59,,,,,,,,,,,,,,,,,,,,,,,,,,,,,,,,,,,,,,,,,,,,,,,,,,,,,,,,,,,,,,,,,,,,,,,,,,,,,,,,,,,,,
S193,0.094,,0.018,,0.022,0.182,,,0.126,,,,,,,0.695,0.05,0.196,0.127,0.046,,0.334,0.236,0.096,0.076,,0.318,0.111,,,0.08,0.066,0.776,,,,,0.55,,,0.068,0.0,0.292,0.303,0.126,0.0,,,,,,,,,,,,,,,,,,,,,,,,,,,,,,,,,,,,0.188,,,,,,,,,,,,,0.182,0.31,0.338,0.878,,,,0.954,0.236,,,0.394,,,0.58,0.448,0.872,,,,0.49,0.526,,,,,,,,,,,,,,0.578,,0.892,0.936,,0.214,,,,,,,,,,,,,,,,,,,,,,,,,,,,,,,,,,,,,,,,,,0.136,0.092,0.118,0.182,0.612,0.048,0.382,0.11,0.488,0.474,0.394,0.01,0.202,0.632,0.28,0.248,0.266,0.388,0.636,0.142,0.528,,,,,,,,,,,,,,,,,,,,,,,,
S195,0.092,,0.074,,0.142,0.192,,,0.136,,,,,,,0.835,0.042,0.386,0.542,0.0,,0.538,0.128,0.223,0.396,,0.27,0.193,,,0.584,0.42,0.788,,,,,0.322,,,0.0,0.422,0.514,0.289,0.072,0.0,,,,,,,,,,,,,,,,,,,,,,,,,,,,,,,,,,,,0.194,,,,,,,,,,,,,0.32,0.546,0.444,0.858,,,,0.954,0.462,,,0.528,,,0.954,0.724,0.854,,,,0.58,0.526,,,,,,,,,,,,,,0.954,,0.87,0.95,,0.366,,,,,,,,,,,,,,,,,,,,,,,,,,,,,,,,,,,,,,,,,,0.13,0.184,0.116,0.126,0.932,0.16,0.412,0.304,0.514,0.706,0.914,0.228,0.514,0.954,0.456,0.764,0.41,0.858,0.954,0.646,0.738,,,,,,,,,,,,,,,,,,,,,,,,
S196,0.092,,0.47,,0.049,0.0,,,0.232,,,,,,,0.553,0.093,0.146,0.108,0.0,,0.262,0.059,0.126,0.0,,0.44,0.194,,,0.56,0.104,0.712,,,,,0.562,,,0.012,0.064,0.254,0.287,0.14,0.0,,,,,,,,,,,,,,,,,,,,,,,,,,,,,,,,,,,,0.33,,,,,,,,,,,,,0.082,0.428,0.348,0.574,,,,0.81,0.154,,,0.72,,,0.472,0.726,0.48,,,,0.654,0.57,,,,,,,,,,,,,,0.738,,0.522,0.354,,0.204,,,,,,,,,,,,,,,,,,,,,,,,,,,,,,,,,,,,,,,,,,0.072,0.066,0.156,0.272,0.284,0.072,0.176,0.144,0.504,0.73,0.284,0.184,0.65,0.456,0.468,0.622,0.0,0.55,0.534,0.352,0.86,,,,,,,,,,,,,,,,,,,,,,,,
S197,0.038,,0.364,,0.696,0.688,,,0.516,,,,,,,0.726,0.315,0.275,0.273,0.074,,0.57,0.469,0.019,0.212,,0.52,0.0,,,0.674,0.0,0.086,,,,,0.364,,,0.0,0.19,0.214,0.825,0.108,0.0,,,,,,,,,,,,,,,,,,,,,,,,,,,,,,,,,,,,0.182,,,,,,,,,,,,,0.688,0.378,0.038,0.534,,,,0.608,0.876,,,0.804,,,0.632,0.77,0.202,,,,0.938,0.892,,,,,,,,,,,,,,0.854,,0.094,0.154,,0.082,,,,,,,,,,,,,,,,,,,,,,,,,,,,,,,,,,,,,,,,,,0.62,0.62,0.532,0.88,0.734,0.0,0.94,0.25,0.476,0.398,0.652,0.316,,0.71,0.798,0.944,0.604,0.75,0.576,0.416,0.862,,,,,,,,,,,,,,,,,,,,,,,,
S198,0.12,,0.13,,0.186,0.274,,,0.33,,,,,,,0.555,0.051,0.418,0.187,0.017,,0.308,0.243,0.075,0.166,,0.37,0.283,,,0.29,0.172,0.934,,,,,0.382,,,0.084,0.124,0.514,0.291,0.17,0.0,,,,,,,,,,,,,,,,,,,,,,,,,,,,,,,,,,,,0.326,,,,,,,,,,,,,0.384,0.42,0.318,0.932,,,,0.948,0.38,,,0.688,,,0.61,0.528,0.898,,,,0.718,0.774,,,,,,,,,,,,,,0.618,,0.908,0.946,,0.232,,,,,,,,,,,,,,,,,,,,,,,,,,,,,,,,,,,,,,,,,,0.148,0.18,0.76,0.318,0.528,0.346,0.428,0.28,0.356,0.448,0.588,0.062,0.574,0.516,0.494,0.268,0.35,0.574,0.584,0.324,0.564,,,,,,,,,,,,,,,,,,,,,,,,
S199,0.2,,0.294,,0.276,0.344,,,0.194,,,,,,,0.45,0.013,0.121,0.079,0.0,,0.252,0.189,0.157,0.044,,0.364,0.123,,,0.382,0.098,0.178,,,,,0.498,,,0.008,0.244,0.236,0.357,0.026,0.0,,,,,,,,,,,,,,,,,,,,,,,,,,,,,,,,,,,,0.142,,,,,,,,,,,,,0.108,0.292,0.138,0.374,,,,0.302,0.186,,,0.316,,,0.4,0.14,0.294,,,,0.386,0.358,,,,,,,,,,,,,,0.1,,0.178,0.134,,0.048,,,,,,,,,,,,,,,,,,,,,,,,,,,,,,,,,,,,,,,,,,0.226,0.308,0.596,0.106,0.17,0.26,0.08,0.366,0.282,0.274,0.59,0.182,0.522,0.542,0.454,0.616,0.028,0.22,0.476,0.2,0.348,,,,,,,,,,,,,,,,,,,,,,,,
S200,0.246,,0.198,,0.053,0.0,,,0.098,,,,,,,0.308,0.227,0.111,0.034,0.0,,0.252,0.226,0.462,0.16,,0.608,0.1,,,0.76,0.034,0.718,,,,,0.632,,,0.099,0.262,0.064,0.428,0.036,0.0,,,,,,,,,,,,,,,,,,,,,,,,,,,,,,,,,,,,0.55,,,,,,,,,,,,,0.426,0.532,0.482,0.858,,,,0.926,0.542,,,0.822,,,0.766,0.744,0.676,,,,0.872,0.78,,,,,,,,,,,,,,0.794,,0.844,0.716,,0.194,,,,,,,,,,,,,,,,,,,,,,,,,,,,,,,,,,,,,,,,,,0.292,0.154,0.228,0.334,0.228,0.446,0.172,0.38,0.688,0.836,0.648,0.518,0.81,0.858,0.512,0.712,0.348,0.794,0.696,0.498,0.81,,,,,,,,,,,,,,,,,,,,,,,,
S201,0.102,,,,0.357,0.448,,,0.138,,,,,,,0.37,0.233,0.231,,0.088,,0.34,0.236,0.298,0.31,0.238,0.52,0.128,0.066,0.866,0.58,0.226,0.64,0.0,,,,,,,,,,,,,,,,,,,,,,,,,,,,,,,,,,,,,,,,,,,,,,,,0.94,,,,,,,,,,,,,0.552,0.5,0.738,0.72,0.336,0.758,0.76,0.72,0.17,0.392,0.722,0.404,0.52,0.784,0.786,0.914,0.666,0.5,0.468,0.074,0.64,0.392,0.356,0.814,0.706,0.896,0.954,0.688,0.836,0.802,0.432,0.84,0.4,0.294,0.918,0.824,0.344,0.552,0.88,0.856,0.736,0.778,,,,,,,,,,,,,,,,,,,,,,,,,,,,,,,,,,,,,,,,,,,,,,,,,,,,,,,,,,,,,,,,,,,,,,,,,,,,,,,,,,,,,
S202,0.036,,,,0.702,0.39,,,0.146,,,,,,,0.0,0.101,0.199,,0.022,,0.462,0.166,0.31,0.52,0.174,0.302,0.106,0.0,0.672,0.806,0.046,0.0,0.0,,,,,,,,,,,,,,,,,,,,,,,,,,,,,,,,,,,,,,,,,,,,,,,,0.89,,,,,,,,,,,,,0.79,0.23,0.642,0.858,0.39,0.762,0.696,0.752,0.728,0.666,0.18,0.814,0.752,0.778,0.574,0.62,0.67,0.912,0.318,0.238,0.886,0.724,0.498,0.86,0.542,0.546,0.886,0.056,0.776,0.826,0.314,0.826,0.56,0.108,0.912,0.848,0.624,0.714,0.928,0.0,0.23,0.0,,,,,,,,,,,,,,,,,,,,,,,,,,,,,,,,,,,,,,,,,,,,,,,,,,,,,,,,,,,,,,,,,,,,,,,,,,,,,,,,,,,,,
C160,0.022,,,,0.788,0.238,,,0.262,,,,,,,0.358,0.287,0.146,,0.0,,0.278,0.15,0.25,0.66,0.38,0.342,0.0,0.0,0.732,0.802,0.27,0.044,0.0,,,,,,,,,,,,,,,,,,,,,,,,,,,,,,,,,,,,,,,,,,,,,,,,0.926,,,,,,,,,,,,,,0.49,0.804,0.898,0.482,0.826,0.652,0.772,0.412,0.674,0.334,0.662,0.846,0.664,0.486,0.906,0.754,0.854,0.512,0.24,0.852,0.644,0.598,0.938,0.534,0.668,0.918,0.284,0.906,0.898,0.51,0.882,0.574,0.322,0.93,0.408,0.606,0.904,0.938,0.46,0.256,0.0,,,,,,,,,,,,,,,,,,,,,,,,,,,,,,,,,,,,,,,,,,,,,,,,,,,,,,,,,,,,,,,,,,,,,,,,,,,,,,,,,,,,,
C164,0.012,,,,0.723,0.192,,,0.482,,,,,,,0.417,0.308,0.245,,0.0,,0.44,0.24,0.272,0.64,0.194,0.242,0.0,0.0,0.63,0.684,0.0,0.092,0.0,,,,,,,,,,,,,,,,,,,,,,,,,,,,,,,,,,,,,,,,,,,,,,,,0.718,,,,,,,,,,,,,0.834,0.522,0.768,0.764,0.358,0.7,0.486,0.626,0.848,0.764,0.188,0.812,0.64,0.672,0.65,0.874,0.476,0.936,0.204,0.15,0.848,0.702,0.856,0.818,0.558,0.61,0.888,0.366,0.892,0.756,0.248,0.766,0.482,0.0,0.864,0.604,0.454,0.954,0.822,0.766,0.44,0.07,,,,,,,,,,,,,,,,,,,,,,,,,,,,,,,,,,,,,,,,,,,,,,,,,,,,,,,,,,,,,,,,,,,,,,,,,,,,,,,,,,,,,
S210,0.374,,0.302,,0.176,0.236,,,0.078,,,,,,,0.586,0.168,0.078,0.211,0.085,,0.624,0.408,0.218,0.306,,0.436,0.088,,,0.48,0.028,0.096,,,,,0.31,,,0.126,0.15,0.172,0.408,0.338,0.0,,,,,,,,,,,,,,,,,,,,,,,,,,,,,,,,,,,,0.366,,,,,,,,,,,,,0.322,0.508,0.358,0.726,,,,0.608,0.254,,,0.594,,,0.588,0.484,0.43,,,,0.624,0.642,,,,,,,,,,,,,,0.66,,0.358,0.54,,0.158,,,,,,,,,,,,,,,,,,,,,,,,,,,,,,,,,,,,,,,,,,0.098,0.278,0.282,0.216,0.456,0.066,0.202,0.46,0.722,0.77,0.502,0.202,0.7,0.648,0.686,0.472,0.568,0.616,0.632,0.294,0.604,,,,,,,,,,,,,,,,,,,,,,,,
S211,0.184,,0.214,,0.111,0.332,,,0.196,,,,,,,0.503,0.105,0.052,0.0,0.034,,0.04,0.225,0.108,0.082,,0.36,0.0,,,0.168,0.0,0.394,,,,,0.188,,,0.034,0.018,0.088,0.113,0.02,0.0,,,,,,,,,,,,,,,,,,,,,,,,,,,,,,,,,,,,0.044,,,,,,,,,,,,,0.214,0.146,0.256,0.43,,,,0.5,0.274,,,0.686,,,0.51,0.148,0.502,,,,0.656,0.6,,,,,,,,,,,,,,0.578,,0.344,0.348,,0.126,,,,,,,,,,,,,,,,,,,,,,,,,,,,,,,,,,,,,,,,,,0.312,0.214,0.254,0.316,0.458,0.048,0.374,0.122,0.358,0.326,0.356,0.288,0.634,0.558,0.124,0.18,0.088,0.29,0.346,0.162,0.376,,,,,,,,,,,,,,,,,,,,,,,,
S212,0.138,,0.3,,0.755,0.602,,,0.29,,,,,,,0.508,0.351,0.294,0.368,0.0,,0.436,0.194,0.332,0.184,,0.534,0.038,,,0.852,0.168,0.19,,,,,0.332,,,0.0,0.304,0.562,0.584,0.066,0.0,,,,,,,,,,,,,,,,,,,,,,,,,,,,,,,,,,,,0.422,,,,,,,,,,,,,0.128,0.486,0.408,0.654,,,,0.52,0.348,,,0.656,,,0.322,0.856,0.408,,,,0.59,0.582,,,,,,,,,,,,,,0.88,,0.328,0.342,,0.242,,,,,,,,,,,,,,,,,,,,,,,,,,,,,,,,,,,,,,,,,,0.074,0.542,0.502,0.376,0.366,0.136,0.808,0.312,0.486,0.674,0.31,0.186,0.784,0.494,0.78,0.79,0.59,0.802,0.46,0.392,0.896,,,,,,,,,,,,,,,,,,,,,,,,
S213,0.112,,0.39,,0.41,0.404,,,0.37,,,,,,,0.826,0.146,0.614,0.56,0.111,,0.56,0.25,0.393,0.242,,0.264,0.294,,,0.498,0.386,0.916,,,,,0.28,,,0.062,0.206,0.698,0.192,0.114,0.0,,,,,,,,,,,,,,,,,,,,,,,,,,,,,,,,,,,,0.138,,,,,,,,,,,,,0.184,0.57,0.424,0.764,,,,0.954,0.71,,,0.548,,,0.706,0.622,0.856,,,,0.46,0.93,,,,,,,,,,,,,,0.774,,0.924,0.954,,0.3,,,,,,,,,,,,,,,,,,,,,,,,,,,,,,,,,,,,,,,,,,0.218,0.308,0.276,0.364,0.852,0.072,0.512,0.494,0.78,0.774,0.804,0.472,0.65,0.858,0.308,0.458,0.302,0.792,0.836,0.392,0.63,,,,,,,,,,,,,,,,,,,,,,,,
S214,0.0,,0.262,,0.484,0.5,,,0.596,,,,,,,0.673,0.262,0.219,0.372,0.0,,0.314,0.146,0.4,0.006,,0.484,0.054,,,0.546,0.156,0.316,,,,,0.274,,,0.0,0.144,0.458,0.552,0.088,0.0,,,,,,,,,,,,,,,,,,,,,,,,,,,,,,,,,,,,0.5,,,,,,,,,,,,,0.22,0.356,0.322,0.606,,,,0.738,0.274,,,0.848,,,0.828,0.782,0.508,,,,0.74,0.696,,,,,,,,,,,,,,0.868,,0.374,0.3,,0.114,,,,,,,,,,,,,,,,,,,,,,,,,,,,,,,,,,,,,,,,,,0.138,0.38,0.378,0.514,0.468,0.108,0.216,0.698,0.442,0.552,0.614,0.404,0.804,0.694,0.666,0.528,0.41,0.744,0.688,0.366,0.866,,,,,,,,,,,,,,,,,,,,,,,,
S217,0.186,,0.46,,0.671,0.172,,,0.368,,,,,,,0.633,0.277,0.385,0.336,0.0,,0.67,0.36,0.35,0.234,,0.538,0.065,,,0.604,0.1,0.602,,,,,0.642,,,0.096,0.44,0.44,0.344,0.54,0.0,,,,,,,,,,,,,,,,,,,,,,,,,,,,,,,,,,,,0.576,,,,,,,,,,,,,0.444,0.552,0.584,0.908,,,,0.954,0.334,,,0.77,,,0.686,0.874,0.82,,,,0.57,0.89,,,,,,,,,,,,,,0.76,,0.954,0.93,,0.238,,,,,,,,,,,,,,,,,,,,,,,,,,,,,,,,,,,,,,,,,,0.148,0.586,0.202,0.42,0.61,0.052,0.544,0.612,0.852,0.868,0.664,0.398,0.916,0.716,0.87,0.51,0.674,0.776,0.688,0.42,0.944,,,,,,,,,,,,,,,,,,,,,,,,
S218,0.288,,0.434,,0.407,0.382,,,0.466,,,,,,,0.338,0.26,0.295,0.56,0.033,,0.504,0.488,0.596,,,0.552,0.121,,,0.706,0.228,0.76,,,,,0.572,,,0.0,0.228,0.206,0.748,0.244,0.066,,,,,,,,,,,,,,,,,,,,,,,,,,,,,,,,,,,,0.484,,,,,,,,,,,,,0.256,0.474,0.386,0.894,,,,0.954,0.398,,,0.714,,,0.718,0.826,0.756,,,,0.852,0.868,,,,,,,,,,,,,,0.872,,0.74,0.704,,0.14,,,,,,,,,,,,,,,,,,,,,,,,,,,,,,,,,,,,,,,,,,0.198,0.618,0.478,0.49,0.734,0.228,0.358,0.414,0.724,0.818,0.496,0.508,0.828,0.76,0.794,0.744,0.448,0.648,0.62,0.514,0.906,,,,,,,,,,,,,,,,,,,,,,,,
C133,0.234,,,,0.358,0.258,,,0.236,,,,,,,0.499,0.271,0.527,,0.02,,0.52,0.321,0.202,0.29,0.322,0.452,0.136,0.1,0.288,0.42,0.176,0.884,,,,,,,,,,,,,,,,,,,,,,,,,,,,,,,,,,,,,,,,,,,,,,,,,0.954,,,,,,,,,,,,,0.692,0.388,0.504,0.898,0.322,0.722,0.536,0.444,0.29,0.252,0.954,0.252,0.296,0.744,0.672,0.746,0.734,0.438,0.392,0.3,0.358,0.496,0.474,0.694,0.702,0.916,0.952,0.954,0.88,0.794,0.188,0.926,0.554,0.126,0.954,0.954,0.0,0.37,0.924,0.954,0.948,,,,,,,,,,,,,,,,,,,,,,,,,,,,,,,,,,,,,,,,,,,,,,,,,,,,,,,,,,,,,,,,,,,,,,,,,,,,,,,,,,,,,,
S229,0.076,,,,0.0,0.19,,,0.075,,,,,,,0.49,0.029,0.144,,0.0,,0.238,0.044,0.036,0.142,0.038,0.23,0.18,0.544,0.618,0.224,0.104,0.818,0.0,,,,,,,,,,,,,,,,,,,,,,,,,,,,,,,,,,,,,,,,,,,,,,,,0.922,,,,,,,,,,,,,0.61,0.82,0.638,0.668,0.39,0.58,0.242,0.282,0.078,0.824,0.888,0.222,0.338,0.576,0.796,0.764,0.594,0.33,0.364,,0.578,0.562,0.234,0.484,0.732,0.914,0.954,0.87,0.722,0.826,0.04,0.772,0.594,0.466,0.71,0.868,0.422,0.298,0.74,0.908,0.87,0.864,,,,,,,,,,,,,,,,,,,,,,,,,,,,,,,,,,,,,,,,,,,,,,,,,,,,,,,,,,,,,,,,,,,,,,,,,,,,,,,,,,,,,
S230,0.076,,,,0.6,0.386,,,0.8,,,,,,,0.659,0.278,0.495,,0.0,,0.568,0.389,0.032,0.47,0.144,0.632,0.06,0.292,0.03,0.738,0.414,0.954,,,,,,,,,,,,,,,,,,,,,,,,,,,,,,,,,,,,,,,,,,,,,,,,,0.83,,,,,,,,,,,,,0.586,0.388,0.01,0.4,0.362,0.0,0.72,0.71,0.194,0.356,,0.514,0.598,0.86,0.222,0.144,0.038,0.488,0.282,0.242,0.66,0.674,0.384,0.818,0.152,0.68,0.742,0.706,0.676,0.542,0.674,0.518,0.706,0.446,0.582,0.396,0.0,0.612,0.644,0.378,0.638,,,,,,,,,,,,,,,,,,,,,,,,,,,,,,,,,,,,,,,,,,,,,,,,,,,,,,,,,,,,,,,,,,,,,,,,,,,,,,,,,,,,,,
C61,0.074,,,,0.01,0.0,,,0.15,,,,,,,0.072,0.0,0.018,,0.0,,0.184,0.0,0.224,0.0,0.0,0.546,0.0,0.0,0.85,0.88,0.0,0.06,,,,,,,,,,,,,,,,,,,,,,,,,,,,,,,,,,,,,,,,,,,,,,,,,0.92,,,,,,,,,,,,,0.452,0.212,0.71,0.746,0.276,0.734,0.534,0.724,0.0,0.118,,0.366,0.892,0.556,0.466,0.928,0.0,0.868,0.246,0.0,0.934,0.648,0.492,0.934,0.154,0.624,0.854,0.134,0.82,0.754,0.0,0.804,0.226,0.0,0.772,0.04,0.156,0.9,0.824,0.044,0.122,,,,,,,,,,,,,,,,,,,,,,,,,,,,,,,,,,,,,,,,,,,,,,,,,,,,,,,,,,,,,,,,,,,,,,,,,,,,,,,,,,,,,,
S231,0.06,,,,0.574,0.622,,,0.448,,,,,,,0.681,0.284,0.436,,0.001,,0.65,0.377,0.342,0.378,0.49,0.76,0.114,0.156,0.83,0.782,0.146,0.462,,,,,,,,,,,,,,,,,,,,,,,,,,,,,,,,,,,,,,,,,,,,,,,,,0.742,,,,,,,,,,,,,0.848,0.664,0.602,0.708,0.546,0.64,0.804,0.832,0.67,0.68,,0.73,0.722,0.86,0.606,0.568,0.552,0.776,0.566,0.324,0.882,0.794,0.692,0.806,0.654,0.854,0.826,0.37,0.77,0.732,0.674,0.734,0.746,0.49,0.776,0.41,0.682,0.852,0.748,0.73,0.62,,,,,,,,,,,,,,,,,,,,,,,,,,,,,,,,,,,,,,,,,,,,,,,,,,,,,,,,,,,,,,,,,,,,,,,,,,,,,,,,,,,,,,
S232,,,,,,,,,,,,,,,,,,,,,,,,,,0.264,,,,,,,0.576,,,,,,,,,,,,,,,,,,,,,,,,,,,,,,,,,,,,,,,,,,,,,,,,,,,,,,,,,,,,,,,,,,,,,,,,0.66,,,,,,,,,,,,,,,,,,,,,,,,,,,,,,,,,,,,,,,,,,,,,,,,,,,,,,,,,,,,,,,,,,,,,,,,,,,,,,,,,,,,,,,,,,,,,,,,,,,,,,,,,,,,,,,,,,,,
S233,0.198,,,,0.002,0.154,,,0.0,,,,,,,0.207,0.052,0.002,,0.0,,0.22,0.064,0.186,0.316,0.136,0.414,0.096,0.012,0.346,0.0,0.0,0.88,,,,,,,,,,,,,,,,,,,,,,,,,,,,,,,,,,,,,,,,,,,,,,,,,0.954,,,,,,,,,,,,,0.268,0.276,0.37,0.246,0.66,0.344,0.416,0.408,0.0,0.258,0.814,0.18,0.172,0.51,0.872,0.52,0.778,0.478,0.226,0.096,0.33,0.278,0.078,0.446,0.85,0.91,0.954,0.954,0.49,0.392,0.348,0.544,0.176,0.0,0.54,0.942,0.148,0.162,0.542,0.954,0.954,,,,,,,,,,,,,,,,,,,,,,,,,,,,,,,,,,,,,,,,,,,,,,,,,,,,,,,,,,,,,,,,,,,,,,,,,,,,,,,,,,,,,,
S235,0.254,,,,0.527,0.45,,,0.588,,,,,,,0.446,0.173,0.604,,0.06,,0.524,0.361,0.228,0.402,0.428,0.638,0.064,0.14,0.29,0.606,0.254,0.45,,,,,,,,,,,,,,,,,,,,,,,,,,,,,,,,,,,,,,,,,,,,,,,,,0.772,,,,,,,,,,,,,0.722,0.632,0.612,0.518,0.378,0.42,0.558,0.704,0.422,0.502,0.754,0.56,0.338,0.812,0.486,0.434,0.428,0.648,0.378,0.1,0.71,0.712,0.358,0.726,0.332,0.574,0.594,0.376,0.572,0.572,0.364,0.542,0.456,0.176,0.642,0.528,0.28,0.64,0.654,0.752,0.68,,,,,,,,,,,,,,,,,,,,,,,,,,,,,,,,,,,,,,,,,,,,,,,,,,,,,,,,,,,,,,,,,,,,,,,,,,,,,,,,,,,,,,
S236,0.048,,,,0.614,0.36,,,0.2,,,,,,,0.522,0.128,0.307,,0.0,,0.452,0.277,0.27,0.382,0.064,0.836,0.016,0.0,0.918,0.856,0.056,0.142,,,,,,,,,,,,,,,,,,,,,,,,,,,,,,,,,,,,,,,,,,,,,,,,,0.0,,,,,,,,,,,,,0.198,0.0,0.56,0.264,0.668,0.0,0.096,0.414,0.078,0.0,0.346,0.018,0.302,0.0,0.598,0.318,0.014,0.312,0.394,0.0,0.284,0.064,0.188,0.03,0.17,0.854,0.51,0.592,0.086,0.832,0.074,0.024,0.0,0.0,0.566,,0.916,0.394,0.0,0.214,0.06,,,,,,,,,,,,,,,,,,,,,,,,,,,,,,,,,,,,,,,,,,,,,,,,,,,,,,,,,,,,,,,,,,,,,,,,,,,,,,,,,,,,,,
C69,0.0,,,,0.365,0.176,,,0.122,,,,,,,0.297,0.124,0.233,,0.08,,0.46,0.493,0.268,0.726,0.536,0.624,0.156,0.018,0.954,0.536,0.0,0.396,,,,,,,,,,,,,,,,,,,,,,,,,,,,,,,,,,,,,,,,,,,,,,,,,0.774,,,,,,,,,,,,,0.624,0.622,0.586,0.774,0.522,0.78,0.612,0.722,0.22,0.626,0.364,0.834,0.446,0.822,0.51,0.676,0.572,0.696,0.356,0.076,0.66,0.782,0.306,0.766,0.736,0.596,0.842,0.212,0.758,0.768,0.384,0.72,0.554,0.218,0.804,0.272,0.286,0.688,0.766,0.804,0.536,,,,,,,,,,,,,,,,,,,,,,,,,,,,,,,,,,,,,,,,,,,,,,,,,,,,,,,,,,,,,,,,,,,,,,,,,,,,,,,,,,,,,,
S237,0.04,,,,0.442,0.448,,,0.322,,,,,,,0.721,0.322,0.458,,0.075,,0.75,0.375,0.308,0.518,0.21,0.772,0.0,0.064,0.91,0.364,0.118,0.236,,,,,,,,,,,,,,,,,,,,,,,,,,,,,,,,,,,,,,,,,,,,,,,,,0.72,,,,,,,,,,,,,0.804,0.666,0.87,0.92,0.38,0.896,0.722,0.81,0.388,0.672,0.502,0.668,0.3,0.842,0.726,0.852,0.718,0.646,0.55,0.164,0.696,0.926,0.836,0.862,0.536,0.734,0.93,0.184,0.884,0.912,0.334,0.892,0.878,0.162,0.936,0.548,0.712,0.714,0.942,0.796,0.658,,,,,,,,,,,,,,,,,,,,,,,,,,,,,,,,,,,,,,,,,,,,,,,,,,,,,,,,,,,,,,,,,,,,,,,,,,,,,,,,,,,,,,
S238,0.172,,,,0.445,0.298,,,0.34,,,,,,,0.492,0.147,0.184,,0.016,,0.364,0.183,0.13,0.562,0.224,0.648,0.0,0.042,0.866,0.834,0.154,0.0,,,,,,,,,,,,,,,,,,,,,,,,,,,,,,,,,,,,,,,,,,,,,,,,,0.954,,,,,,,,,,,,,0.812,,0.774,0.892,0.404,0.95,0.652,0.678,0.3,0.72,0.258,0.856,0.648,0.762,0.428,0.88,0.6,0.954,0.392,0.166,0.948,0.788,0.404,0.936,0.694,0.558,0.848,0.12,0.932,0.882,0.086,0.892,0.6,0.154,0.948,0.816,0.356,0.918,0.954,0.72,0.668,,,,,,,,,,,,,,,,,,,,,,,,,,,,,,,,,,,,,,,,,,,,,,,,,,,,,,,,,,,,,,,,,,,,,,,,,,,,,,,,,,,,,,
S239,0.0,,,,0.0,0.0,,,0.0,,,,,,,0.09,0.09,0.161,,0.0,,0.534,0.479,0.096,0.508,0.088,0.478,0.164,0.218,0.0,0.398,0.0,0.914,,,,,,,,,,,,,,,,,,,,,,,,,,,,,,,,,,,,,,,,,,,,,,,,,0.94,,,,,,,,,,,,,0.584,0.46,0.676,0.538,0.274,0.716,0.554,0.698,0.368,0.274,0.52,0.438,0.142,0.81,0.606,0.506,0.764,0.392,0.314,0.022,0.558,0.444,0.248,0.936,0.858,0.638,0.77,0.77,0.75,0.608,0.168,0.678,0.386,0.188,0.89,0.766,0.3,0.52,0.822,0.954,0.906,,,,,,,,,,,,,,,,,,,,,,,,,,,,,,,,,,,,,,,,,,,,,,,,,,,,,,,,,,,,,,,,,,,,,,,,,,,,,,,,,,,,,,
S240,0.14,,,,0.231,0.25,,,0.272,,,,,,,0.688,0.174,0.755,,0.112,,0.738,0.279,0.424,0.496,0.412,0.568,0.156,0.118,0.492,0.63,0.17,0.772,,,,,,,,,,,,,,,,,,,,,,,,,,,,,,,,,,,,,,,,,,,,,,,,,0.934,,,,,,,,,,,,,0.92,0.51,0.504,0.76,0.494,0.794,0.5,0.696,0.318,0.29,0.782,0.368,0.324,0.942,0.61,0.6,0.64,0.59,0.362,0.176,0.918,0.894,0.7,0.832,0.79,0.646,0.854,0.67,0.79,0.762,0.154,0.738,0.754,0.2,0.932,0.672,0.46,0.67,0.904,0.948,0.854,,,,,,,,,,,,,,,,,,,,,,,,,,,,,,,,,,,,,,,,,,,,,,,,,,,,,,,,,,,,,,,,,,,,,,,,,,,,,,,,,,,,,,
S241,0.13,,,,0.394,0.39,,,0.584,,,,,,,0.403,0.082,0.399,,0.027,,0.414,0.312,0.376,0.484,0.372,0.71,0.036,0.052,0.744,0.654,0.0,0.174,,,,,,,,,,,,,,,,,,,,,,,,,,,,,,,,,,,,,,,,,,,,,,,,,0.672,,,,,,,,,,,,,0.776,0.502,0.506,0.746,0.334,0.746,0.664,0.834,0.352,0.29,0.428,0.652,0.278,0.878,0.414,0.454,0.404,0.682,0.426,0.17,0.742,0.748,0.448,0.744,0.602,0.536,0.752,0.338,0.7,0.752,0.41,0.722,0.43,0.216,0.94,0.376,0.084,0.748,0.898,0.768,0.498,,,,,,,,,,,,,,,,,,,,,,,,,,,,,,,,,,,,,,,,,,,,,,,,,,,,,,,,,,,,,,,,,,,,,,,,,,,,,,,,,,,,,,
S243,0.116,,,,0.765,0.502,,,0.516,,,,,,,0.91,0.346,0.9,,0.161,,0.88,0.245,0.444,0.38,0.542,0.69,0.148,0.132,0.86,0.696,0.308,0.228,,,,,,,,,,,,,,,,,,,,,,,,,,,,,,,,,,,,,,,,,,,,,,,,,0.9,,,,,,,,,,,,,0.954,0.566,0.862,0.91,0.454,0.896,0.734,0.836,0.226,0.522,0.658,0.648,0.678,0.954,0.852,0.864,0.616,0.748,0.484,0.39,0.954,0.954,0.846,0.912,0.696,0.83,0.948,0.494,0.92,0.9,0.434,0.896,0.904,0.34,0.954,0.38,0.864,0.776,0.952,0.804,0.852,,,,,,,,,,,,,,,,,,,,,,,,,,,,,,,,,,,,,,,,,,,,,,,,,,,,,,,,,,,,,,,,,,,,,,,,,,,,,,,,,,,,,,
S244,0.17,,,,0.116,0.27,,,0.156,,,,,,,0.35,0.282,0.117,,0.024,,0.092,0.21,0.07,0.214,0.658,0.44,0.0,0.044,0.832,0.3,0.006,0.088,,,,,,,,,,,,,,,,,,,,,,,,,,,,,,,,,,,,,,,,,,,,,,,,,0.462,,,,,,,,,,,,,0.452,0.368,0.84,0.88,0.08,0.836,0.48,0.648,0.23,0.158,0.32,0.294,0.082,0.654,0.416,0.828,0.264,0.166,0.306,0.022,0.484,0.4,0.232,0.556,0.312,0.606,0.916,0.216,0.844,0.872,0.252,0.838,0.31,0.214,0.928,0.356,0.284,0.352,0.868,0.516,0.33,,,,,,,,,,,,,,,,,,,,,,,,,,,,,,,,,,,,,,,,,,,,,,,,,,,,,,,,,,,,,,,,,,,,,,,,,,,,,,,,,,,,,,
S245,0.006,,,,0.29,0.286,,,0.26,,,,,,,0.409,0.027,0.162,,0.006,,0.23,0.122,0.154,0.194,0.136,0.45,0.04,0.056,0.808,0.434,0.0,0.124,,,,,,,,,,,,,,,,,,,,,,,,,,,,,,,,,,,,,,,,,,,,,,,,,0.498,,,,,,,,,,,,,0.384,0.426,0.954,0.954,0.26,0.954,0.21,0.406,0.248,,0.312,0.324,0.0,0.512,0.866,0.954,0.78,0.382,0.348,0.052,0.436,0.348,0.22,0.226,0.822,0.242,0.766,0.048,0.678,0.736,0.14,0.74,0.146,0.008,0.954,,0.834,,0.66,0.924,0.512,,,,,,,,,,,,,,,,,,,,,,,,,,,,,,,,,,,,,,,,,,,,,,,,,,,,,,,,,,,,,,,,,,,,,,,,,,,,,,,,,,,,,,
S246,0.0,,,,0.0,0.0,,,0.042,,,,,,,0.0,0.0,0.026,,0.0,,0.0,0.0,0.0,0.0,0.058,0.594,0.0,0.0,0.872,0.412,0.0,0.0,,,,,,,,,,,,,,,,,,,,,,,,,,,,,,,,,,,,,,,,,,,,,,,,,0.868,,,,,,,,,,,,,0.0,0.0,0.758,0.788,0.0,0.75,0.638,0.678,0.0,0.704,0.0,0.148,0.378,0.668,0.0,0.912,0.0,0.542,0.406,0.0,0.616,0.0,0.0,0.896,0.154,0.62,0.804,0.0,0.794,0.75,0.178,0.784,0.0,0.0,0.834,,0.132,0.618,0.892,0.0,,,,,,,,,,,,,,,,,,,,,,,,,,,,,,,,,,,,,,,,,,,,,,,,,,,,,,,,,,,,,,,,,,,,,,,,,,,,,,,,,,,,,,,
S247,0.102,,,,0.295,0.222,,,0.266,,,,,,,0.309,0.045,0.211,,0.132,,0.232,0.202,0.17,0.112,0.064,0.396,0.082,0.068,0.23,0.106,0.216,0.754,,,,,,,,,,,,,,,,,,,,,,,,,,,,,,,,,,,,,,,,,,,,,,,,,0.948,,,,,,,,,,,,,0.398,0.262,0.422,0.75,0.39,0.502,0.572,0.502,0.178,0.34,0.952,0.506,0.286,0.532,0.668,0.722,0.678,0.332,0.31,0.294,0.324,0.39,0.292,0.726,0.856,0.864,0.954,0.954,0.824,0.642,0.3,0.748,0.24,0.088,0.924,0.828,0.054,0.33,0.836,0.954,0.854,,,,,,,,,,,,,,,,,,,,,,,,,,,,,,,,,,,,,,,,,,,,,,,,,,,,,,,,,,,,,,,,,,,,,,,,,,,,,,,,,,,,,,
S248,0.204,,,,0.041,0.36,,,0.059,,,,,,,0.195,0.392,0.169,,0.0,,0.066,0.175,0.38,0.11,0.048,0.436,0.056,0.168,0.916,0.724,0.072,0.526,0.0,,,,,,,,,,,,,,,,,,,,,,,,,,,,,,,,,,,,,,,,,,,,,,,,0.954,,,,,,,,,,,,,0.336,0.426,0.884,0.936,0.368,0.848,0.648,0.542,0.228,0.19,0.612,0.124,0.78,0.528,0.826,0.952,0.526,0.818,0.458,0.018,0.736,0.556,0.374,0.808,0.64,0.764,0.954,0.614,0.942,0.938,0.464,0.858,0.264,0.326,0.904,0.858,0.42,0.726,0.898,0.844,0.718,0.562,,,,,,,,,,,,,,,,,,,,,,,,,,,,,,,,,,,,,,,,,,,,,,,,,,,,,,,,,,,,,,,,,,,,,,,,,,,,,,,,,,,,,
S249,0.136,,,,0.661,0.506,,,0.522,,,,,,,0.644,0.24,0.44,,0.001,,0.388,0.378,0.296,0.288,0.088,0.74,0.03,0.0,0.772,0.784,0.0,0.132,,,,,,,,,,,,,,,,,,,,,,,,,,,,,,,,,,,,,,,,,,,,,,,,,0.866,,,,,,,,,,,,,0.688,0.526,0.824,0.7,0.74,0.74,0.752,0.778,0.316,0.752,0.15,0.954,0.832,0.832,0.508,0.564,0.562,0.936,0.408,0.112,0.774,0.762,0.58,0.914,0.512,0.74,0.954,0.66,0.788,0.84,0.542,0.76,0.556,0.088,0.954,0.164,0.45,0.668,0.934,0.954,0.488,,,,,,,,,,,,,,,,,,,,,,,,,,,,,,,,,,,,,,,,,,,,,,,,,,,,,,,,,,,,,,,,,,,,,,,,,,,,,,,,,,,,,,
S250,0.126,,,,0.669,0.472,,,0.598,,,,,,,0.596,0.16,0.283,,0.0,,0.43,0.309,0.506,0.222,0.338,0.82,0.074,0.0,0.796,0.76,0.186,0.368,,,,,,,,,,,,,,,,,,,,,,,,,,,,,,,,,,,,,,,,,,,,,,,,,0.828,,,,,,,,,,,,,0.73,0.622,0.814,0.91,0.532,0.846,0.83,0.88,0.192,0.654,0.36,0.76,0.776,0.856,0.57,0.842,0.612,0.808,0.592,0.226,0.89,0.628,0.504,0.934,0.56,0.862,0.94,0.4,0.914,0.886,0.558,0.886,0.576,0.316,0.95,0.4,0.5,0.842,0.928,0.782,0.354,,,,,,,,,,,,,,,,,,,,,,,,,,,,,,,,,,,,,,,,,,,,,,,,,,,,,,,,,,,,,,,,,,,,,,,,,,,,,,,,,,,,,,
S251,0.126,,,,0.621,0.43,,,0.332,,,,,,,0.811,0.156,0.621,,0.139,,0.702,0.204,0.308,0.35,0.29,0.638,0.156,0.098,0.806,0.612,0.32,0.128,,,,,,,,,,,,,,,,,,,,,,,,,,,,,,,,,,,,,,,,,,,,,,,,,0.912,,,,,,,,,,,,,0.714,0.582,0.852,0.926,0.496,0.89,0.62,0.698,0.32,0.578,0.362,0.67,0.644,0.9,0.71,0.85,0.752,0.836,0.472,0.36,0.938,0.564,0.676,0.892,0.736,0.816,0.946,0.406,0.882,0.904,0.504,0.9,0.722,0.216,0.954,0.434,0.766,0.794,0.946,0.856,0.56,,,,,,,,,,,,,,,,,,,,,,,,,,,,,,,,,,,,,,,,,,,,,,,,,,,,,,,,,,,,,,,,,,,,,,,,,,,,,,,,,,,,,,
S252,0.072,,,,0.547,0.802,,,0.214,,,,,,,0.48,0.302,0.322,,0.034,,0.43,0.289,0.246,0.228,0.67,0.754,0.0,0.0,0.944,0.67,0.074,0.702,,,,,,,,,,,,,,,,,,,,,,,,,,,,,,,,,,,,,,,,,,,,,,,,,0.822,,,,,,,,,,,,,0.622,0.846,0.906,0.954,0.438,0.954,0.82,0.764,0.152,0.338,0.32,0.19,0.876,0.884,0.708,0.894,0.594,0.934,0.558,0.184,0.908,0.746,0.47,0.954,0.43,0.786,0.954,0.226,0.936,0.954,0.42,0.954,0.49,0.312,0.954,0.368,0.394,0.678,0.954,0.836,0.386,,,,,,,,,,,,,,,,,,,,,,,,,,,,,,,,,,,,,,,,,,,,,,,,,,,,,,,,,,,,,,,,,,,,,,,,,,,,,,,,,,,,,,
C95,0.09,,,,0.604,0.64,,,0.138,,,,,,,0.489,0.264,0.327,,0.023,,0.312,0.109,0.308,0.306,0.642,0.764,0.034,0.036,0.918,0.916,0.312,0.088,,,,,,,,,,,,,,,,,,,,,,,,,,,,,,,,,,,,,,,,,,,,,,,,,0.954,,,,,,,,,,,,,0.684,0.852,0.902,0.954,0.39,0.954,0.788,0.786,0.628,0.358,0.318,0.852,0.906,0.828,0.79,0.938,0.682,0.954,0.514,0.614,0.954,0.908,0.658,0.954,0.622,0.82,0.954,0.468,0.944,0.954,0.454,0.954,0.448,0.268,0.954,0.412,0.712,0.952,0.954,0.946,0.572,,,,,,,,,,,,,,,,,,,,,,,,,,,,,,,,,,,,,,,,,,,,,,,,,,,,,,,,,,,,,,,,,,,,,,,,,,,,,,,,,,,,,,
S253,0.374,,,,0.684,0.264,,,0.55,,,,,,,0.942,0.316,0.746,,0.092,,0.702,0.316,0.512,0.466,0.434,0.494,0.154,0.222,0.83,0.75,0.646,0.728,,,,,,,,,,,,,,,,,,,,,,,,,,,,,,,,,,,,,,,,,,,,,,,,,0.954,,,,,,,,,,,,,0.954,0.414,0.866,0.934,0.496,0.934,0.51,0.538,0.302,0.33,0.484,0.352,0.726,0.93,0.892,0.906,0.886,0.752,0.478,0.494,0.954,0.89,0.75,0.888,0.894,0.774,0.954,0.878,0.904,0.928,0.338,0.914,0.914,0.334,0.954,0.818,0.852,0.792,0.936,0.934,0.912,,,,,,,,,,,,,,,,,,,,,,,,,,,,,,,,,,,,,,,,,,,,,,,,,,,,,,,,,,,,,,,,,,,,,,,,,,,,,,,,,,,,,,
S254,0.038,,,,0.188,0.016,,,0.256,,,,,,,0.418,0.104,0.229,,0.0,,0.214,0.167,0.11,0.162,0.076,0.4,0.052,0.238,0.678,0.426,0.396,0.52,,,,,,,,,,,,,,,,,,,,,,,,,,,,,,,,,,,,,,,,,,,,,,,,,0.916,,,,,,,,,,,,,0.46,0.172,0.708,0.786,0.268,0.748,0.442,0.53,0.104,0.216,0.608,0.312,0.452,0.584,0.758,0.818,0.736,0.534,0.264,0.052,0.602,0.444,0.242,0.624,0.736,0.782,0.928,0.484,0.744,0.75,0.19,0.798,0.284,0.106,0.878,0.628,0.406,0.55,0.788,0.818,0.612,,,,,,,,,,,,,,,,,,,,,,,,,,,,,,,,,,,,,,,,,,,,,,,,,,,,,,,,,,,,,,,,,,,,,,,,,,,,,,,,,,,,,,
S255,0.132,,,,0.675,0.162,,,0.326,,,,,,,0.609,0.129,0.308,,0.0,,0.538,0.274,0.358,0.32,0.086,0.778,0.148,0.074,0.726,0.812,0.12,0.394,,,,,,,,,,,,,,,,,,,,,,,,,,,,,,,,,,,,,,,,,,,,,,,,,0.954,,,,,,,,,,,,,0.818,0.944,0.954,0.954,0.416,0.954,0.752,0.902,0.558,0.954,0.668,0.86,0.94,0.854,0.902,0.954,0.924,0.954,0.552,0.08,0.954,0.746,0.574,0.954,0.954,0.918,0.954,0.57,0.954,0.954,0.462,0.954,0.678,0.186,0.954,0.376,0.916,0.954,0.954,0.926,0.476,,,,,,,,,,,,,,,,,,,,,,,,,,,,,,,,,,,,,,,,,,,,,,,,,,,,,,,,,,,,,,,,,,,,,,,,,,,,,,,,,,,,,,
C505,,,,,,,,,,,,,,,,,,,,,,,,,,0.506,,,,,,,0.066,,,,,,,,,,,,,,,,,,,,,,,,,,,,,,,,,,,,,,,,,,,,,,,,,,,,,,,,,,,,,,,,,,,,,,,,0.666,,,,,,,,,,,,,,,,,,,,,,,,,,,,,,,,,,,,,,,,,,,,,,,,,,,,,,,,,,,,,,,,,,,,,,,,,,,,,,,,,,,,,,,,,,,,,,,,,,,,,,,,,,,,,,,,,,,,
S256,0.19,,,,0.109,0.52,,,0.094,,,,,,,0.438,0.182,0.072,,0.222,,0.01,0.16,0.02,0.172,0.164,0.708,0.13,0.026,0.784,0.156,0.094,0.424,,,,,,,,,,,,,,,,,,,,,,,,,,,,,,,,,,,,,,,,,,,,,,,,,0.624,,,,,,,,,,,,,0.61,0.55,0.712,0.81,0.294,0.752,0.624,0.648,0.54,0.65,0.674,0.232,0.022,0.698,0.45,0.71,0.258,0.0,0.386,0.018,0.472,0.416,0.16,0.718,0.5,0.754,0.948,0.45,0.824,0.81,0.202,0.83,0.466,0.002,0.852,0.42,0.376,0.204,0.874,0.682,0.526,,,,,,,,,,,,,,,,,,,,,,,,,,,,,,,,,,,,,,,,,,,,,,,,,,,,,,,,,,,,,,,,,,,,,,,,,,,,,,,,,,,,,,
S257,,,,,,,,,,,,,,,,,,,,,,,,,,0.268,,,,,,,0.528,,,,,,,,,,,,,,,,,,,,,,,,,,,,,,,,,,,,,,,,,,,,,,,,,,,,,,,,,,,,,,,,,,,,,,,,0.532,,,,,,,,,,,,,,,,,,,,,,,,,,,,,,,,,,,,,,,,,,,,,,,,,,,,,,,,,,,,,,,,,,,,,,,,,,,,,,,,,,,,,,,,,,,,,,,,,,,,,,,,,,,,,,,,,,,,
S258,0.258,,,,0.387,0.622,,,0.156,,,,,,,0.32,0.262,0.175,,0.0,,0.252,0.264,0.282,0.242,0.178,0.762,0.032,0.084,0.496,0.552,0.166,0.284,,,,,,,,,,,,,,,,,,,,,,,,,,,,,,,,,,,,,,,,,,,,,,,,,0.954,,,,,,,,,,,,,0.64,0.802,0.718,0.938,0.774,0.862,0.784,0.81,0.264,0.644,0.88,0.682,0.614,0.756,0.548,0.876,0.498,0.914,0.596,0.682,0.76,0.652,0.44,0.812,0.466,0.742,0.91,0.356,0.796,0.856,0.632,0.946,0.428,0.176,0.954,,0.382,0.824,0.92,0.85,0.34,,,,,,,,,,,,,,,,,,,,,,,,,,,,,,,,,,,,,,,,,,,,,,,,,,,,,,,,,,,,,,,,,,,,,,,,,,,,,,,,,,,,,,
S259,0.296,,,,0.529,0.82,,,0.132,,,,,,,0.37,0.531,0.338,,0.136,,0.536,0.435,0.312,0.574,0.454,0.876,0.232,0.296,0.732,0.684,0.45,0.366,,,,,,,,,,,,,,,,,,,,,,,,,,,,,,,,,,,,,,,,,,,,,,,,,0.954,,,,,,,,,,,,,0.826,0.85,0.85,0.954,0.5,0.92,0.892,0.916,0.484,0.63,0.706,0.936,0.81,0.83,0.758,0.908,0.764,0.95,0.732,0.482,0.876,0.838,0.686,0.954,0.466,0.744,0.948,0.568,0.918,0.948,0.646,0.954,0.678,0.504,0.954,0.568,0.806,0.954,0.954,0.95,0.458,,,,,,,,,,,,,,,,,,,,,,,,,,,,,,,,,,,,,,,,,,,,,,,,,,,,,,,,,,,,,,,,,,,,,,,,,,,,,,,,,,,,,,
S260,0.246,,,,0.396,0.66,,,0.0,,,,,,,0.417,0.27,0.382,,0.151,,0.686,0.324,0.414,0.412,0.416,0.54,0.0,0.206,0.638,0.538,0.318,0.592,,,,,,,,,,,,,,,,,,,,,,,,,,,,,,,,,,,,,,,,,,,,,,,,,0.954,,,,,,,,,,,,,0.952,0.652,0.592,0.922,0.426,0.764,0.668,0.71,0.682,0.658,0.954,0.758,0.63,0.952,0.656,0.808,0.548,0.852,0.568,0.536,0.78,0.802,0.834,0.812,,0.726,0.938,0.752,0.694,0.912,0.316,0.954,0.81,0.306,0.954,0.78,0.646,0.78,0.954,0.954,0.81,,,,,,,,,,,,,,,,,,,,,,,,,,,,,,,,,,,,,,,,,,,,,,,,,,,,,,,,,,,,,,,,,,,,,,,,,,,,,,,,,,,,,,
S261,0.154,,,,0.586,0.346,,,0.486,,,,,,,0.795,0.124,0.633,,0.12,,0.54,0.272,0.326,0.372,0.308,0.446,0.118,0.17,0.566,0.404,0.43,0.75,,,,,,,,,,,,,,,,,,,,,,,,,,,,,,,,,,,,,,,,,,,,,,,,,0.952,,,,,,,,,,,,,0.816,0.47,0.606,0.952,0.52,0.852,0.702,0.64,0.27,0.314,0.818,0.65,0.648,0.872,0.634,0.804,0.746,0.648,0.414,0.388,0.806,0.85,0.628,0.892,0.842,0.888,0.954,0.944,0.94,0.846,0.52,0.938,0.738,0.272,0.954,0.794,0.452,0.588,0.932,0.954,0.81,,,,,,,,,,,,,,,,,,,,,,,,,,,,,,,,,,,,,,,,,,,,,,,,,,,,,,,,,,,,,,,,,,,,,,,,,,,,,,,,,,,,,,
S262,0.082,,,,0.405,0.478,,,0.178,,,,,,,0.363,0.283,0.261,,0.116,,0.202,0.209,0.074,0.268,0.178,0.654,0.0,0.0,0.88,0.342,0.184,0.024,,,,,,,,,,,,,,,,,,,,,,,,,,,,,,,,,,,,,,,,,,,,,,,,,0.252,,,,,,,,,,,,,0.572,0.454,0.142,0.024,0.54,0.16,0.596,0.336,0.492,0.302,,0.414,0.214,0.694,0.05,0.088,0.0,0.132,0.178,0.338,0.224,0.644,0.61,0.234,0.0,0.328,0.412,0.27,0.272,0.206,0.436,0.612,0.296,0.142,0.526,0.04,0.0,0.46,0.578,0.156,0.522,,,,,,,,,,,,,,,,,,,,,,,,,,,,,,,,,,,,,,,,,,,,,,,,,,,,,,,,,,,,,,,,,,,,,,,,,,,,,,,,,,,,,,
S263,0.226,,,,0.411,0.202,,,0.266,,,,,,,0.0,0.114,0.177,,0.071,,0.188,0.208,0.182,0.318,0.378,0.618,0.0,0.262,0.896,0.698,0.0,0.078,,,,,,,,,,,,,,,,,,,,,,,,,,,,,,,,,,,,,,,,,,,,,,,,,0.706,,,,,,,,,,,,,0.574,0.238,0.776,0.774,0.136,0.756,0.612,0.642,0.22,0.296,0.458,0.396,0.616,0.576,0.414,0.928,0.546,0.778,0.33,0.0,0.762,0.652,0.348,0.854,0.462,0.562,0.824,0.142,0.828,0.814,0.134,0.858,0.302,0.0,0.82,0.024,0.344,0.734,0.896,0.378,0.2,,,,,,,,,,,,,,,,,,,,,,,,,,,,,,,,,,,,,,,,,,,,,,,,,,,,,,,,,,,,,,,,,,,,,,,,,,,,,,,,,,,,,,
S264,0.224,,,,0.416,0.284,,,0.4,,,,,,,0.592,0.274,0.324,,0.0,,0.332,0.455,0.178,0.294,0.276,0.568,0.0,0.148,0.0,0.686,0.382,0.418,,,,,,,,,,,,,,,,,,,,,,,,,,,,,,,,,,,,,,,,,,,,,,,,,0.854,,,,,,,,,,,,,0.678,0.332,0.008,0.62,0.394,0.0,0.826,0.768,0.32,0.42,0.772,0.678,0.524,0.876,0.128,0.57,0.05,0.668,0.438,0.326,0.59,0.686,0.446,0.808,0.0,0.734,0.746,0.588,0.814,0.656,0.456,0.772,0.582,0.202,0.626,0.49,0.034,0.626,0.82,0.588,0.598,,,,,,,,,,,,,,,,,,,,,,,,,,,,,,,,,,,,,,,,,,,,,,,,,,,,,,,,,,,,,,,,,,,,,,,,,,,,,,,,,,,,,,
S265,0.188,,,,0.58,0.18,,,0.392,,,,,,,0.605,0.237,0.321,,0.063,,0.418,0.334,0.668,0.528,0.382,0.882,0.172,0.054,0.884,0.676,0.158,0.044,,,,,,,,,,,,,,,,,,,,,,,,,,,,,,,,,,,,,,,,,,,,,,,,,0.828,,,,,,,,,,,,,0.794,0.512,0.954,0.954,0.642,0.954,0.8,0.836,0.4,,0.618,0.942,0.946,0.856,0.616,0.954,0.738,0.708,0.618,0.068,0.94,0.752,0.528,0.954,0.678,0.904,0.954,0.146,0.92,0.954,0.472,0.954,0.434,0.176,0.954,0.404,0.864,0.952,0.954,0.552,0.422,,,,,,,,,,,,,,,,,,,,,,,,,,,,,,,,,,,,,,,,,,,,,,,,,,,,,,,,,,,,,,,,,,,,,,,,,,,,,,,,,,,,,,
S266,0.094,,,,0.338,0.264,,,0.39,,,,,,,0.511,0.259,0.211,,0.003,,0.274,0.233,0.0,0.174,0.132,0.67,0.0,0.06,0.83,0.154,0.144,0.17,,,,,,,,,,,,,,,,,,,,,,,,,,,,,,,,,,,,,,,,,,,,,,,,,0.686,,,,,,,,,,,,,0.604,0.448,0.804,0.92,0.0,0.856,0.686,0.702,0.256,0.39,0.646,0.466,0.436,0.764,0.568,0.86,0.494,0.422,0.48,0.08,0.614,0.506,0.326,0.728,0.556,0.816,0.944,0.606,0.894,0.91,0.396,0.906,0.514,0.186,0.936,0.562,0.398,0.514,0.898,0.692,0.576,,,,,,,,,,,,,,,,,,,,,,,,,,,,,,,,,,,,,,,,,,,,,,,,,,,,,,,,,,,,,,,,,,,,,,,,,,,,,,,,,,,,,,
C98,0.102,,,,0.944,0.634,,,0.638,,,,,,,0.687,0.114,0.336,,0.0,,0.598,0.357,0.304,0.294,0.03,0.82,0.054,0.04,0.922,0.904,0.164,0.024,,,,,,,,,,,,,,,,,,,,,,,,,,,,,,,,,,,,,,,,,,,,,,,,,0.954,,,,,,,,,,,,,0.752,0.668,0.904,0.954,0.514,0.912,0.82,0.862,0.352,0.886,0.334,0.954,0.898,0.846,0.57,0.836,0.81,0.954,0.542,0.224,0.938,0.7,0.606,0.954,0.584,0.88,0.954,0.32,0.954,0.944,0.556,0.94,0.596,0.14,0.954,0.2,0.786,0.94,0.954,0.798,0.468,,,,,,,,,,,,,,,,,,,,,,,,,,,,,,,,,,,,,,,,,,,,,,,,,,,,,,,,,,,,,,,,,,,,,,,,,,,,,,,,,,,,,,
S267,0.056,,,,0.226,0.0,,,0.442,,,,,,,0.666,0.243,0.045,,0.0,,0.454,0.428,0.398,0.246,0.288,0.754,0.068,0.222,0.792,0.892,0.196,0.462,,,,,,,,,,,,,,,,,,,,,,,,,,,,,,,,,,,,,,,,,,,,,,,,,0.954,,,,,,,,,,,,,0.562,0.0,0.592,0.938,0.502,0.844,0.874,0.84,0.434,0.856,0.152,0.906,0.954,0.868,0.64,0.886,0.798,0.942,0.636,0.392,0.954,0.766,0.59,0.954,0.624,0.906,0.954,0.734,0.954,0.906,0.666,0.886,0.714,0.356,0.952,0.676,0.778,0.952,0.95,0.362,0.49,,,,,,,,,,,,,,,,,,,,,,,,,,,,,,,,,,,,,,,,,,,,,,,,,,,,,,,,,,,,,,,,,,,,,,,,,,,,,,,,,,,,,,
S268,,,,,,,,,,,,,,,,,,,,,,,,,,0.232,,,,,,,0.506,,,,,,,,,,,,,,,,,,,,,,,,,,,,,,,,,,,,,,,,,,,,,,,,,,,,,,,,,,,,,,,,,,,,,,,,0.646,,,,,,,,,,,,,,,,,,,,,,,,,,,,,,,,,,,,,,,,,,,,,,,,,,,,,,,,,,,,,,,,,,,,,,,,,,,,,,,,,,,,,,,,,,,,,,,,,,,,,,,,,,,,,,,,,,,,
S269,0.304,,,,0.646,0.3,,,0.622,,,,,,,0.779,0.23,0.745,,0.03,,0.764,0.38,0.346,0.518,0.31,0.446,0.288,0.092,0.252,0.536,0.338,0.798,,,,,,,,,,,,,,,,,,,,,,,,,,,,,,,,,,,,,,,,,,,,,,,,,0.954,,,,,,,,,,,,,0.924,0.496,0.6,0.816,0.502,0.628,0.648,0.602,0.342,0.372,0.954,0.496,0.614,0.912,0.876,0.796,0.802,0.62,0.454,0.412,0.886,0.912,0.764,0.736,0.842,0.934,0.944,0.92,0.778,0.776,0.442,0.854,0.818,0.228,0.954,0.896,0.636,0.632,0.84,0.954,0.93,,,,,,,,,,,,,,,,,,,,,,,,,,,,,,,,,,,,,,,,,,,,,,,,,,,,,,,,,,,,,,,,,,,,,,,,,,,,,,,,,,,,,,
S270,0.37,,,,0.156,0.656,,,0.492,,,,,,,0.798,0.283,0.503,,0.0,,0.954,0.431,0.148,0.354,0.062,0.696,0.166,0.16,0.934,0.694,0.0,0.954,,,,,,,,,,,,,,,,,,,,,,,,,,,,,,,,,,,,,,,,,,,,,,,,,0.954,,,,,,,,,,,,,0.71,0.534,0.692,0.944,0.502,0.788,0.658,0.65,0.18,0.232,0.954,0.528,0.486,0.832,0.954,0.744,0.898,0.758,0.412,0.0,0.738,0.67,0.446,0.87,0.954,0.954,0.954,0.952,0.954,0.954,0.338,0.954,0.596,0.104,0.954,0.954,0.218,0.618,0.954,0.954,0.954,,,,,,,,,,,,,,,,,,,,,,,,,,,,,,,,,,,,,,,,,,,,,,,,,,,,,,,,,,,,,,,,,,,,,,,,,,,,,,,,,,,,,,
S271,0.02,,,,0.0,0.0,,,,,,,,,,0.326,0.215,0.165,,0.0,,0.11,0.167,0.26,0.0,0.398,0.712,0.288,0.21,0.818,0.724,0.0,0.862,,,,,,,,,,,,,,,,,,,,,,,,,,,,,,,,,,,,,,,,,,,,,,,,,0.95,,,,,,,,,,,,,0.362,0.238,0.668,0.814,0.29,0.734,0.496,0.558,0.046,0.122,0.818,0.246,0.656,0.612,0.816,0.812,0.738,0.77,0.322,0.0,0.732,0.242,0.03,0.802,0.784,0.862,0.95,0.748,0.792,0.87,0.118,0.816,0.246,0.0,0.884,0.772,0.154,0.726,0.92,0.908,0.85,,,,,,,,,,,,,,,,,,,,,,,,,,,,,,,,,,,,,,,,,,,,,,,,,,,,,,,,,,,,,,,,,,,,,,,,,,,,,,,,,,,,,,
S272,0.178,,,,0.617,0.622,,,0.41,,,,,,,0.548,0.031,0.424,,0.255,,0.414,0.406,0.186,0.0,0.3,0.504,0.0,0.142,0.688,0.47,0.146,0.384,,,,,,,,,,,,,,,,,,,,,,,,,,,,,,,,,,,,,,,,,,,,,,,,,0.692,,,,,,,,,,,,,0.854,0.732,0.954,0.954,0.588,0.954,0.434,0.49,0.09,0.544,0.2,0.606,0.556,0.644,0.696,0.954,0.482,0.444,0.388,0.01,0.806,0.852,0.484,0.554,0.654,0.658,0.954,0.658,0.942,0.954,0.512,0.954,0.756,0.292,0.954,0.57,0.122,0.61,0.916,0.658,0.696,,,,,,,,,,,,,,,,,,,,,,,,,,,,,,,,,,,,,,,,,,,,,,,,,,,,,,,,,,,,,,,,,,,,,,,,,,,,,,,,,,,,,,
S274,0.092,,,,0.725,0.688,,,0.634,,,,,,,0.563,0.104,0.385,,0.064,,0.396,0.344,0.416,0.336,0.168,0.696,0.092,0.046,0.818,0.694,0.212,0.486,,,,,,,,,,,,,,,,,,,,,,,,,,,,,,,,,,,,,,,,,,,,,,,,,0.91,,,,,,,,,,,,,0.652,0.648,0.776,0.894,0.604,0.84,0.868,0.826,0.28,0.566,0.512,0.738,0.614,0.896,0.708,0.856,0.762,0.48,0.604,0.2,0.754,0.658,0.47,0.908,0.738,0.876,0.954,0.554,0.936,0.848,0.436,0.89,0.518,0.172,0.934,0.628,0.534,0.664,0.93,0.874,0.63,,,,,,,,,,,,,,,,,,,,,,,,,,,,,,,,,,,,,,,,,,,,,,,,,,,,,,,,,,,,,,,,,,,,,,,,,,,,,,,,,,,,,,
S275,0.11,,,,0.308,0.154,,,0.302,,,,,,,0.364,0.0,0.207,,0.0,,0.204,0.179,0.186,0.12,0.046,0.466,0.044,0.016,0.846,0.462,0.0,0.316,,,,,,,,,,,,,,,,,,,,,,,,,,,,,,,,,,,,,,,,,,,,,,,,,0.57,,,,,,,,,,,,,0.424,0.282,0.866,0.942,0.234,0.886,0.574,0.58,0.168,0.302,0.292,0.35,0.326,0.628,0.52,0.778,0.414,0.0,0.348,0.194,0.494,0.348,0.142,0.54,0.432,0.718,0.954,0.35,0.912,0.89,0.282,0.918,0.338,0.074,0.952,0.682,0.354,0.356,0.924,0.35,,,,,,,,,,,,,,,,,,,,,,,,,,,,,,,,,,,,,,,,,,,,,,,,,,,,,,,,,,,,,,,,,,,,,,,,,,,,,,,,,,,,,,,
S276,0.068,,,,0.856,0.588,,,0.358,,,,,,,0.664,0.189,0.468,,0.142,,0.486,0.368,0.326,0.43,0.254,0.67,0.0,0.004,0.872,0.772,0.186,0.136,,,,,,,,,,,,,,,,,,,,,,,,,,,,,,,,,,,,,,,,,,,,,,,,,0.954,,,,,,,,,,,,,0.65,0.55,0.896,0.954,0.432,0.954,0.764,0.776,0.3,0.8,0.368,0.954,0.884,0.842,0.728,0.95,0.806,0.942,0.548,0.498,0.948,0.798,0.762,0.954,0.432,0.82,0.954,0.338,0.954,0.924,0.62,0.954,0.564,0.088,0.954,0.226,0.578,0.926,0.954,0.76,0.54,,,,,,,,,,,,,,,,,,,,,,,,,,,,,,,,,,,,,,,,,,,,,,,,,,,,,,,,,,,,,,,,,,,,,,,,,,,,,,,,,,,,,,
S277,0.0,,,,0.276,0.31,,,0.682,,,,,,,0.205,0.307,0.289,,0.6,,0.274,0.114,0.0,0.0,0.27,0.406,0.0,0.0,0.954,0.91,0.142,0.0,,,,,,,,,,,,,,,,,,,,,,,,,,,,,,,,,,,,,,,,,,,,,,,,,0.954,,,,,,,,,,,,,0.374,0.28,0.808,0.948,0.0,0.954,0.784,0.86,0.0,0.062,0.282,0.492,0.922,0.798,0.262,0.932,0.0,0.954,0.548,0.64,0.948,0.408,0.37,0.954,0.27,0.716,0.938,0.152,0.92,0.918,0.448,0.954,0.0,0.012,0.954,0.182,0.226,0.954,0.954,0.324,0.232,,,,,,,,,,,,,,,,,,,,,,,,,,,,,,,,,,,,,,,,,,,,,,,,,,,,,,,,,,,,,,,,,,,,,,,,,,,,,,,,,,,,,,
S278,0.056,,,,0.805,0.46,,,0.51,,,,,,,0.801,0.124,0.476,,0.059,,0.554,0.328,0.268,0.35,0.286,0.702,0.024,0.06,0.83,0.788,0.164,0.158,,,,,,,,,,,,,,,,,,,,,,,,,,,,,,,,,,,,,,,,,,,,,,,,,0.938,,,,,,,,,,,,,0.794,0.472,0.748,0.954,0.444,0.908,0.81,0.808,0.242,0.608,0.446,0.836,0.796,0.872,0.568,0.868,0.804,0.91,0.546,0.208,0.894,0.816,0.562,0.952,0.504,0.784,0.954,0.46,0.874,0.92,0.512,0.942,0.636,0.166,0.954,0.414,0.672,0.898,0.954,0.66,0.536,,,,,,,,,,,,,,,,,,,,,,,,,,,,,,,,,,,,,,,,,,,,,,,,,,,,,,,,,,,,,,,,,,,,,,,,,,,,,,,,,,,,,,
S279,0.204,,,,0.919,0.712,,,0.844,,,,,,,0.63,0.178,0.377,,0.0,,0.232,0.45,0.218,0.432,0.244,0.822,0.006,0.162,0.206,0.548,0.478,0.422,,,,,,,,,,,,,,,,,,,,,,,,,,,,,,,,,,,,,,,,,,,,,,,,,0.89,,,,,,,,,,,,,0.83,0.724,0.32,0.722,0.568,0.444,0.886,0.878,0.236,0.538,0.76,0.954,0.576,0.902,0.38,0.44,0.31,0.812,0.384,0.41,0.72,0.824,0.63,0.954,0.234,0.76,0.954,0.612,0.836,0.816,0.702,0.628,0.604,0.168,0.878,0.27,0.0,0.864,0.922,0.93,0.52,,,,,,,,,,,,,,,,,,,,,,,,,,,,,,,,,,,,,,,,,,,,,,,,,,,,,,,,,,,,,,,,,,,,,,,,,,,,,,,,,,,,,,
S282,,,,,,,,,,,,,,,,,,,,,,,,,,0.306,,,,,,,0.712,,,,,,,,,,,,,,,,,,,,,,,,,,,,,,,,,,,,,,,,,,,,,,,,,,,,,,,,,,,,,,,,,,,,,,,,0.954,,,,,,,,,,,,,,,,,,,,,,,,,,,,,,,,,,,,,,,,,,,,,,,,,,,,,,,,,,,,,,,,,,,,,,,,,,,,,,,,,,,,,,,,,,,,,,,,,,,,,,,,,,,,,,,,,,,,
S283,,,,,,,,,,,,,,,,,,,,,,,,,,0.3,,,,,,,0.06,,,,,,,,,,,,,,,,,,,,,,,,,,,,,,,,,,,,,,,,,,,,,,,,,,,,,,,,,,,,,,,,,,,,,,,,0.282,,,,,,,,,,,,,,,,,,,,,,,,,,,,,,,,,,,,,,,,,,,,,,,,,,,,,,,,,,,,,,,,,,,,,,,,,,,,,,,,,,,,,,,,,,,,,,,,,,,,,,,,,,,,,,,,,,,,
C509,,,,,,,,,,,,,,,,,,,,,,,,,,0.254,,,,,,,0.0,,,,,,,,,,,,,,,,,,,,,,,,,,,,,,,,,,,,,,,,,,,,,,,,,,,,,,,,,,,,,,,,,,,,,,,,0.332,,,,,,,,,,,,,,,,,,,,,,,,,,,,,,,,,,,,,,,,,,,,,,,,,,,,,,,,,,,,,,,,,,,,,,,,,,,,,,,,,,,,,,,,,,,,,,,,,,,,,,,,,,,,,,,,,,,,
S285,,,,,,,,,,,,,,,,,,,,,,,,,,0.088,,,,,,,0.524,,,,,,,,,,,,,,,,,,,,,,,,,,,,,,,,,,,,,,,,,,,,,,,,,,,,,,,,,,,,,,,,,,,,,,,,0.954,,,,,,,,,,,,,,,,,,,,,,,,,,,,,,,,,,,,,,,,,,,,,,,,,,,,,,,,,,,,,,,,,,,,,,,,,,,,,,,,,,,,,,,,,,,,,,,,,,,,,,,,,,,,,,,,,,,,
S286,,,,,,,,,,,,,,,,,,,,,,,,,,0.3,,,,,,,0.604,,,,,,,,,,,,,,,,,,,,,,,,,,,,,,,,,,,,,,,,,,,,,,,,,,,,,,,,,,,,,,,,,,,,,,,,0.954,,,,,,,,,,,,,,,,,,,,,,,,,,,,,,,,,,,,,,,,,,,,,,,,,,,,,,,,,,,,,,,,,,,,,,,,,,,,,,,,,,,,,,,,,,,,,,,,,,,,,,,,,,,,,,,,,,,,
C174,0.046,,,,0.77,0.452,,,0.281,,,,,,,0.661,0.143,0.067,,0.056,,0.328,0.321,0.09,0.464,0.5,0.514,0.014,0.116,0.9,0.754,0.086,0.128,0.04,,,,,,,,,,,,,,,,,,,,,,,,,,,,,,,,,,,,,,,,,,,,,,,,0.916,,,,,,,,,,,,,0.316,0.61,0.824,0.802,0.562,0.846,0.696,0.776,0.516,0.838,0.384,0.84,0.718,0.704,0.468,0.912,0.468,0.84,0.48,0.446,0.668,0.726,0.602,0.916,0.838,0.798,0.932,0.068,0.944,0.684,0.582,0.882,0.554,0.27,0.886,0.832,0.53,0.83,0.9,0.826,0.736,0.142,,,,,,,,,,,,,,,,,,,,,,,,,,,,,,,,,,,,,,,,,,,,,,,,,,,,,,,,,,,,,,,,,,,,,,,,,,,,,,,,,,,,,
S287,0.224,,,,0.653,0.838,,,0.288,,,,,,,0.666,0.409,0.435,,0.314,,0.442,0.565,0.344,0.3,0.5,0.77,0.0,0.0,0.882,0.668,0.238,0.152,,,,,,,,,,,,,,,,,,,,,,,,,,,,,,,,,,,,,,,,,,,,,,,,,0.936,,,,,,,,,,,,,0.652,0.78,0.848,0.946,0.37,0.912,0.766,0.796,0.356,0.712,0.468,0.786,0.726,0.852,0.752,0.9,0.844,0.844,0.534,0.244,0.862,0.682,0.636,0.924,0.564,0.788,0.942,0.198,0.888,0.936,0.438,0.908,0.444,0.142,0.934,0.238,0.642,0.854,0.954,0.886,0.572,,,,,,,,,,,,,,,,,,,,,,,,,,,,,,,,,,,,,,,,,,,,,,,,,,,,,,,,,,,,,,,,,,,,,,,,,,,,,,,,,,,,,,
S288,0.182,,,,0.417,0.686,,,0.23,,,,,,,0.384,0.146,0.245,,0.05,,0.388,0.233,0.318,0.452,0.198,0.644,0.09,0.074,0.798,0.582,0.126,0.242,,,,,,,,,,,,,,,,,,,,,,,,,,,,,,,,,,,,,,,,,,,,,,,,,0.81,,,,,,,,,,,,,0.578,0.558,0.832,0.892,0.41,0.824,0.732,0.802,0.376,0.28,0.602,0.616,0.698,0.818,0.598,0.83,0.686,0.79,0.564,0.148,0.808,0.576,0.328,0.84,0.446,0.802,0.878,0.266,0.836,0.828,0.428,0.862,0.428,0.242,0.918,0.438,0.578,0.8,0.882,0.616,0.436,,,,,,,,,,,,,,,,,,,,,,,,,,,,,,,,,,,,,,,,,,,,,,,,,,,,,,,,,,,,,,,,,,,,,,,,,,,,,,,,,,,,,,
S289,0.112,,,,0.622,0.354,,,0.375,,,,,,,0.336,0.061,0.265,,0.0,,0.414,0.237,0.244,0.26,0.012,0.57,0.076,0.092,0.794,0.764,0.066,0.352,0.0,,,,,,,,,,,,,,,,,,,,,,,,,,,,,,,,,,,,,,,,,,,,,,,,0.94,,,,,,,,,,,,,0.678,0.764,0.824,0.858,0.292,0.718,0.822,0.816,0.612,0.854,0.39,0.848,0.904,0.834,0.5,0.954,0.62,0.844,0.556,0.794,0.772,0.514,0.536,0.954,0.458,0.944,0.886,0.566,0.954,0.884,0.546,0.868,0.564,,0.886,0.352,0.688,0.868,0.94,0.62,0.614,0.284,,,,,,,,,,,,,,,,,,,,,,,,,,,,,,,,,,,,,,,,,,,,,,,,,,,,,,,,,,,,,,,,,,,,,,,,,,,,,,,,,,,,,
S290,0.37,,,,0.151,0.154,,,0.368,,,,,,,0.685,0.315,0.411,,0.131,,0.37,0.478,0.404,0.396,0.382,0.598,0.182,0.148,0.666,0.552,0.156,0.868,,,,,,,,,,,,,,,,,,,,,,,,,,,,,,,,,,,,,,,,,,,,,,,,,0.84,,,,,,,,,,,,,0.784,0.41,0.382,0.68,0.568,0.566,0.604,0.582,0.348,0.358,0.954,0.47,0.484,0.852,0.68,0.478,0.51,0.69,0.392,0.128,0.684,0.73,0.512,0.736,0.68,0.678,0.682,0.61,0.648,0.714,0.394,0.666,0.7,0.242,0.788,0.658,0.376,0.584,0.67,0.84,0.758,,,,,,,,,,,,,,,,,,,,,,,,,,,,,,,,,,,,,,,,,,,,,,,,,,,,,,,,,,,,,,,,,,,,,,,,,,,,,,,,,,,,,,
S291,0.392,,,,0.796,0.51,,,0.628,,,,,,,0.586,0.091,0.445,,0.021,,0.524,0.422,0.274,0.436,0.266,0.792,0.04,0.0,0.798,0.708,0.212,0.252,,,,,,,,,,,,,,,,,,,,,,,,,,,,,,,,,,,,,,,,,,,,,,,,,0.94,,,,,,,,,,,,,0.648,0.646,0.84,0.934,0.348,0.882,0.834,0.844,0.338,0.492,0.63,0.776,0.804,0.852,0.574,0.954,0.78,0.848,0.65,0.066,0.852,0.56,0.346,0.898,0.65,0.856,0.922,0.476,0.902,0.906,0.444,0.924,0.586,0.156,0.946,0.494,0.658,0.848,0.928,0.766,0.57,,,,,,,,,,,,,,,,,,,,,,,,,,,,,,,,,,,,,,,,,,,,,,,,,,,,,,,,,,,,,,,,,,,,,,,,,,,,,,,,,,,,,,
S292,0.126,,,,0.031,0.13,,,0.268,,,,,,,0.202,0.113,0.15,,0.025,,0.118,0.412,0.05,0.272,0.05,0.388,0.048,0.026,0.0,0.122,0.122,0.726,,,,,,,,,,,,,,,,,,,,,,,,,,,,,,,,,,,,,,,,,,,,,,,,,0.948,,,,,,,,,,,,,0.458,0.276,0.33,0.294,0.218,,0.474,0.528,0.35,0.168,0.954,0.302,0.146,0.596,0.822,0.282,0.736,0.214,0.328,0.138,0.248,0.36,0.136,0.566,0.868,0.786,0.714,0.772,0.292,0.298,0.326,0.44,0.316,0.064,0.694,0.82,0.046,0.276,0.744,0.952,0.88,,,,,,,,,,,,,,,,,,,,,,,,,,,,,,,,,,,,,,,,,,,,,,,,,,,,,,,,,,,,,,,,,,,,,,,,,,,,,,,,,,,,,,
S293,0.094,,,,0.308,0.492,,,0.188,,,,,,,0.477,0.261,0.232,,0.12,,0.334,0.238,0.1,0.332,0.222,0.466,0.0,0.0,0.602,0.212,0.098,0.232,,,,,,,,,,,,,,,,,,,,,,,,,,,,,,,,,,,,,,,,,,,,,,,,,0.734,,,,,,,,,,,,,0.68,0.556,0.572,0.858,0.168,0.724,0.656,0.652,0.284,0.336,0.664,0.53,0.414,0.61,0.524,0.78,0.396,0.41,0.416,0.132,0.602,0.646,0.376,0.612,0.534,0.69,0.848,0.344,0.8,0.808,0.618,0.84,0.328,0.304,0.89,0.668,0.388,0.466,0.85,0.664,0.45,,,,,,,,,,,,,,,,,,,,,,,,,,,,,,,,,,,,,,,,,,,,,,,,,,,,,,,,,,,,,,,,,,,,,,,,,,,,,,,,,,,,,,
S294,0.236,,,,0.533,0.726,,,0.19,,,,,,,0.243,0.0,0.249,,0.0,,0.23,0.342,0.706,0.374,0.804,0.59,0.0,0.106,0.922,0.906,0.292,0.274,,,,,,,,,,,,,,,,,,,,,,,,,,,,,,,,,,,,,,,,,,,,,,,,,0.952,,,,,,,,,,,,,0.466,0.696,0.93,0.918,0.396,0.918,0.692,0.706,0.356,0.072,0.232,0.62,0.922,0.67,0.384,0.944,0.384,0.936,0.42,0.068,0.938,0.634,0.266,0.954,0.28,0.712,0.948,0.156,0.922,0.908,0.702,0.952,0.1,0.196,0.904,0.204,0.364,0.938,0.954,0.808,0.216,,,,,,,,,,,,,,,,,,,,,,,,,,,,,,,,,,,,,,,,,,,,,,,,,,,,,,,,,,,,,,,,,,,,,,,,,,,,,,,,,,,,,,
S295,0.058,,,,0.094,0.124,,,0.044,,,,,,,0.224,0.0,0.112,,0.0,,0.176,0.089,0.8,0.08,0.0,0.618,0.698,0.002,0.692,0.684,0.008,0.21,,,,,,,,,,,,,,,,,,,,,,,,,,,,,,,,,,,,,,,,,,,,,,,,,0.896,,,,,,,,,,,,,0.386,0.15,0.728,,0.048,0.932,0.516,0.44,0.178,0.118,0.386,0.268,0.684,0.518,0.512,0.852,0.856,,0.342,0.0,0.756,0.228,0.258,0.872,0.908,0.854,0.954,0.244,0.842,0.846,0.278,0.794,0.218,0.04,0.852,0.382,0.246,0.718,0.878,0.51,0.32,,,,,,,,,,,,,,,,,,,,,,,,,,,,,,,,,,,,,,,,,,,,,,,,,,,,,,,,,,,,,,,,,,,,,,,,,,,,,,,,,,,,,,
S296,0.302,,,,0.495,0.798,,,0.196,,,,,,,0.311,0.222,0.323,,0.0,,0.416,0.155,0.316,0.312,,0.826,0.022,0.0,0.928,0.878,0.26,0.506,,,,,,,,,,,,,,,,,,,,,,,,,,,,,,,,,,,,,,,,,,,,,,,,,0.954,,,,,,,,,,,,,0.592,0.846,0.892,0.954,0.432,0.932,0.802,0.792,0.46,0.818,0.51,0.356,0.854,0.764,0.702,0.91,0.678,0.908,0.67,0.132,0.93,0.65,0.372,0.94,0.562,0.858,0.938,0.444,0.92,0.938,0.394,0.894,0.502,0.262,0.954,0.578,0.296,0.93,0.954,0.95,0.668,,,,,,,,,,,,,,,,,,,,,,,,,,,,,,,,,,,,,,,,,,,,,,,,,,,,,,,,,,,,,,,,,,,,,,,,,,,,,,,,,,,,,,
S297,0.102,,,,0.612,0.576,,,0.362,,,,,,,0.302,0.258,0.245,,0.0,,0.44,0.239,0.344,0.5,0.376,0.82,0.0,0.238,0.888,0.55,0.166,0.39,,,,,,,,,,,,,,,,,,,,,,,,,,,,,,,,,,,,,,,,,,,,,,,,,0.858,,,,,,,,,,,,,0.714,0.66,0.87,0.948,0.334,0.864,0.84,0.84,0.0,0.436,0.596,0.68,0.626,0.842,0.646,0.918,0.722,0.716,0.662,0.106,0.746,0.644,0.43,0.876,0.598,0.884,0.914,0.276,0.914,0.924,0.508,0.922,0.446,0.184,0.948,0.392,0.604,0.776,0.94,0.704,0.368,,,,,,,,,,,,,,,,,,,,,,,,,,,,,,,,,,,,,,,,,,,,,,,,,,,,,,,,,,,,,,,,,,,,,,,,,,,,,,,,,,,,,,
S298,0.302,,,,0.395,0.526,,,0.372,,,,,,,0.325,0.353,0.54,,0.178,,0.608,0.0,0.072,0.356,,0.328,0.086,0.142,0.0,0.508,0.274,0.416,,,,,,,,,,,,,,,,,,,,,,,,,,,,,,,,,,,,,,,,,,,,,,,,,0.954,,,,,,,,,,,,,0.884,0.43,0.008,0.954,0.356,0.288,0.91,0.79,0.14,0.262,,0.33,0.616,0.864,0.164,0.54,0.218,0.448,0.596,0.0,,0.916,0.254,0.718,0.306,0.718,0.71,0.918,0.648,0.654,,0.954,0.652,0.382,0.954,0.944,0.0,,0.926,0.954,0.836,,,,,,,,,,,,,,,,,,,,,,,,,,,,,,,,,,,,,,,,,,,,,,,,,,,,,,,,,,,,,,,,,,,,,,,,,,,,,,,,,,,,,,
S299,0.312,,,,0.491,0.54,,,0.568,,,,,,,0.583,0.151,0.692,,0.118,,0.65,0.398,0.308,0.344,0.25,0.774,0.046,0.136,0.346,0.514,0.378,0.658,,,,,,,,,,,,,,,,,,,,,,,,,,,,,,,,,,,,,,,,,,,,,,,,,0.752,,,,,,,,,,,,,0.954,0.922,0.936,0.954,0.632,0.954,0.538,0.488,0.76,0.886,0.59,0.954,0.954,0.58,0.944,0.954,0.954,0.514,0.816,0.654,0.954,0.954,0.954,0.0,0.954,0.954,0.954,,,0.954,0.902,,0.834,0.724,0.954,0.954,0.95,0.954,0.0,0.954,,,,,,,,,,,,,,,,,,,,,,,,,,,,,,,,,,,,,,,,,,,,,,,,,,,,,,,,,,,,,,,,,,,,,,,,,,,,,,,,,,,,,,,
S300,0.466,,,,0.7,0.824,,,0.586,,,,,,,0.771,0.628,0.864,,0.624,,0.796,0.787,0.77,0.718,0.908,0.954,0.172,0.538,0.0,0.7,0.388,0.954,,,,,,,,,,,,,,,,,,,,,,,,,,,,,,,,,,,,,,,,,,,,,,,,,0.926,,,,,,,,,,,,,0.954,0.652,,0.582,0.336,0.168,0.836,0.746,,0.35,0.954,0.674,0.6,0.948,0.196,0.07,0.1,0.954,0.45,0.638,0.914,0.954,,0.83,0.276,0.718,0.754,0.624,0.582,0.698,0.796,0.584,0.834,0.412,0.886,0.528,0.0,0.564,0.924,0.954,0.746,,,,,,,,,,,,,,,,,,,,,,,,,,,,,,,,,,,,,,,,,,,,,,,,,,,,,,,,,,,,,,,,,,,,,,,,,,,,,,,,,,,,,,
C124,0.056,,,,0.656,0.726,,,0.516,,,,,,,0.584,0.268,0.375,,0.041,,0.446,0.36,0.204,0.518,0.454,0.746,0.0,0.074,0.93,0.558,0.052,0.298,,,,,,,,,,,,,,,,,,,,,,,,,,,,,,,,,,,,,,,,,,,,,,,,,0.9,,,,,,,,,,,,,0.718,0.668,0.9,0.948,0.268,0.848,0.828,0.714,0.31,0.564,0.552,0.806,0.78,0.788,0.724,0.928,0.664,0.862,0.59,0.078,0.846,0.728,0.58,0.918,0.548,0.83,0.942,0.33,0.888,0.948,0.632,0.948,0.496,0.308,0.952,0.552,0.734,0.834,0.936,0.79,0.478,,,,,,,,,,,,,,,,,,,,,,,,,,,,,,,,,,,,,,,,,,,,,,,,,,,,,,,,,,,,,,,,,,,,,,,,,,,,,,,,,,,,,,
S301,,,,,,,,,,,,,,,,,,,,,,,,,,0.08,,,,,,,0.006,,,,,,,,,,,,,,,,,,,,,,,,,,,,,,,,,,,,,,,,,,,,,,,,,,,,,,,,,,,,,,,,,,,,,,,,0.15,,,,,,,,,,,,,,,,,,,,,,,,,,,,,,,,,,,,,,,,,,,,,,,,,,,,,,,,,,,,,,,,,,,,,,,,,,,,,,,,,,,,,,,,,,,,,,,,,,,,,,,,,,,,,,,,,,,,
S302,0.156,,,,0.522,0.406,,,0.472,,,,,,,0.453,0.056,0.19,,0.0,,0.314,0.155,0.014,0.302,0.282,0.726,0.026,0.056,0.736,0.578,0.03,0.216,,,,,,,,,,,,,,,,,,,,,,,,,,,,,,,,,,,,,,,,,,,,,,,,,0.904,,,,,,,,,,,,,0.888,0.45,0.954,0.954,0.09,0.954,0.696,0.812,0.316,0.702,0.364,0.524,0.608,0.678,0.922,0.954,0.868,0.57,0.5,0.076,0.658,0.724,0.606,0.774,0.948,0.622,0.884,0.312,0.954,0.78,0.384,0.876,0.426,0.09,0.954,0.558,0.95,0.82,0.708,0.744,0.546,,,,,,,,,,,,,,,,,,,,,,,,,,,,,,,,,,,,,,,,,,,,,,,,,,,,,,,,,,,,,,,,,,,,,,,,,,,,,,,,,,,,,,
S586,,,,,,,,,,,,,,,,,,,,,,,,,,0.258,,,,,,,0.336,,,,,,,,,,,,,,,,,,,,,,,,,,,,,,,,,,,,,,,,,,,,,,,,,,,,,,,,,,,,,,,,,,,,,,,,0.704,,,,,,,,,,,,,,,,,,,,,,,,,,,,,,,,,,,,,,,,,,,,,,,,,,,,,,,,,,,,,,,,,,,,,,,,,,,,,,,,,,,,,,,,,,,,,,,,,,,,,,,,,,,,,,,,,,,,
S587,0.048,,,,0.469,0.364,,,0.318,,,,,,,0.576,0.225,0.25,,0.043,,0.464,0.325,0.21,0.524,0.226,0.636,0.03,0.172,,0.324,0.0,0.432,,,,,,,,,,,,,,,,,,,,,,,,,,,,,,,,,,,,,,,,,,,,,,,,,0.88,,,,,,,,,,,,,0.708,0.466,0.646,0.954,0.456,0.706,0.856,0.836,0.29,0.524,0.906,0.728,0.476,0.826,0.52,0.804,0.36,0.562,0.506,0.326,0.608,0.568,0.344,0.846,0.424,0.796,0.9,0.592,0.84,0.824,0.474,0.942,0.584,0.086,0.954,0.5,0.34,0.638,0.902,0.796,0.578,,,,,,,,,,,,,,,,,,,,,,,,,,,,,,,,,,,,,,,,,,,,,,,,,,,,,,,,,,,,,,,,,,,,,,,,,,,,,,,,,,,,,,
C126,0.244,,,,0.175,0.232,,,0.178,,,,,,,0.416,0.119,0.098,,0.043,,0.132,0.192,0.12,0.162,0.206,0.528,0.012,0.036,0.704,0.352,0.198,0.366,,,,,,,,,,,,,,,,,,,,,,,,,,,,,,,,,,,,,,,,,,,,,,,,,0.394,,,,,,,,,,,,,0.356,0.264,0.928,0.7,0.212,0.492,0.552,0.518,0.23,0.098,0.552,0.17,0.212,0.634,0.64,0.954,0.0,0.254,0.326,0.116,0.45,0.298,0.238,0.54,0.096,0.57,0.838,0.436,0.702,0.882,0.248,0.808,0.204,0.068,0.78,0.758,0.696,0.278,0.766,0.344,0.354,,,,,,,,,,,,,,,,,,,,,,,,,,,,,,,,,,,,,,,,,,,,,,,,,,,,,,,,,,,,,,,,,,,,,,,,,,,,,,,,,,,,,,
S303,0.16,,,,0.313,0.434,,,0.214,,,,,,,0.503,0.273,0.259,,0.009,,0.218,0.183,0.16,0.21,0.044,0.52,0.03,0.002,0.804,0.372,0.136,0.246,,,,,,,,,,,,,,,,,,,,,,,,,,,,,,,,,,,,,,,,,,,,,,,,,0.686,,,,,,,,,,,,,0.568,0.504,0.954,0.954,0.288,0.954,0.374,0.446,0.402,0.432,0.462,0.404,0.362,0.472,0.812,0.954,0.84,0.564,0.42,0.108,0.512,0.494,0.366,0.496,0.788,0.722,0.95,0.256,0.784,0.906,0.504,0.934,0.306,0.162,0.954,0.71,0.822,0.522,0.924,0.92,0.426,,,,,,,,,,,,,,,,,,,,,,,,,,,,,,,,,,,,,,,,,,,,,,,,,,,,,,,,,,,,,,,,,,,,,,,,,,,,,,,,,,,,,,
S304,0.268,,,,0.647,0.656,,,0.356,,,,,,,0.688,0.24,0.367,,0.044,,0.578,0.348,0.282,0.35,0.276,0.794,0.0,0.0,0.808,0.672,0.32,0.324,,,,,,,,,,,,,,,,,,,,,,,,,,,,,,,,,,,,,,,,,,,,,,,,,0.926,,,,,,,,,,,,,0.71,0.674,0.816,0.936,0.198,0.844,0.848,0.842,0.308,0.454,0.568,0.738,0.756,0.886,0.746,0.894,0.774,0.792,0.53,0.344,0.812,0.716,0.624,0.87,0.494,0.834,0.908,0.442,0.854,0.894,0.61,0.896,0.59,0.348,0.954,0.488,0.574,0.806,0.922,0.916,0.478,,,,,,,,,,,,,,,,,,,,,,,,,,,,,,,,,,,,,,,,,,,,,,,,,,,,,,,,,,,,,,,,,,,,,,,,,,,,,,,,,,,,,,
S588,0.126,,,,0.744,0.766,,,0.487,,,,,,,0.414,0.224,0.389,,0.0,,0.486,0.317,0.314,0.29,0.258,0.574,0.0,0.128,0.904,0.754,0.148,0.27,0.09,,,,,,,,,,,,,,,,,,,,,,,,,,,,,,,,,,,,,,,,,,,,,,,,0.954,,,,,,,,,,,,,0.774,0.936,0.79,0.858,0.188,0.756,0.576,0.684,0.412,0.932,0.366,0.73,0.88,0.72,0.628,0.802,0.52,0.766,0.522,0.268,0.872,0.772,0.62,0.828,0.224,0.584,0.914,0.108,0.9,0.928,0.478,0.874,0.494,0.174,0.904,0.242,0.8,0.844,0.892,0.82,0.722,0.284,,,,,,,,,,,,,,,,,,,,,,,,,,,,,,,,,,,,,,,,,,,,,,,,,,,,,,,,,,,,,,,,,,,,,,,,,,,,,,,,,,,,,
S305,0.14,,,,0.1,0.302,,,0.087,,,,,,,0.492,0.093,0.302,,0.0,,0.186,0.04,0.64,0.184,0.092,0.378,0.618,0.15,0.732,0.446,0.06,0.934,0.0,,,,,,,,,,,,,,,,,,,,,,,,,,,,,,,,,,,,,,,,,,,,,,,,0.954,,,,,,,,,,,,,0.712,,0.73,0.946,0.47,0.606,0.44,0.478,0.28,,0.954,0.18,,0.688,0.91,0.954,0.838,0.534,0.532,0.014,0.756,0.764,0.278,0.812,0.858,0.954,0.954,0.954,0.954,0.954,0.216,0.82,0.452,,0.954,0.954,0.862,0.514,0.928,0.954,0.926,0.934,,,,,,,,,,,,,,,,,,,,,,,,,,,,,,,,,,,,,,,,,,,,,,,,,,,,,,,,,,,,,,,,,,,,,,,,,,,,,,,,,,,,,
S306,0.032,,,,0.214,0.226,,,0.318,,,,,,,0.386,0.186,0.092,,0.04,,0.148,0.307,0.136,0.294,0.29,0.504,0.0,0.042,0.596,0.068,0.094,0.434,,,,,,,,,,,,,,,,,,,,,,,,,,,,,,,,,,,,,,,,,,,,,,,,,0.622,,,,,,,,,,,,,0.688,0.506,0.798,0.812,0.302,0.762,0.336,0.372,0.486,0.304,0.682,0.422,0.0,0.404,0.678,0.838,0.458,0.142,0.232,0.082,0.47,0.512,0.294,0.282,0.616,0.768,0.916,0.24,0.544,0.578,0.536,0.542,0.346,0.058,0.882,0.708,0.446,0.32,0.698,0.678,0.57,,,,,,,,,,,,,,,,,,,,,,,,,,,,,,,,,,,,,,,,,,,,,,,,,,,,,,,,,,,,,,,,,,,,,,,,,,,,,,,,,,,,,,
S307,0.082,,,,0.663,0.422,,,0.722,,,,,,,0.491,0.425,0.426,,0.108,,0.74,0.751,0.254,0.438,0.596,0.612,0.0,0.608,0.0,0.56,0.324,0.666,,,,,,,,,,,,,,,,,,,,,,,,,,,,,,,,,,,,,,,,,,,,,,,,,0.954,,,,,,,,,,,,,0.954,0.768,0.0,0.906,0.496,0.524,0.534,0.776,0.674,0.586,0.954,0.896,0.56,0.85,0.016,0.464,0.064,0.586,0.544,0.58,0.616,0.954,0.58,0.818,0.0,0.494,0.712,0.818,0.676,0.69,0.64,0.954,0.668,0.366,0.954,0.602,0.0,0.674,0.928,,0.762,,,,,,,,,,,,,,,,,,,,,,,,,,,,,,,,,,,,,,,,,,,,,,,,,,,,,,,,,,,,,,,,,,,,,,,,,,,,,,,,,,,,,,
S308,0.0,,,,0.478,0.316,,,0.294,,,,,,,0.585,0.15,0.204,,0.008,,0.326,0.312,0.124,0.306,0.28,0.664,0.028,0.118,0.764,0.458,0.112,0.238,,,,,,,,,,,,,,,,,,,,,,,,,,,,,,,,,,,,,,,,,,,,,,,,,0.842,,,,,,,,,,,,,0.608,0.47,0.786,0.89,0.216,0.818,0.668,0.666,0.242,0.524,0.446,0.6,0.514,0.744,0.536,0.894,0.582,0.482,0.484,0.06,0.66,0.516,0.336,0.72,0.424,0.778,0.934,0.352,0.876,0.88,0.344,0.9,0.49,0.076,0.932,0.366,0.474,0.604,0.914,0.636,0.408,,,,,,,,,,,,,,,,,,,,,,,,,,,,,,,,,,,,,,,,,,,,,,,,,,,,,,,,,,,,,,,,,,,,,,,,,,,,,,,,,,,,,,
S309,0.11,,,,0.347,0.362,,,0.38,,,,,,,0.49,0.005,0.379,,0.045,,0.448,0.295,0.204,0.322,0.266,0.734,0.094,0.204,0.356,0.624,0.112,0.6,,,,,,,,,,,,,,,,,,,,,,,,,,,,,,,,,,,,,,,,,,,,,,,,,0.948,,,,,,,,,,,,,0.704,0.604,0.628,0.804,0.346,0.74,0.728,0.75,0.288,0.484,0.712,0.664,0.52,0.858,0.604,0.686,0.578,0.724,0.512,0.13,0.702,0.622,0.458,0.882,0.632,0.832,0.94,0.534,0.826,0.858,0.41,0.81,0.552,0.15,0.916,0.492,0.272,0.68,0.932,0.894,0.688,,,,,,,,,,,,,,,,,,,,,,,,,,,,,,,,,,,,,,,,,,,,,,,,,,,,,,,,,,,,,,,,,,,,,,,,,,,,,,,,,,,,,,
S310,0.18,,,,0.645,0.584,,,0.522,,,,,,,0.603,0.231,0.344,,0.0,,0.416,0.385,0.282,0.518,0.418,0.802,0.0,0.144,0.774,0.708,0.346,0.546,,,,,,,,,,,,,,,,,,,,,,,,,,,,,,,,,,,,,,,,,,,,,,,,,0.952,,,,,,,,,,,,,0.626,0.696,0.792,0.91,0.36,0.764,0.806,0.818,0.396,0.612,0.688,0.612,0.702,0.898,0.632,0.834,0.796,0.828,0.596,0.174,0.826,0.72,0.544,0.92,0.598,0.906,0.954,0.534,0.882,0.936,0.45,0.858,0.614,0.208,0.938,0.474,0.524,0.802,0.952,0.896,0.712,,,,,,,,,,,,,,,,,,,,,,,,,,,,,,,,,,,,,,,,,,,,,,,,,,,,,,,,,,,,,,,,,,,,,,,,,,,,,,,,,,,,,,
S311,0.074,,,,0.21,0.188,,,0.37,,,,,,,0.578,0.105,0.306,,0.0,,0.404,0.232,0.168,0.266,0.224,0.676,0.05,0.154,0.612,0.596,0.068,0.36,,,,,,,,,,,,,,,,,,,,,,,,,,,,,,,,,,,,,,,,,,,,,,,,,0.206,,,,,,,,,,,,,0.402,0.224,0.954,0.954,0.23,0.954,0.558,,0.208,,0.906,0.892,0.372,0.5,0.954,,0.954,0.734,0.322,,0.892,0.394,0.37,0.722,0.954,0.772,0.954,,0.664,,0.23,0.622,0.33,0.076,0.954,0.112,0.954,0.478,,0.574,0.436,,,,,,,,,,,,,,,,,,,,,,,,,,,,,,,,,,,,,,,,,,,,,,,,,,,,,,,,,,,,,,,,,,,,,,,,,,,,,,,,,,,,,,
S312,0.37,,,,0.591,0.272,,,0.644,,,,,,,0.886,0.345,0.654,,0.097,,0.82,0.464,0.092,0.746,0.478,0.804,0.04,,0.0,0.342,0.394,0.772,,,,,,,,,,,,,,,,,,,,,,,,,,,,,,,,,,,,,,,,,,,,,,,,,0.954,,,,,,,,,,,,,0.954,0.676,0.034,0.692,0.452,0.0,0.836,0.796,0.544,0.526,0.944,0.74,0.646,0.932,0.312,0.322,0.242,,0.61,0.646,0.826,0.954,0.73,0.892,0.484,0.752,0.724,0.85,0.562,0.648,0.606,0.75,0.806,0.362,0.94,0.642,0.19,0.638,0.746,0.954,0.85,,,,,,,,,,,,,,,,,,,,,,,,,,,,,,,,,,,,,,,,,,,,,,,,,,,,,,,,,,,,,,,,,,,,,,,,,,,,,,,,,,,,,,
S313,0.21,,,,0.377,0.312,,,0.342,,,,,,,0.708,0.204,0.631,,0.0,,0.636,0.235,0.424,0.396,0.224,0.42,0.114,0.218,0.0,0.398,0.226,0.72,,,,,,,,,,,,,,,,,,,,,,,,,,,,,,,,,,,,,,,,,,,,,,,,,0.954,,,,,,,,,,,,,0.882,0.434,0.354,0.912,0.362,0.556,0.496,0.494,0.254,0.276,0.952,0.344,0.398,0.834,0.554,0.696,0.63,0.39,0.314,0.284,0.524,0.782,0.538,0.656,0.71,0.75,0.884,0.714,0.842,0.77,0.246,0.946,0.686,0.16,0.952,0.744,0.212,0.376,0.9,0.932,0.868,,,,,,,,,,,,,,,,,,,,,,,,,,,,,,,,,,,,,,,,,,,,,,,,,,,,,,,,,,,,,,,,,,,,,,,,,,,,,,,,,,,,,,
S314,,,,,,,,,,,,,,,,,,,,,,,,,,0.458,,,,,,,0.622,,,,,,,,,,,,,,,,,,,,,,,,,,,,,,,,,,,,,,,,,,,,,,,,,,,,,,,,,,,,,,,,,,,,,,,,0.954,,,,,,,,,,,,,,,,,,,,,,,,,,,,,,,,,,,,,,,,,,,,,,,,,,,,,,,,,,,,,,,,,,,,,,,,,,,,,,,,,,,,,,,,,,,,,,,,,,,,,,,,,,,,,,,,,,,,
S315,0.124,,,,0.79,0.584,,,0.31,,,,,,,0.451,0.159,0.283,,0.004,,0.454,0.237,0.26,0.182,0.222,0.74,0.0,0.038,0.852,0.744,0.004,0.22,,,,,,,,,,,,,,,,,,,,,,,,,,,,,,,,,,,,,,,,,,,,,,,,,0.908,,,,,,,,,,,,,0.652,0.662,0.732,0.926,0.362,0.832,0.572,0.738,0.28,0.802,0.48,0.888,0.774,0.792,0.472,0.854,0.7,0.868,0.526,0.074,0.794,0.526,0.43,0.942,0.274,0.706,0.93,0.344,0.926,0.918,0.372,0.95,0.422,0.09,0.948,0.282,0.612,0.87,0.938,0.668,0.372,,,,,,,,,,,,,,,,,,,,,,,,,,,,,,,,,,,,,,,,,,,,,,,,,,,,,,,,,,,,,,,,,,,,,,,,,,,,,,,,,,,,,,
C145,0.42,,,,0.617,0.424,,,0.314,,,,,,,0.376,0.207,0.333,,0.14,,0.548,0.288,0.312,0.734,0.584,0.738,0.0,0.088,0.846,0.724,0.038,0.522,,,,,,,,,,,,,,,,,,,,,,,,,,,,,,,,,,,,,,,,,,,,,,,,,0.918,,,,,,,,,,,,,0.7,0.544,0.796,0.852,0.288,0.81,0.738,0.75,0.186,0.672,0.382,0.8,0.754,0.722,0.6,0.866,0.746,0.878,0.452,0.09,0.856,0.656,0.53,0.918,0.548,0.714,0.812,0.312,0.828,0.838,0.526,0.862,0.518,0.246,0.876,0.426,0.672,0.836,0.82,0.588,0.478,,,,,,,,,,,,,,,,,,,,,,,,,,,,,,,,,,,,,,,,,,,,,,,,,,,,,,,,,,,,,,,,,,,,,,,,,,,,,,,,,,,,,,
C194,0.304,,,,0.321,0.274,,,0.089,,,,,,,0.677,0.224,0.557,,0.048,,0.68,0.412,0.226,0.0,0.322,0.384,0.172,0.436,,0.334,0.322,0.914,0.0,,,,,,,,,,,,,,,,,,,,,,,,,,,,,,,,,,,,,,,,,,,,,,,,0.954,,,,,,,,,,,,,0.874,0.564,0.722,0.772,0.4,0.514,0.43,0.434,0.446,0.47,0.952,0.242,0.586,0.858,0.886,0.954,0.55,0.486,0.436,0.378,0.77,0.778,0.714,0.612,0.642,0.948,0.868,0.858,0.892,0.834,0.428,0.816,0.734,0.194,0.894,0.954,0.802,0.628,0.908,0.94,0.954,0.88,,,,,,,,,,,,,,,,,,,,,,,,,,,,,,,,,,,,,,,,,,,,,,,,,,,,,,,,,,,,,,,,,,,,,,,,,,,,,,,,,,,,,
C517,,,,,,,,,,,,,,,,,,,,,,,,,,0.394,,,,,,,0.74,,,,,,,,,,,,,,,,,,,,,,,,,,,,,,,,,,,,,,,,,,,,,,,,,,,,,,,,,,,,,,,,,,,,,,,,0.95,,,,,,,,,,,,,,,,,,,,,,,,,,,,,,,,,,,,,,,,,,,,,,,,,,,,,,,,,,,,,,,,,,,,,,,,,,,,,,,,,,,,,,,,,,,,,,,,,,,,,,,,,,,,,,,,,,,,
S589,0.0,,,,0.225,0.0,,,0.297,,,,,,,0.361,0.125,0.0,,0.0,,0.122,0.28,0.022,0.304,0.404,0.41,0.028,0.028,0.756,0.358,0.0,0.066,0.036,,,,,,,,,,,,,,,,,,,,,,,,,,,,,,,,,,,,,,,,,,,,,,,,0.578,,,,,,,,,,,,,0.79,0.314,0.81,0.772,0.138,0.614,0.594,0.56,0.214,0.252,0.408,0.358,0.358,0.62,0.602,0.852,0.204,0.418,0.448,0.0,0.658,0.8,0.46,0.638,0.372,0.488,0.796,0.128,0.7,0.792,0.644,0.608,0.414,0.348,0.67,0.598,0.616,0.46,0.618,0.236,0.038,0.138,,,,,,,,,,,,,,,,,,,,,,,,,,,,,,,,,,,,,,,,,,,,,,,,,,,,,,,,,,,,,,,,,,,,,,,,,,,,,,,,,,,,,
C141,0.12,,,,0.569,0.416,,,0.332,,,,,,,0.535,0.097,0.211,,0.066,,0.362,0.383,0.164,0.292,0.338,0.524,0.006,0.204,0.476,0.6,0.196,0.294,,,,,,,,,,,,,,,,,,,,,,,,,,,,,,,,,,,,,,,,,,,,,,,,,0.944,,,,,,,,,,,,,0.724,0.518,0.286,0.824,0.436,0.656,0.726,0.74,0.202,0.556,0.92,0.744,0.676,0.816,0.432,0.552,0.53,0.692,0.46,0.21,0.78,0.638,0.0,0.838,0.494,0.82,0.954,0.618,0.874,0.782,0.4,0.886,0.438,0.098,0.874,0.358,0.134,0.77,0.786,0.774,0.524,,,,,,,,,,,,,,,,,,,,,,,,,,,,,,,,,,,,,,,,,,,,,,,,,,,,,,,,,,,,,,,,,,,,,,,,,,,,,,,,,,,,,,
C518,,,,,,,,,,,,,,,,,,,,,,,,,,0.28,,,,,,,0.126,,,,,,,,,,,,,,,,,,,,,,,,,,,,,,,,,,,,,,,,,,,,,,,,,,,,,,,,,,,,,,,,,,,,,,,,0.632,,,,,,,,,,,,,,,,,,,,,,,,,,,,,,,,,,,,,,,,,,,,,,,,,,,,,,,,,,,,,,,,,,,,,,,,,,,,,,,,,,,,,,,,,,,,,,,,,,,,,,,,,,,,,,,,,,,,
S319,,,,,,,,,,,,,,,,,,,,,,,,,,0.048,,,,,,,0.244,,,,,,,,,,,,,,,,,,,,,,,,,,,,,,,,,,,,,,,,,,,,,,,,,,,,,,,,,,,,,,,,,,,,,,,,0.536,,,,,,,,,,,,,,,,,,,,,,,,,,,,,,,,,,,,,,,,,,,,,,,,,,,,,,,,,,,,,,,,,,,,,,,,,,,,,,,,,,,,,,,,,,,,,,,,,,,,,,,,,,,,,,,,,,,,
S320,0.048,,,,0.491,0.594,,,0.302,,,,,,,0.552,0.19,0.357,,0.0,,0.304,0.16,0.124,0.202,0.128,0.49,0.0,0.0,0.608,0.598,0.312,0.442,,,,,,,,,,,,,,,,,,,,,,,,,,,,,,,,,,,,,,,,,,,,,,,,,0.73,,,,,,,,,,,,,0.618,0.63,0.602,0.84,0.144,0.728,0.778,0.69,0.132,0.506,0.774,0.59,0.524,0.642,0.58,0.736,0.522,0.602,0.342,0.222,0.772,0.448,0.884,0.84,0.688,0.718,0.828,0.342,0.804,0.792,0.476,0.882,0.372,0.184,0.948,0.67,0.408,0.686,0.914,0.868,0.63,,,,,,,,,,,,,,,,,,,,,,,,,,,,,,,,,,,,,,,,,,,,,,,,,,,,,,,,,,,,,,,,,,,,,,,,,,,,,,,,,,,,,,
S321,0.028,,,,0.365,0.032,,,0.192,,,,,,,0.28,0.041,0.024,,0.0,,0.032,0.058,0.124,0.354,0.394,0.61,0.016,0.026,0.776,0.86,0.008,0.226,,,,,,,,,,,,,,,,,,,,,,,,,,,,,,,,,,,,,,,,,,,,,,,,,0.954,,,,,,,,,,,,,0.588,0.244,0.954,0.954,0.198,0.954,0.672,0.738,0.162,0.234,0.65,0.274,0.954,0.6,0.532,0.954,0.476,0.954,0.45,0.072,0.954,0.746,0.352,0.852,0.638,0.846,0.954,0.094,0.792,0.954,0.406,0.902,0.206,0.034,0.954,0.368,0.346,0.954,0.778,0.352,0.186,,,,,,,,,,,,,,,,,,,,,,,,,,,,,,,,,,,,,,,,,,,,,,,,,,,,,,,,,,,,,,,,,,,,,,,,,,,,,,,,,,,,,,
S324,0.044,,,,0.144,0.224,,,0.17,,,,,,,0.267,0.199,0.131,,0.031,,0.242,0.361,0.102,0.274,0.074,0.428,0.08,0.202,0.402,0.236,0.086,0.878,0.0,,,,,,,,,,,,,,,,,,,,,,,,,,,,,,,,,,,,,,,,,,,,,,,,0.954,,,,,,,,,,,,,0.624,0.326,0.326,0.54,0.218,,0.746,0.798,0.246,0.174,0.802,0.294,0.232,0.804,0.804,0.326,0.78,0.326,0.544,0.076,0.468,0.352,0.178,0.776,0.84,0.854,0.872,0.938,0.464,0.53,0.276,0.554,0.334,0.186,0.858,0.916,0.124,0.452,0.81,0.954,0.932,0.8,,,,,,,,,,,,,,,,,,,,,,,,,,,,,,,,,,,,,,,,,,,,,,,,,,,,,,,,,,,,,,,,,,,,,,,,,,,,,,,,,,,,,
S325,,,,,,,,,,,,,,,,,,,,,,,,,,0.716,,,,,,,0.0,0.0,,,,,,,,,,,,,,,,,,,,,,,,,,,,,,,,,,,,,,,,,,,,,,,,,,,,,,,,,,,,,,,,,,,,,,,0.014,,,,,,,,,,,,,,,,,,,,,,,,,,,,,,,0.0,,,,,,,,,,,,,,,,,,,,,,,,,,,,,,,,,,,,,,,,,,,,,,,,,,,,,,,,,,,,,,,,,,,,,,,,,,,,,,,,,,,,,
S327,0.252,,,,0.259,0.0,,,0.002,,,,,,,0.644,0.632,0.635,,0.127,,0.954,0.645,0.656,0.904,0.638,0.316,0.312,0.238,0.362,0.862,0.0,0.626,0.0,,,,,,,,,,,,,,,,,,,,,,,,,,,,,,,,,,,,,,,,,,,,,,,,0.954,,,,,,,,,,,,,0.954,0.75,0.588,0.882,0.562,0.908,0.728,0.656,0.884,0.0,0.096,0.676,0.8,0.954,0.886,,0.406,0.808,0.544,0.954,0.798,0.954,0.954,0.902,0.77,0.954,0.932,0.942,0.886,0.726,0.546,0.954,0.906,0.16,0.952,,0.452,0.954,0.926,0.954,0.0,0.37,,,,,,,,,,,,,,,,,,,,,,,,,,,,,,,,,,,,,,,,,,,,,,,,,,,,,,,,,,,,,,,,,,,,,,,,,,,,,,,,,,,,,
S328,0.316,,,,0.753,0.83,,,0.482,,,,,,,0.698,0.546,0.537,,0.138,,0.608,0.415,0.582,0.574,0.322,0.61,0.072,0.124,0.872,0.764,0.232,0.464,0.0,,,,,,,,,,,,,,,,,,,,,,,,,,,,,,,,,,,,,,,,,,,,,,,,0.75,,,,,,,,,,,,,0.796,0.922,0.87,0.924,0.726,0.9,0.934,0.944,0.69,0.682,0.602,0.776,0.746,0.954,0.706,0.864,0.488,0.936,0.714,0.61,0.944,0.836,0.578,0.942,0.538,0.726,0.898,0.382,0.908,0.922,0.704,0.91,0.612,0.686,0.932,0.874,0.604,0.8,0.944,0.954,0.774,0.48,,,,,,,,,,,,,,,,,,,,,,,,,,,,,,,,,,,,,,,,,,,,,,,,,,,,,,,,,,,,,,,,,,,,,,,,,,,,,,,,,,,,,
S329,0.204,,,,0.584,0.616,,,0.341,,,,,,,0.678,0.351,0.517,,0.041,,0.466,0.591,0.29,0.586,0.274,0.482,0.086,0.128,0.09,0.626,0.446,0.322,0.036,,,,,,,,,,,,,,,,,,,,,,,,,,,,,,,,,,,,,,,,,,,,,,,,0.736,,,,,,,,,,,,,0.822,0.542,0.33,0.394,0.252,0.322,0.556,0.61,0.53,0.234,0.382,0.668,0.248,0.884,0.36,0.0,0.098,0.642,0.298,0.496,0.792,0.792,0.556,0.592,0.404,0.46,0.516,0.192,0.512,0.332,0.64,0.47,0.514,0.128,0.752,0.16,0.314,0.686,0.706,0.518,0.528,0.132,,,,,,,,,,,,,,,,,,,,,,,,,,,,,,,,,,,,,,,,,,,,,,,,,,,,,,,,,,,,,,,,,,,,,,,,,,,,,,,,,,,,,
S330,0.02,,,,0.646,0.508,,,0.381,,,,,,,0.473,0.196,0.209,,0.03,,0.426,0.273,0.148,0.5,0.408,0.502,0.056,0.066,0.794,0.742,0.132,0.084,0.0,,,,,,,,,,,,,,,,,,,,,,,,,,,,,,,,,,,,,,,,,,,,,,,,0.816,,,,,,,,,,,,,0.752,0.624,0.78,0.9,0.28,0.838,0.9,0.86,0.25,0.648,0.49,0.816,0.708,0.892,0.444,0.86,0.606,0.85,0.516,0.098,0.82,0.874,0.566,0.888,0.41,0.736,0.898,0.246,0.862,0.908,0.616,0.884,0.574,0.318,0.932,0.6,0.542,0.844,0.904,0.572,0.776,0.18,,,,,,,,,,,,,,,,,,,,,,,,,,,,,,,,,,,,,,,,,,,,,,,,,,,,,,,,,,,,,,,,,,,,,,,,,,,,,,,,,,,,,
S331,0.11,,,,0.068,0.336,,,0.526,,,,,,,0.74,0.215,0.304,,0.0,,0.382,0.5,0.298,0.34,0.656,0.442,0.174,0.246,0.442,0.508,0.366,0.594,0.008,,,,,,,,,,,,,,,,,,,,,,,,,,,,,,,,,,,,,,,,,,,,,,,,0.954,,,,,,,,,,,,,0.938,0.576,0.884,0.684,0.742,0.478,0.744,0.838,0.732,0.55,0.848,0.606,0.324,0.856,0.954,0.954,0.43,,0.45,0.15,0.754,0.694,0.472,0.954,,0.868,0.954,0.868,0.954,0.588,0.348,0.67,0.45,0.164,0.954,0.954,,0.662,0.786,0.954,0.954,0.676,,,,,,,,,,,,,,,,,,,,,,,,,,,,,,,,,,,,,,,,,,,,,,,,,,,,,,,,,,,,,,,,,,,,,,,,,,,,,,,,,,,,,
S332,,,,,,,,,,,,,,,,,,,,,,,,,,0.318,,,,,,,0.632,0.168,,,,,,,,,,,,,,,,,,,,,,,,,,,,,,,,,,,,,,,,,,,,,,,,,,,,,,,,,,,,,,,,,,,,,,,0.884,,,,,,,,,,,,,,,,,,,,,,,,,,,,,,,0.948,,,,,,,,,,,,,,,,,,,,,,,,,,,,,,,,,,,,,,,,,,,,,,,,,,,,,,,,,,,,,,,,,,,,,,,,,,,,,,,,,,,,,
S333,0.072,,,,0.537,0.232,,,0.196,,,,,,,0.493,0.332,0.272,,0.0,,0.46,0.296,0.214,0.402,0.044,0.442,0.054,0.07,0.69,0.7,0.17,0.172,0.0,,,,,,,,,,,,,,,,,,,,,,,,,,,,,,,,,,,,,,,,,,,,,,,,0.088,,,,,,,,,,,,,0.45,0.0,0.224,0.2,0.39,0.0,0.234,0.442,0.078,0.002,0.252,0.068,0.046,0.066,0.228,0.236,0.048,0.24,0.556,0.0,0.31,0.306,0.202,0.062,0.054,0.246,0.448,0.0,0.098,0.436,0.072,0.0,0.02,0.06,0.52,0.038,0.684,0.342,0.002,0.344,0.04,0.054,,,,,,,,,,,,,,,,,,,,,,,,,,,,,,,,,,,,,,,,,,,,,,,,,,,,,,,,,,,,,,,,,,,,,,,,,,,,,,,,,,,,,
S334,0.028,,,,0.548,0.184,,,0.171,,,,,,,0.434,0.337,0.234,,0.0,,0.37,0.398,0.246,0.244,0.304,0.552,0.064,0.04,0.858,0.808,0.088,0.526,0.0,,,,,,,,,,,,,,,,,,,,,,,,,,,,,,,,,,,,,,,,,,,,,,,,0.954,,,,,,,,,,,,,0.57,0.334,0.82,0.92,0.368,0.846,0.784,0.92,0.33,0.532,0.438,0.608,0.764,0.854,0.704,0.954,0.716,0.88,0.596,0.05,0.816,0.392,0.352,0.94,0.682,0.916,0.95,0.636,0.894,0.912,0.4,0.922,0.482,0.456,0.93,0.882,0.548,0.872,0.926,0.684,0.938,0.456,,,,,,,,,,,,,,,,,,,,,,,,,,,,,,,,,,,,,,,,,,,,,,,,,,,,,,,,,,,,,,,,,,,,,,,,,,,,,,,,,,,,,
C521,,,,,,,,,,,,,,,,,,,,,,,,,,0.0,,,,,,,0.028,0.0,,,,,,,,,,,,,,,,,,,,,,,,,,,,,,,,,,,,,,,,,,,,,,,,,,,,,,,,,,,,,,,,,,,,,,,0.0,,,,,,,,,,,,,,,,,,,,,,,,,,,,,,,0.0,,,,,,,,,,,,,,,,,,,,,,,,,,,,,,,,,,,,,,,,,,,,,,,,,,,,,,,,,,,,,,,,,,,,,,,,,,,,,,,,,,,,,
S335,0.122,,,,0.339,0.378,,,0.222,,,,,,,0.436,0.03,0.108,,0.028,,0.23,0.282,0.154,0.27,0.036,0.514,0.026,0.196,0.818,0.362,0.174,0.312,0.0,,,,,,,,,,,,,,,,,,,,,,,,,,,,,,,,,,,,,,,,,,,,,,,,0.424,,,,,,,,,,,,,0.642,0.58,0.738,0.758,0.312,0.758,0.66,0.726,0.374,0.648,0.382,0.336,0.41,0.712,0.156,0.93,0.0,0.0,0.432,0.326,0.466,0.58,0.408,0.7,0.116,0.66,0.854,0.248,0.886,0.872,0.304,0.86,0.468,0.222,0.83,0.518,0.334,0.33,0.866,0.218,0.398,0.304,,,,,,,,,,,,,,,,,,,,,,,,,,,,,,,,,,,,,,,,,,,,,,,,,,,,,,,,,,,,,,,,,,,,,,,,,,,,,,,,,,,,,
S336,,,,,,,,,,,,,,,,,,,,,,,,,,0.0,,,,,,,0.12,0.0,,,,,,,,,,,,,,,,,,,,,,,,,,,,,,,,,,,,,,,,,,,,,,,,,,,,,,,,,,,,,,,,,,,,,,,0.204,,,,,,,,,,,,,,,,,,,,,,,,,,,,,,,0.066,,,,,,,,,,,,,,,,,,,,,,,,,,,,,,,,,,,,,,,,,,,,,,,,,,,,,,,,,,,,,,,,,,,,,,,,,,,,,,,,,,,,,
S337,0.416,,,,0.169,0.25,,,0.312,,,,,,,0.25,0.001,0.063,,0.022,,0.102,0.292,0.284,0.09,0.0,0.178,0.128,0.374,0.872,0.216,0.0,0.36,0.0,,,,,,,,,,,,,,,,,,,,,,,,,,,,,,,,,,,,,,,,,,,,,,,,0.608,,,,,,,,,,,,,0.664,0.65,0.954,0.954,0.562,0.954,0.458,0.678,0.578,0.632,0.456,0.662,0.41,0.544,0.84,0.954,0.876,0.304,0.396,0.116,0.492,0.444,0.366,0.474,0.942,0.758,0.954,0.354,0.856,0.954,0.292,0.89,0.42,0.152,0.946,0.362,0.702,0.656,0.842,0.754,0.316,0.338,,,,,,,,,,,,,,,,,,,,,,,,,,,,,,,,,,,,,,,,,,,,,,,,,,,,,,,,,,,,,,,,,,,,,,,,,,,,,,,,,,,,,
S338,0.272,,,,0.37,0.448,,,0.282,,,,,,,0.91,0.218,0.747,,0.12,,0.842,0.459,0.232,0.54,0.398,0.452,0.218,0.194,0.0,0.48,0.24,0.74,0.0,,,,,,,,,,,,,,,,,,,,,,,,,,,,,,,,,,,,,,,,,,,,,,,,0.854,,,,,,,,,,,,,0.856,0.522,0.1,0.554,0.472,0.524,0.678,0.716,0.312,0.282,0.716,0.572,0.394,0.884,0.526,0.18,0.554,0.57,0.346,0.456,0.874,0.928,0.65,0.812,0.82,0.682,0.834,0.666,0.61,0.614,0.622,0.584,0.75,0.232,0.818,0.602,0.302,0.612,0.74,0.954,0.756,0.588,,,,,,,,,,,,,,,,,,,,,,,,,,,,,,,,,,,,,,,,,,,,,,,,,,,,,,,,,,,,,,,,,,,,,,,,,,,,,,,,,,,,,
S340,0.154,,,,0.306,0.29,,,0.113,,,,,,,0.255,0.087,0.11,,0.0,,0.292,0.116,0.296,0.186,0.03,0.428,0.094,0.0,0.724,0.696,0.008,0.432,0.0,,,,,,,,,,,,,,,,,,,,,,,,,,,,,,,,,,,,,,,,,,,,,,,,0.924,,,,,,,,,,,,,,0.422,0.722,0.85,0.54,0.808,0.55,0.584,0.66,0.612,0.508,0.264,0.586,0.628,0.656,0.736,0.75,0.778,0.57,0.0,0.676,0.474,0.646,0.794,0.692,0.82,0.954,0.488,0.854,0.934,0.198,0.836,0.31,0.0,0.878,0.538,0.084,0.74,0.888,0.748,0.882,0.414,,,,,,,,,,,,,,,,,,,,,,,,,,,,,,,,,,,,,,,,,,,,,,,,,,,,,,,,,,,,,,,,,,,,,,,,,,,,,,,,,,,,,
S341,0.134,,,,0.232,0.224,,,0.113,,,,,,,0.29,0.153,0.291,,0.117,,0.34,0.241,0.264,0.26,0.078,0.408,0.112,0.086,0.514,0.336,0.214,0.838,0.0,,,,,,,,,,,,,,,,,,,,,,,,,,,,,,,,,,,,,,,,,,,,,,,,0.878,,,,,,,,,,,,,0.656,0.198,0.204,0.478,0.582,0.69,0.814,0.524,0.242,0.084,0.808,,0.24,0.642,0.57,0.0,0.572,0.642,0.236,0.4,0.55,0.708,0.0,0.59,,0.66,0.768,0.624,0.6,0.778,0.434,0.57,0.404,0.0,0.824,0.0,0.0,0.226,0.854,0.922,0.726,0.78,,,,,,,,,,,,,,,,,,,,,,,,,,,,,,,,,,,,,,,,,,,,,,,,,,,,,,,,,,,,,,,,,,,,,,,,,,,,,,,,,,,,,
S343,0.076,,,,0.333,0.45,,,0.213,,,,,,,0.45,0.253,0.358,,0.039,,0.228,0.145,0.232,0.236,0.092,0.394,0.058,0.112,0.588,0.452,0.124,0.632,0.0,,,,,,,,,,,,,,,,,,,,,,,,,,,,,,,,,,,,,,,,,,,,,,,,0.912,,,,,,,,,,,,,0.566,0.636,0.632,0.738,0.334,0.642,0.622,0.556,0.534,0.216,0.724,0.352,0.474,0.59,0.636,0.792,0.656,0.446,0.506,0.076,0.546,0.55,0.44,0.598,0.714,0.886,0.922,0.644,0.73,0.636,0.438,0.726,0.292,0.22,0.776,0.664,0.252,0.524,0.72,0.77,0.64,0.704,,,,,,,,,,,,,,,,,,,,,,,,,,,,,,,,,,,,,,,,,,,,,,,,,,,,,,,,,,,,,,,,,,,,,,,,,,,,,,,,,,,,,
C295,0.074,,,,0.278,0.0,,,0.235,,,,,,,0.33,0.422,0.076,,0.0,,0.188,0.175,0.344,0.24,0.096,0.542,0.136,0.04,0.946,0.802,0.004,0.552,0.0,,,,,,,,,,,,,,,,,,,,,,,,,,,,,,,,,,,,,,,,,,,,,,,,0.954,,,,,,,,,,,,,0.636,0.462,0.952,0.954,0.148,0.934,0.586,0.792,0.42,0.756,0.532,0.202,0.742,0.724,0.954,0.954,0.776,0.664,0.474,0.0,0.8,0.612,0.602,0.8,0.834,0.752,0.87,0.412,0.852,0.854,0.434,0.75,0.496,0.452,0.954,0.888,,0.926,0.818,0.826,0.828,0.498,,,,,,,,,,,,,,,,,,,,,,,,,,,,,,,,,,,,,,,,,,,,,,,,,,,,,,,,,,,,,,,,,,,,,,,,,,,,,,,,,,,,,
S344,0.138,,,,0.261,0.318,,,0.161,,,,,,,0.449,0.131,0.441,,0.009,,0.438,0.169,0.092,0.214,0.132,0.294,0.13,0.106,0.712,0.35,0.186,0.806,0.0,,,,,,,,,,,,,,,,,,,,,,,,,,,,,,,,,,,,,,,,,,,,,,,,0.952,,,,,,,,,,,,,0.908,0.286,0.678,0.654,,0.51,0.954,0.792,0.884,0.246,0.844,0.618,0.734,0.952,0.894,0.648,0.722,0.648,0.406,0.398,0.706,0.936,,0.592,0.724,0.936,0.942,0.78,0.7,0.712,0.586,0.712,0.664,0.582,0.852,0.944,0.318,0.46,0.76,0.784,0.942,0.78,,,,,,,,,,,,,,,,,,,,,,,,,,,,,,,,,,,,,,,,,,,,,,,,,,,,,,,,,,,,,,,,,,,,,,,,,,,,,,,,,,,,,
S346,0.052,,,,0.745,0.688,,,0.555,,,,,,,0.654,0.335,0.294,,0.054,,,0.485,0.13,0.4,0.49,0.562,0.0,0.0,0.952,0.764,0.384,0.216,0.106,,,,,,,,,,,,,,,,,,,,,,,,,,,,,,,,,,,,,,,,,,,,,,,,0.914,,,,,,,,,,,,,0.768,0.704,0.95,0.902,0.378,0.896,0.782,0.808,0.92,0.916,0.474,0.752,0.868,0.798,0.6,0.928,0.712,0.882,0.56,0.348,0.866,0.742,0.748,0.946,0.51,0.874,0.934,0.43,0.932,0.914,0.46,0.912,0.492,0.226,0.92,0.942,0.498,0.888,0.928,0.48,0.58,0.208,,,,,,,,,,,,,,,,,,,,,,,,,,,,,,,,,,,,,,,,,,,,,,,,,,,,,,,,,,,,,,,,,,,,,,,,,,,,,,,,,,,,,
S347,,,,,,,,,,,,,,,,,,,,,,,,,,0.11,,,,,,,0.14,0.0,,,,,,,,,,,,,,,,,,,,,,,,,,,,,,,,,,,,,,,,,,,,,,,,,,,,,,,,,,,,,,,,,,,,,,,0.236,,,,,,,,,,,,,,,,,,,,,,,,,,,,,,,0.132,,,,,,,,,,,,,,,,,,,,,,,,,,,,,,,,,,,,,,,,,,,,,,,,,,,,,,,,,,,,,,,,,,,,,,,,,,,,,,,,,,,,,
S348,0.012,,,,0.542,0.224,,,0.26,,,,,,,0.589,0.104,0.164,,0.0,,0.376,0.241,0.216,0.244,0.088,0.572,0.008,0.094,0.864,0.752,0.156,0.204,0.018,,,,,,,,,,,,,,,,,,,,,,,,,,,,,,,,,,,,,,,,,,,,,,,,0.81,,,,,,,,,,,,,0.81,0.634,0.89,0.954,0.358,0.762,0.642,0.702,0.284,0.544,0.3,0.726,0.782,0.746,0.668,0.954,0.584,0.886,0.504,0.112,0.904,0.838,0.512,0.932,0.312,0.584,0.936,0.27,0.896,0.946,0.298,0.79,0.404,0.06,0.88,0.58,0.88,0.758,0.938,0.488,0.642,0.28,,,,,,,,,,,,,,,,,,,,,,,,,,,,,,,,,,,,,,,,,,,,,,,,,,,,,,,,,,,,,,,,,,,,,,,,,,,,,,,,,,,,,
S349,0.07,,,,0.373,0.368,,,0.333,,,,,,,0.476,0.364,0.024,,0.07,,0.332,0.341,0.196,0.406,0.264,0.442,0.0,0.202,0.6,0.3,0.228,0.424,0.0,,,,,,,,,,,,,,,,,,,,,,,,,,,,,,,,,,,,,,,,,,,,,,,,0.638,,,,,,,,,,,,,0.628,0.47,0.528,0.692,0.152,0.584,0.63,0.644,0.336,0.392,0.498,0.47,0.454,0.732,0.56,0.716,0.318,0.414,0.422,0.238,0.652,0.556,0.458,0.718,0.392,0.786,0.878,0.478,0.76,0.68,0.46,0.682,0.554,0.332,0.752,0.418,0.43,0.488,0.724,0.608,0.42,0.354,,,,,,,,,,,,,,,,,,,,,,,,,,,,,,,,,,,,,,,,,,,,,,,,,,,,,,,,,,,,,,,,,,,,,,,,,,,,,,,,,,,,,
C522,,,,,,,,,,,,,,,,,,,,,,,,,,0.258,,,,,,,0.106,0.0,,,,,,,,,,,,,,,,,,,,,,,,,,,,,,,,,,,,,,,,,,,,,,,,,,,,,,,,,,,,,,,,,,,,,,,0.402,,,,,,,,,,,,,,,,,,,,,,,,,,,,,,,0.136,,,,,,,,,,,,,,,,,,,,,,,,,,,,,,,,,,,,,,,,,,,,,,,,,,,,,,,,,,,,,,,,,,,,,,,,,,,,,,,,,,,,,
S350,0.04,,,,0.607,0.242,,,0.444,,,,,,,0.4,0.167,0.115,,0.0,,0.406,0.182,0.108,0.296,0.2,0.542,0.054,0.0,0.886,0.756,0.0,0.244,0.0,,,,,,,,,,,,,,,,,,,,,,,,,,,,,,,,,,,,,,,,,,,,,,,,0.954,,,,,,,,,,,,,0.542,0.632,0.954,0.906,0.29,0.864,0.804,0.786,0.422,0.828,0.55,0.716,0.846,0.828,0.724,0.954,0.754,0.808,0.546,0.05,0.808,0.364,0.318,0.952,0.6,0.924,0.954,0.55,0.954,0.918,0.344,0.91,0.414,0.008,0.908,0.67,,0.814,0.93,0.524,0.754,0.5,,,,,,,,,,,,,,,,,,,,,,,,,,,,,,,,,,,,,,,,,,,,,,,,,,,,,,,,,,,,,,,,,,,,,,,,,,,,,,,,,,,,,
S595,,,,,,,,,,,,,,,,,,,,,,,,,,0.342,,,,,,,0.07,0.032,,,,,,,,,,,,,,,,,,,,,,,,,,,,,,,,,,,,,,,,,,,,,,,,,,,,,,,,,,,,,,,,,,,,,,,0.424,,,,,,,,,,,,,,,,,,,,,,,,,,,,,,,0.246,,,,,,,,,,,,,,,,,,,,,,,,,,,,,,,,,,,,,,,,,,,,,,,,,,,,,,,,,,,,,,,,,,,,,,,,,,,,,,,,,,,,,
S351,0.148,,,,0.878,0.332,,,0.283,,,,,,,0.677,0.288,0.223,,0.321,,0.624,0.496,0.142,0.532,0.18,0.336,0.0,0.044,0.814,0.394,0.0,0.33,0.082,,,,,,,,,,,,,,,,,,,,,,,,,,,,,,,,,,,,,,,,,,,,,,,,0.894,,,,,,,,,,,,,0.534,0.54,0.636,0.548,0.458,0.216,0.692,0.546,0.324,0.476,0.484,0.954,0.536,0.43,0.576,,0.08,,0.244,0.408,0.37,0.654,0.544,0.708,0.006,0.708,0.954,0.52,0.872,0.69,0.658,0.612,0.272,0.034,0.598,0.78,0.488,0.436,0.66,0.236,0.708,0.37,,,,,,,,,,,,,,,,,,,,,,,,,,,,,,,,,,,,,,,,,,,,,,,,,,,,,,,,,,,,,,,,,,,,,,,,,,,,,,,,,,,,,
S352,0.0,,,,0.417,0.184,,,0.274,,,,,,,0.508,0.077,0.153,,0.0,,0.268,0.234,0.116,0.208,0.03,0.256,0.048,0.056,0.822,0.372,0.064,0.172,0.0,,,,,,,,,,,,,,,,,,,,,,,,,,,,,,,,,,,,,,,,,,,,,,,,0.464,,,,,,,,,,,,,0.766,0.772,0.786,0.882,0.226,0.838,0.442,0.26,0.674,0.892,0.402,0.458,0.388,0.584,0.582,0.954,0.538,0.254,0.296,0.418,0.658,0.62,0.646,0.744,0.644,0.73,0.954,0.106,0.868,,0.192,0.42,0.492,0.056,0.9,0.58,0.84,0.702,0.514,0.692,0.426,0.276,,,,,,,,,,,,,,,,,,,,,,,,,,,,,,,,,,,,,,,,,,,,,,,,,,,,,,,,,,,,,,,,,,,,,,,,,,,,,,,,,,,,,
S353,0.04,,,,0.393,0.36,,,0.275,,,,,,,0.422,0.209,0.073,,0.089,,0.24,0.231,0.068,0.0,0.236,0.44,0.016,0.0,0.83,0.288,0.232,0.19,0.0,,,,,,,,,,,,,,,,,,,,,,,,,,,,,,,,,,,,,,,,,,,,,,,,0.494,,,,,,,,,,,,,0.422,0.594,,0.794,0.206,0.678,0.662,0.62,0.348,0.702,0.284,0.452,0.218,0.6,0.32,0.954,0.636,0.166,0.398,0.172,0.326,0.374,0.298,0.768,0.224,0.684,0.952,0.238,0.934,0.842,0.14,0.838,0.392,0.342,0.912,,0.46,0.274,0.858,0.522,0.442,0.328,,,,,,,,,,,,,,,,,,,,,,,,,,,,,,,,,,,,,,,,,,,,,,,,,,,,,,,,,,,,,,,,,,,,,,,,,,,,,,,,,,,,,
C171,0.042,,,,0.355,0.294,,,0.319,,,,,,,0.531,0.231,0.209,,0.1,,0.378,0.363,0.038,0.376,0.258,0.264,0.072,0.082,,0.036,0.248,0.746,0.0,,,,,,,,,,,,,,,,,,,,,,,,,,,,,,,,,,,,,,,,,,,,,,,,0.954,,,,,,,,,,,,,0.954,0.646,0.0,0.398,0.534,0.0,0.402,0.352,0.68,,0.814,0.524,0.362,0.328,0.896,,0.358,0.0,0.214,0.546,0.0,0.83,0.822,0.794,0.332,0.798,0.954,0.954,0.954,0.444,0.452,0.184,0.564,0.048,0.298,0.508,0.45,0.244,0.346,0.918,0.884,0.944,,,,,,,,,,,,,,,,,,,,,,,,,,,,,,,,,,,,,,,,,,,,,,,,,,,,,,,,,,,,,,,,,,,,,,,,,,,,,,,,,,,,,
S354,0.082,,,,0.64,0.57,,,0.479,,,,,,,0.706,0.128,0.296,,0.014,,0.41,0.231,0.354,0.418,0.198,0.512,0.088,0.018,0.918,0.666,0.402,0.116,0.0,,,,,,,,,,,,,,,,,,,,,,,,,,,,,,,,,,,,,,,,,,,,,,,,0.826,,,,,,,,,,,,,0.9,0.684,0.954,0.872,0.58,0.858,0.786,0.702,0.676,0.716,0.424,0.792,0.666,0.808,0.63,,0.554,0.722,0.578,0.382,0.778,0.69,0.556,0.894,0.426,0.76,0.928,0.318,0.932,0.87,0.578,0.866,0.574,0.236,0.918,0.844,0.75,0.744,0.894,0.706,0.76,0.236,,,,,,,,,,,,,,,,,,,,,,,,,,,,,,,,,,,,,,,,,,,,,,,,,,,,,,,,,,,,,,,,,,,,,,,,,,,,,,,,,,,,,
C172,0.026,,,,0.399,0.588,,,0.271,,,,,,,0.499,0.148,0.059,,0.0,,0.172,0.12,0.334,0.298,0.0,0.542,0.0,0.064,0.954,0.888,0.01,0.118,0.0,,,,,,,,,,,,,,,,,,,,,,,,,,,,,,,,,,,,,,,,,,,,,,,,0.954,,,,,,,,,,,,,0.85,0.67,0.916,0.892,0.268,0.882,0.756,0.77,0.566,0.95,0.158,0.358,0.914,0.79,0.412,0.954,0.494,0.948,0.472,0.052,0.942,0.518,0.372,0.954,0.652,0.8,,0.06,0.942,0.924,0.324,0.918,0.788,0.0,0.946,0.876,0.338,0.954,0.954,0.568,0.806,0.192,,,,,,,,,,,,,,,,,,,,,,,,,,,,,,,,,,,,,,,,,,,,,,,,,,,,,,,,,,,,,,,,,,,,,,,,,,,,,,,,,,,,,
S356,,,,,,,,,,,,,,,,,,,,,,,,,,0.038,,,,,,,0.208,0.0,,,,,,,,,,,,,,,,,,,,,,,,,,,,,,,,,,,,,,,,,,,,,,,,,,,,,,,,,,,,,,,,,,,,,,,0.29,,,,,,,,,,,,,,,,,,,,,,,,,,,,,,,0.228,,,,,,,,,,,,,,,,,,,,,,,,,,,,,,,,,,,,,,,,,,,,,,,,,,,,,,,,,,,,,,,,,,,,,,,,,,,,,,,,,,,,,
S357,,,,,,,,,,,,,,,,,,,,,,,,,,0.358,,,,,,,0.81,0.022,,,,,,,,,,,,,,,,,,,,,,,,,,,,,,,,,,,,,,,,,,,,,,,,,,,,,,,,,,,,,,,,,,,,,,,0.776,,,,,,,,,,,,,,,,,,,,,,,,,,,,,,,0.724,,,,,,,,,,,,,,,,,,,,,,,,,,,,,,,,,,,,,,,,,,,,,,,,,,,,,,,,,,,,,,,,,,,,,,,,,,,,,,,,,,,,,
S358,,,,,,,,,,,,,,,,,,,,,,,,,,0.238,,,,,,,0.012,0.0,,,,,,,,,,,,,,,,,,,,,,,,,,,,,,,,,,,,,,,,,,,,,,,,,,,,,,,,,,,,,,,,,,,,,,,0.238,,,,,,,,,,,,,,,,,,,,,,,,,,,,,,,0.014,,,,,,,,,,,,,,,,,,,,,,,,,,,,,,,,,,,,,,,,,,,,,,,,,,,,,,,,,,,,,,,,,,,,,,,,,,,,,,,,,,,,,
C175,0.014,,,,0.515,0.234,,,0.576,,,,,,,0.443,0.119,0.0,,0.0,,0.206,0.371,0.256,0.37,0.74,0.718,0.04,0.136,0.848,0.816,0.0,0.128,0.0,,,,,,,,,,,,,,,,,,,,,,,,,,,,,,,,,,,,,,,,,,,,,,,,0.94,,,,,,,,,,,,,0.85,0.908,0.814,0.858,0.288,0.732,0.726,0.912,0.326,0.754,0.17,0.51,0.772,0.846,0.502,0.954,0.498,0.848,0.55,0.074,0.952,0.742,0.442,0.954,0.328,0.848,0.954,0.336,0.954,0.898,0.512,0.878,0.52,0.414,0.874,0.752,0.572,0.95,0.928,0.622,0.89,0.0,,,,,,,,,,,,,,,,,,,,,,,,,,,,,,,,,,,,,,,,,,,,,,,,,,,,,,,,,,,,,,,,,,,,,,,,,,,,,,,,,,,,,
C176,0.148,,,,0.517,0.842,,,0.469,,,,,,,0.46,0.231,0.271,,0.0,,0.384,0.44,0.122,0.39,0.292,0.572,0.142,0.278,0.932,0.848,0.006,0.0,0.0,,,,,,,,,,,,,,,,,,,,,,,,,,,,,,,,,,,,,,,,,,,,,,,,0.854,,,,,,,,,,,,,0.794,0.642,0.926,0.882,0.532,0.798,0.938,0.91,0.662,0.52,0.364,0.566,0.734,0.854,0.34,0.954,0.522,0.908,0.472,0.354,0.88,0.682,0.456,0.954,0.754,0.884,0.93,0.62,0.902,0.874,0.658,0.87,,0.216,0.926,0.924,0.42,0.728,0.944,0.898,0.702,0.208,,,,,,,,,,,,,,,,,,,,,,,,,,,,,,,,,,,,,,,,,,,,,,,,,,,,,,,,,,,,,,,,,,,,,,,,,,,,,,,,,,,,,
S360,,,,,,,,,,,,,,,,,,,,,,,,,,0.048,,,,,,,0.368,0.0,,,,,,,,,,,,,,,,,,,,,,,,,,,,,,,,,,,,,,,,,,,,,,,,,,,,,,,,,,,,,,,,,,,,,,,0.386,,,,,,,,,,,,,,,,,,,,,,,,,,,,,,,0.428,,,,,,,,,,,,,,,,,,,,,,,,,,,,,,,,,,,,,,,,,,,,,,,,,,,,,,,,,,,,,,,,,,,,,,,,,,,,,,,,,,,,,
S361,0.044,,,,0.603,0.454,,,0.31,,,,,,,0.371,0.252,0.159,,0.0,,0.404,0.278,0.07,0.338,0.38,0.506,0.0,0.0,0.944,0.772,0.0,0.054,0.0,,,,,,,,,,,,,,,,,,,,,,,,,,,,,,,,,,,,,,,,,,,,,,,,0.954,,,,,,,,,,,,,0.58,0.85,0.738,0.882,0.026,0.904,0.784,0.936,0.238,0.834,0.4,0.72,0.726,0.784,0.852,0.954,0.736,0.926,0.472,0.35,0.776,0.668,0.51,0.954,0.262,0.89,0.892,0.076,0.946,0.946,0.438,0.934,0.346,0.124,0.936,0.0,,0.866,0.95,0.432,,0.0,,,,,,,,,,,,,,,,,,,,,,,,,,,,,,,,,,,,,,,,,,,,,,,,,,,,,,,,,,,,,,,,,,,,,,,,,,,,,,,,,,,,,
S362,,,,,,,,,,,,,,,,,,,,,,,,,,0.17,,,,,,,0.2,0.0,,,,,,,,,,,,,,,,,,,,,,,,,,,,,,,,,,,,,,,,,,,,,,,,,,,,,,,,,,,,,,,,,,,,,,,0.416,,,,,,,,,,,,,,,,,,,,,,,,,,,,,,,0.334,,,,,,,,,,,,,,,,,,,,,,,,,,,,,,,,,,,,,,,,,,,,,,,,,,,,,,,,,,,,,,,,,,,,,,,,,,,,,,,,,,,,,
S363,,,,,,,,,,,,,,,,,,,,,,,,,,0.644,,,,,,,0.03,0.0,,,,,,,,,,,,,,,,,,,,,,,,,,,,,,,,,,,,,,,,,,,,,,,,,,,,,,,,,,,,,,,,,,,,,,,0.65,,,,,,,,,,,,,,,,,,,,,,,,,,,,,,,0.05,,,,,,,,,,,,,,,,,,,,,,,,,,,,,,,,,,,,,,,,,,,,,,,,,,,,,,,,,,,,,,,,,,,,,,,,,,,,,,,,,,,,,
S364,,,,,,,,,,,,,,,,,,,,,,,,,,0.296,,,,,,,0.228,0.0,,,,,,,,,,,,,,,,,,,,,,,,,,,,,,,,,,,,,,,,,,,,,,,,,,,,,,,,,,,,,,,,,,,,,,,0.446,,,,,,,,,,,,,,,,,,,,,,,,,,,,,,,0.214,,,,,,,,,,,,,,,,,,,,,,,,,,,,,,,,,,,,,,,,,,,,,,,,,,,,,,,,,,,,,,,,,,,,,,,,,,,,,,,,,,,,,
C528,,,,,,,,,,,,,,,,,,,,,,,,,,0.77,,,,,,,0.954,0.302,,,,,,,,,,,,,,,,,,,,,,,,,,,,,,,,,,,,,,,,,,,,,,,,,,,,,,,,,,,,,,,,,,,,,,,0.954,,,,,,,,,,,,,,,,,,,,,,,,,,,,,,,0.954,,,,,,,,,,,,,,,,,,,,,,,,,,,,,,,,,,,,,,,,,,,,,,,,,,,,,,,,,,,,,,,,,,,,,,,,,,,,,,,,,,,,,
S365,,,,,,,,,,,,,,,,,,,,,,,,,,0.62,,,,,,,0.726,0.346,,,,,,,,,,,,,,,,,,,,,,,,,,,,,,,,,,,,,,,,,,,,,,,,,,,,,,,,,,,,,,,,,,,,,,,0.954,,,,,,,,,,,,,,,,,,,,,,,,,,,,,,,0.954,,,,,,,,,,,,,,,,,,,,,,,,,,,,,,,,,,,,,,,,,,,,,,,,,,,,,,,,,,,,,,,,,,,,,,,,,,,,,,,,,,,,,
S366,0.928,,,,0.0,0.75,,,0.432,,,,,,,0.647,0.157,0.43,,0.229,,0.208,0.442,0.516,0.0,0.462,0.0,0.042,0.0,0.27,0.818,0.046,0.0,0.804,,,,,,,,,,,,,,,,,,,,,,,,,,,,,,,,,,,,,,,,,,,,,,,,0.17,,,,,,,,,,,,,0.308,0.018,0.0,0.04,0.662,0.022,0.0,0.764,0.098,0.0,0.0,0.198,0.674,0.0,0.0,0.0,0.0,0.518,0.646,0.764,0.478,0.0,0.216,0.0,0.374,0.076,0.0,0.0,0.586,0.226,0.0,0.53,0.0,0.702,0.006,0.642,0.696,0.0,0.38,0.082,0.064,0.0,,,,,,,,,,,,,,,,,,,,,,,,,,,,,,,,,,,,,,,,,,,,,,,,,,,,,,,,,,,,,,,,,,,,,,,,,,,,,,,,,,,,,
C187,0.166,,,,0.033,0.0,,,0.181,,,,,,,0.426,0.015,0.0,,0.0,,0.01,0.0,0.042,0.154,0.0,0.56,0.0,0.0,0.888,0.838,0.0,0.018,0.0,,,,,,,,,,,,,,,,,,,,,,,,,,,,,,,,,,,,,,,,,,,,,,,,0.866,,,,,,,,,,,,,0.506,0.0,0.842,0.872,0.066,0.886,0.712,0.72,0.0,0.036,0.006,0.292,0.892,0.748,0.572,0.946,0.39,0.932,0.492,0.0,0.89,0.372,0.0,0.88,0.468,0.848,0.95,0.002,0.88,0.936,0.166,0.914,0.296,0.0,0.922,0.272,0.624,0.916,0.942,0.0,0.044,0.03,,,,,,,,,,,,,,,,,,,,,,,,,,,,,,,,,,,,,,,,,,,,,,,,,,,,,,,,,,,,,,,,,,,,,,,,,,,,,,,,,,,,,
S367,,,,,,,,,,,,,,,,,,,,,,,,,,0.372,,,,,,,0.432,0.1,,,,,,,,,,,,,,,,,,,,,,,,,,,,,,,,,,,,,,,,,,,,,,,,,,,,,,,,,,,,,,,,,,,,,,,0.66,,,,,,,,,,,,,,,,,,,,,,,,,,,,,,,0.522,,,,,,,,,,,,,,,,,,,,,,,,,,,,,,,,,,,,,,,,,,,,,,,,,,,,,,,,,,,,,,,,,,,,,,,,,,,,,,,,,,,,,
S368,,,,,,,,,,,,,,,,,,,,,,,,,,0.338,,,,,,,0.61,0.326,,,,,,,,,,,,,,,,,,,,,,,,,,,,,,,,,,,,,,,,,,,,,,,,,,,,,,,,,,,,,,,,,,,,,,,0.946,,,,,,,,,,,,,,,,,,,,,,,,,,,,,,,0.954,,,,,,,,,,,,,,,,,,,,,,,,,,,,,,,,,,,,,,,,,,,,,,,,,,,,,,,,,,,,,,,,,,,,,,,,,,,,,,,,,,,,,
S369,,,,0.582,,0.49,,0.28,0.134,,,,,,,0.497,0.313,,,,,,,,,0.338,,,0.092,,0.0,,0.698,0.232,0.718,0.138,0.866,0.488,0.662,0.224,,,,,,,,,,,,,,,,,,,,,,,,,,,,,,,,,,,,,,,,,,,,,,,,,,,,,,,,,,,,0.77,,0.954,,,0.954,,0.648,,,,0.954,,,,,,,,,0.92,0.588,,0.854,,,,,,,,,0.954,,,,0.924,0.954,0.954,0.21,0.786,0.0,0.954,,,,0.866,0.884,0.684,0.79,0.0,0.954,0.548,0.954,0.868,0.91,0.826,0.63,0.0,0.912,0.648,0.644,0.772,0.758,0.48,0.644,0.504,,0.0,0.8,0.604,0.348,0.92,0.018,0.0,0.0,0.954,,,,,,,,,,,,,,,,,,,,,,,,,,,,,,,,,,,,,,,,,,,,,
S371,0.672,,,,0.243,0.87,,,0.254,,,,,,,0.592,0.317,0.579,,0.524,,0.0,0.182,0.286,0.0,0.054,0.42,0.084,0.314,,0.748,0.924,0.818,0.942,,,,,,,,,,,,,,,,,,,,,,,,,,,,,,,,,,,,,,,,,,,,,,,,0.404,,,,,,,,,,,,,0.954,0.954,0.954,,0.378,0.9,0.396,0.0,0.954,0.954,0.954,0.504,,0.0,0.954,0.954,0.06,0.072,0.0,0.954,0.954,0.954,0.954,0.108,0.954,0.0,0.0,0.0,0.0,0.0,0.932,0.0,0.954,0.954,0.42,0.72,0.954,0.954,0.0,0.954,0.562,0.954,,,,,,,,,,,,,,,,,,,,,,,,,,,,,,,,,,,,,,,,,,,,,,,,,,,,,,,,,,,,,,,,,,,,,,,,,,,,,,,,,,,,,
S372,0.954,,,,0.013,0.69,,,0.126,,,,,,,0.612,0.259,0.592,,0.078,,0.0,0.095,0.646,0.016,0.054,0.48,0.762,0.256,0.918,0.782,0.624,0.95,0.954,,,,,,,,,,,,,,,,,,,,,,,,,,,,,,,,,,,,,,,,,,,,,,,,0.06,,,,,,,,,,,,,0.034,0.0,0.674,0.0,0.346,0.442,0.524,0.11,0.156,0.0,0.954,0.042,0.744,0.954,0.164,0.154,0.0,0.0,0.046,0.158,0.218,0.306,0.322,0.112,0.112,0.0,0.11,0.006,0.286,0.076,0.038,0.114,0.224,0.152,0.54,0.0,0.03,0.0,0.578,0.002,0.658,0.954,,,,,,,,,,,,,,,,,,,,,,,,,,,,,,,,,,,,,,,,,,,,,,,,,,,,,,,,,,,,,,,,,,,,,,,,,,,,,,,,,,,,,
S373,0.168,,,,0.644,0.638,,,0.489,,,,,,,0.49,0.28,0.286,,0.086,,0.412,0.258,0.328,0.396,0.488,0.632,0.102,0.28,0.842,0.67,0.122,0.428,0.0,,,,,,,,,,,,,,,,,,,,,,,,,,,,,,,,,,,,,,,,,,,,,,,,0.906,,,,,,,,,,,,,0.726,0.924,0.836,0.906,0.516,0.838,0.876,0.868,0.232,0.6,0.63,0.752,0.71,0.856,0.698,0.916,0.756,0.734,0.628,0.236,0.786,0.646,0.626,0.926,0.708,0.916,0.954,0.43,0.948,0.938,0.64,0.892,0.562,0.198,0.91,0.47,0.574,0.82,0.926,0.834,0.404,0.508,,,,,,,,,,,,,,,,,,,,,,,,,,,,,,,,,,,,,,,,,,,,,,,,,,,,,,,,,,,,,,,,,,,,,,,,,,,,,,,,,,,,,
S374,0.166,,,,0.726,0.734,,,0.469,,,,,,,0.625,0.135,0.362,,0.0,,0.666,0.376,0.27,0.344,0.136,0.63,0.0,0.208,0.68,0.718,0.338,0.4,0.154,,,,,,,,,,,,,,,,,,,,,,,,,,,,,,,,,,,,,,,,,,,,,,,,0.918,,,,,,,,,,,,,0.78,0.688,0.826,0.904,0.462,0.724,0.932,0.912,0.466,0.7,0.58,0.83,0.916,0.912,0.642,0.924,0.538,0.83,0.64,0.288,0.834,0.712,0.612,0.946,0.532,0.954,0.954,0.422,0.954,0.916,0.694,0.906,0.516,0.162,0.918,0.406,0.312,0.862,0.922,0.802,0.432,0.454,,,,,,,,,,,,,,,,,,,,,,,,,,,,,,,,,,,,,,,,,,,,,,,,,,,,,,,,,,,,,,,,,,,,,,,,,,,,,,,,,,,,,
S375,0.032,,,,0.05,0.154,,,0.098,,,,,,,0.298,0.0,0.104,,0.031,,0.162,0.107,0.168,0.106,0.068,0.346,0.136,0.102,0.872,0.0,0.122,0.46,0.0,,,,,,,,,,,,,,,,,,,,,,,,,,,,,,,,,,,,,,,,,,,,,,,,0.584,,,,,,,,,,,,,0.31,0.128,0.824,0.91,0.328,0.858,0.564,0.632,0.048,0.11,0.598,0.206,0.082,0.666,0.6,0.918,0.688,0.0,0.322,0.174,0.164,0.266,0.046,0.586,0.586,0.882,0.954,0.578,0.938,0.926,0.196,0.906,0.268,0.054,0.944,0.438,0.0,0.106,0.944,0.438,0.64,0.48,,,,,,,,,,,,,,,,,,,,,,,,,,,,,,,,,,,,,,,,,,,,,,,,,,,,,,,,,,,,,,,,,,,,,,,,,,,,,,,,,,,,,
S377,0.144,,,,0.28,0.348,,,0.022,,,,,,,0.781,0.004,0.326,,0.0,,0.366,0.108,0.254,0.338,0.262,0.218,0.214,0.154,0.768,0.574,0.298,0.714,0.0,,,,,,,,,,,,,,,,,,,,,,,,,,,,,,,,,,,,,,,,,,,,,,,,0.932,,,,,,,,,,,,,0.914,0.336,0.796,0.818,0.554,0.75,0.39,0.424,0.052,0.132,0.886,0.222,0.734,0.802,0.876,0.91,0.774,0.58,0.33,0.388,0.842,0.884,0.494,0.714,0.822,0.856,0.954,0.816,0.914,0.92,0.362,0.868,0.812,0.344,0.928,0.748,0.642,0.708,0.884,0.858,0.754,0.764,,,,,,,,,,,,,,,,,,,,,,,,,,,,,,,,,,,,,,,,,,,,,,,,,,,,,,,,,,,,,,,,,,,,,,,,,,,,,,,,,,,,,
S378,0.096,,,,0.093,0.106,,,0.017,,,,,,,0.723,0.071,0.248,,0.005,,0.376,0.207,0.304,0.33,0.232,0.324,0.618,0.266,0.794,0.534,0.204,0.764,0.0,,,,,,,,,,,,,,,,,,,,,,,,,,,,,,,,,,,,,,,,,,,,,,,,0.946,,,,,,,,,,,,,0.704,0.278,0.798,0.818,0.25,0.698,0.404,0.51,0.088,0.172,0.842,0.0,0.648,0.842,0.936,0.864,0.744,0.552,0.354,0.144,0.872,0.73,0.332,0.814,0.924,0.876,0.952,0.76,0.818,0.838,0.172,0.81,0.708,0.214,0.954,0.718,0.652,0.61,0.872,0.814,0.758,0.782,,,,,,,,,,,,,,,,,,,,,,,,,,,,,,,,,,,,,,,,,,,,,,,,,,,,,,,,,,,,,,,,,,,,,,,,,,,,,,,,,,,,,
S380,0.24,,,,0.817,0.826,,,0.336,,,,,,,0.378,0.234,0.35,,0.045,,0.684,0.272,0.308,0.656,0.548,0.62,0.0,0.284,0.946,0.92,0.138,0.22,0.0,,,,,,,,,,,,,,,,,,,,,,,,,,,,,,,,,,,,,,,,,,,,,,,,0.954,,,,,,,,,,,,,0.432,0.83,0.954,0.954,0.924,0.914,0.852,0.88,0.374,0.708,0.782,0.902,0.944,0.844,0.654,0.954,0.904,0.948,0.682,0.236,0.948,0.64,0.434,0.954,0.702,0.906,0.954,0.26,0.954,0.954,0.532,0.94,0.442,0.218,0.944,0.452,,0.918,0.954,0.934,0.628,0.338,,,,,,,,,,,,,,,,,,,,,,,,,,,,,,,,,,,,,,,,,,,,,,,,,,,,,,,,,,,,,,,,,,,,,,,,,,,,,,,,,,,,,
C185,0.328,,,,0.809,0.8,,,0.642,,,,,,,0.379,0.236,0.314,,0.103,,0.622,0.187,0.308,0.658,0.722,0.556,0.0,0.072,0.954,0.936,0.348,0.218,0.0,,,,,,,,,,,,,,,,,,,,,,,,,,,,,,,,,,,,,,,,,,,,,,,,0.946,,,,,,,,,,,,,0.716,0.93,0.954,0.954,0.37,0.954,0.928,0.82,0.338,0.73,0.772,0.624,0.954,0.914,0.588,0.954,0.746,0.954,0.888,0.208,0.954,0.776,0.446,0.954,0.776,0.84,0.94,0.344,0.908,0.954,0.498,0.904,0.454,0.34,0.954,0.398,0.574,0.954,0.882,0.954,0.456,0.34,,,,,,,,,,,,,,,,,,,,,,,,,,,,,,,,,,,,,,,,,,,,,,,,,,,,,,,,,,,,,,,,,,,,,,,,,,,,,,,,,,,,,
S598,0.0,,,,0.128,0.552,,,0.001,,,,,,,0.343,0.201,0.409,,0.176,,0.134,0.345,0.38,0.328,0.32,0.642,0.0,0.268,0.0,0.358,0.218,0.498,0.342,,,,,,,,,,,,,,,,,,,,,,,,,,,,,,,,,,,,,,,,,,,,,,,,0.906,,,,,,,,,,,,,0.774,0.806,,0.702,0.586,0.518,0.764,0.774,0.718,0.78,0.79,0.612,0.718,0.744,0.692,0.578,0.492,0.766,0.602,0.446,0.816,0.752,0.726,0.68,0.338,0.876,0.806,0.504,0.714,0.804,0.81,0.672,0.778,0.572,0.798,0.814,0.76,0.776,0.8,0.824,0.724,0.656,,,,,,,,,,,,,,,,,,,,,,,,,,,,,,,,,,,,,,,,,,,,,,,,,,,,,,,,,,,,,,,,,,,,,,,,,,,,,,,,,,,,,
S381,,,,0.222,,0.2,,0.787,0.56,,,,,,,0.791,0.478,,,,,,,,,0.646,,,0.072,,0.382,,0.042,0.072,0.212,0.408,0.5,0.11,0.0,,,,,,,,,,,,,,,,,,,,,,,,,,,,,,,,,,,,,,,,,,,,,,,,,,,,,,,,,,,,,0.622,,0.406,,,0.434,,0.522,,,,0.476,,,,,,,,,0.908,0.192,,0.626,,,,,,,,,0.27,,,,0.16,0.466,0.68,0.234,0.548,0.102,0.9,0.214,0.546,0.918,0.324,0.756,0.552,0.742,0.308,0.778,0.412,0.648,0.268,0.726,0.656,0.558,0.62,0.836,0.346,0.58,0.02,0.4,0.446,0.752,0.486,0.462,0.0,0.834,0.574,0.312,0.234,0.294,0.622,0.268,0.24,,,,,,,,,,,,,,,,,,,,,,,,,,,,,,,,,,,,,,,,,,,,,
S382,,,,,,,,,,,,,,,,,,,,,,,,,,0.1,,,,,,,0.0,0.0,,,,,,,,,,,,,,,,,,,,,,,,,,,,,,,,,,,,,,,,,,,,,,,,,,,,,,,,,,,,,,,,,,,,,,,0.344,,,,,,,,,,,,,,,,,,,,,,,,,,,,,,,0.0,,,,,,,,,,,,,,,,,,,,,,,,,,,,,,,,,,,,,,,,,,,,,,,,,,,,,,,,,,,,,,,,,,,,,,,,,,,,,,,,,,,,,
S383,0.136,,,,0.682,0.44,,,0.388,,,,,,,0.514,0.219,0.314,,0.0,,0.522,0.337,0.292,0.33,0.114,0.632,0.062,0.046,0.858,0.774,0.116,0.148,0.0,,,,,,,,,,,,,,,,,,,,,,,,,,,,,,,,,,,,,,,,,,,,,,,,0.954,,,,,,,,,,,,,0.716,0.732,0.806,0.902,0.316,0.83,0.89,0.876,0.34,0.674,0.292,0.714,0.868,0.858,0.678,0.944,0.682,0.8,0.598,0.096,0.86,0.584,0.556,0.898,0.57,0.93,0.954,0.318,0.934,0.906,0.594,0.904,0.514,0.212,0.918,0.496,0.636,0.858,0.922,0.878,0.418,0.21,,,,,,,,,,,,,,,,,,,,,,,,,,,,,,,,,,,,,,,,,,,,,,,,,,,,,,,,,,,,,,,,,,,,,,,,,,,,,,,,,,,,,
S385,0.204,,,,0.341,0.364,,,0.187,,,,,,,0.774,0.072,0.664,,0.051,,0.664,0.323,0.306,0.33,0.302,0.264,0.198,0.166,0.674,0.488,0.392,0.818,0.0,,,,,,,,,,,,,,,,,,,,,,,,,,,,,,,,,,,,,,,,,,,,,,,,0.954,,,,,,,,,,,,,0.736,0.34,0.73,0.884,0.748,0.788,0.592,0.554,0.338,0.292,0.936,0.372,0.594,0.91,0.598,0.73,0.634,,0.406,0.314,0.814,0.82,0.68,0.732,0.882,0.954,0.954,0.932,0.872,0.934,0.444,0.846,0.814,0.238,0.874,0.916,0.658,0.518,0.794,0.952,0.932,0.92,,,,,,,,,,,,,,,,,,,,,,,,,,,,,,,,,,,,,,,,,,,,,,,,,,,,,,,,,,,,,,,,,,,,,,,,,,,,,,,,,,,,,
S386,0.028,,,,0.458,0.394,,,0.247,,,,,,,0.532,0.153,0.162,,0.035,,0.364,0.274,0.274,0.606,0.262,0.214,0.0,0.054,0.598,0.296,0.208,0.33,0.0,,,,,,,,,,,,,,,,,,,,,,,,,,,,,,,,,,,,,,,,,,,,,,,,0.908,,,,,,,,,,,,,0.594,0.614,0.512,0.614,0.448,0.378,0.624,0.512,0.302,0.464,0.54,0.578,0.598,0.582,0.514,0.744,0.3,,0.218,0.294,0.568,0.596,0.302,0.576,0.144,0.764,0.938,0.47,0.72,0.622,0.484,0.626,0.452,0.102,0.702,0.61,0.222,0.586,0.682,0.652,0.624,0.504,,,,,,,,,,,,,,,,,,,,,,,,,,,,,,,,,,,,,,,,,,,,,,,,,,,,,,,,,,,,,,,,,,,,,,,,,,,,,,,,,,,,,
S387,0.292,,,,0.0,0.24,,,0.029,,,,,,,0.105,0.106,0.03,,0.0,,0.046,0.158,0.112,0.138,0.07,0.266,0.0,0.01,0.774,0.076,0.072,0.148,0.008,,,,,,,,,,,,,,,,,,,,,,,,,,,,,,,,,,,,,,,,,,,,,,,,0.036,,,,,,,,,,,,,0.274,0.214,0.954,0.954,0.038,0.954,0.222,0.172,0.422,0.042,0.242,0.0,0.0,0.444,0.774,0.954,0.176,0.0,0.21,0.04,0.188,0.33,0.17,0.322,0.884,0.658,0.954,0.352,0.71,0.946,0.034,0.758,0.0,0.0,0.954,0.422,0.588,0.0,0.786,,0.11,0.242,,,,,,,,,,,,,,,,,,,,,,,,,,,,,,,,,,,,,,,,,,,,,,,,,,,,,,,,,,,,,,,,,,,,,,,,,,,,,,,,,,,,,
S388,0.034,,,,0.65,0.55,,,0.217,,,,,,,0.586,0.273,0.426,,0.0,,0.456,0.299,0.272,0.376,0.26,0.398,0.106,0.026,,0.538,0.12,0.402,0.0,,,,,,,,,,,,,,,,,,,,,,,,,,,,,,,,,,,,,,,,,,,,,,,,0.954,,,,,,,,,,,,,0.688,0.492,0.568,0.808,0.296,0.464,0.792,0.68,0.186,0.646,0.618,0.63,0.72,0.782,0.69,0.906,0.674,0.67,0.438,0.12,0.714,0.582,0.412,0.822,0.556,0.912,0.954,0.498,0.864,0.56,0.364,0.832,0.536,0.108,0.872,0.594,0.514,0.692,0.864,0.718,0.658,0.426,,,,,,,,,,,,,,,,,,,,,,,,,,,,,,,,,,,,,,,,,,,,,,,,,,,,,,,,,,,,,,,,,,,,,,,,,,,,,,,,,,,,,
C195,0.17,,,,0.596,0.54,,,0.243,,,,,,,0.545,0.251,0.318,,0.0,,0.344,0.252,0.236,0.526,0.414,0.458,0.006,0.244,0.722,0.714,0.178,0.49,0.202,,,,,,,,,,,,,,,,,,,,,,,,,,,,,,,,,,,,,,,,,,,,,,,,0.954,,,,,,,,,,,,,0.908,0.564,0.58,0.83,0.28,0.694,0.638,0.682,0.322,0.518,0.644,0.618,0.896,0.816,0.496,0.954,0.486,0.794,0.392,0.358,0.954,0.86,0.714,0.834,0.376,0.79,0.91,0.43,0.932,0.782,0.644,0.812,0.664,0.262,0.944,0.692,0.444,0.912,0.86,0.616,0.664,0.488,,,,,,,,,,,,,,,,,,,,,,,,,,,,,,,,,,,,,,,,,,,,,,,,,,,,,,,,,,,,,,,,,,,,,,,,,,,,,,,,,,,,,
S390,,,,,,,,,,,,,,,,,,,,,,,,,,0.408,,,,,,,0.852,0.0,,,,,,,,,,,,,,,,,,,,,,,,,,,,,,,,,,,,,,,,,,,,,,,,,,,,,,,,,,,,,,,,,,,,,,,0.922,,,,,,,,,,,,,,,,,,,,,,,,,,,,,,,0.884,,,,,,,,,,,,,,,,,,,,,,,,,,,,,,,,,,,,,,,,,,,,,,,,,,,,,,,,,,,,,,,,,,,,,,,,,,,,,,,,,,,,,
C264,0.352,,,,0.833,0.672,,,0.56,,,,,,,0.711,0.121,0.238,,0.0,,0.754,0.176,0.392,0.41,0.0,0.53,0.0,0.404,0.934,0.892,0.0,,0.17,,,,,,,,,,,,,,,,,,,,,,,,,,,,,,,,,,,,,,,,,,,,,,,,0.928,,,,,,,,,,,,,0.954,0.65,0.926,0.948,0.67,0.928,0.458,0.628,0.426,0.9,,0.886,0.828,0.812,0.638,0.944,0.706,0.942,0.52,0.21,0.954,0.902,0.784,0.886,0.702,0.58,0.954,0.18,0.954,0.952,0.77,0.906,0.74,0.126,0.938,0.684,0.906,0.954,0.952,0.82,0.526,0.0,,,,,,,,,,,,,,,,,,,,,,,,,,,,,,,,,,,,,,,,,,,,,,,,,,,,,,,,,,,,,,,,,,,,,,,,,,,,,,,,,,,,,
S391,0.11,,,,0.604,0.416,,,0.329,,,,,,,0.723,0.175,0.366,,0.0,,0.592,0.232,0.054,0.442,0.322,0.43,0.058,0.094,0.912,0.754,0.0,0.104,0.0,,,,,,,,,,,,,,,,,,,,,,,,,,,,,,,,,,,,,,,,,,,,,,,,0.84,,,,,,,,,,,,,0.902,0.594,0.92,0.95,0.216,0.828,0.478,0.654,0.402,0.564,0.408,0.862,0.798,0.818,0.736,0.954,0.708,0.89,0.456,0.072,0.912,0.88,0.824,0.876,0.566,0.604,0.954,0.422,0.954,0.954,0.692,0.848,0.798,0.246,0.954,0.48,0.856,0.932,0.908,0.586,0.552,0.26,,,,,,,,,,,,,,,,,,,,,,,,,,,,,,,,,,,,,,,,,,,,,,,,,,,,,,,,,,,,,,,,,,,,,,,,,,,,,,,,,,,,,
C274,0.194,,,,0.0,0.55,,,0.128,,,,,,,0.54,0.0,0.353,,0.036,,0.414,0.0,0.12,0.604,0.674,0.386,0.162,0.1,0.926,0.584,0.0,0.138,0.0,,,,,,,,,,,,,,,,,,,,,,,,,,,,,,,,,,,,,,,,,,,,,,,,0.802,,,,,,,,,,,,,0.896,0.648,0.884,0.954,0.246,0.852,0.632,0.752,0.294,0.388,0.718,0.86,0.702,0.83,0.532,0.954,0.342,0.844,0.546,0.046,0.888,0.942,0.698,0.914,0.548,0.65,0.928,0.276,0.954,0.892,0.0,0.858,0.632,0.0,0.802,0.372,0.578,,0.93,0.856,0.494,0.29,,,,,,,,,,,,,,,,,,,,,,,,,,,,,,,,,,,,,,,,,,,,,,,,,,,,,,,,,,,,,,,,,,,,,,,,,,,,,,,,,,,,,
S393,,,,,,,,,,,,,,,,,,,,,,,,,,0.11,,,,,,,0.756,0.224,,,,,,,,,,,,,,,,,,,,,,,,,,,,,,,,,,,,,,,,,,,,,,,,,,,,,,,,,,,,,,,,,,,,,,,0.954,,,,,,,,,,,,,,,,,,,,,,,,,,,,,,,0.906,,,,,,,,,,,,,,,,,,,,,,,,,,,,,,,,,,,,,,,,,,,,,,,,,,,,,,,,,,,,,,,,,,,,,,,,,,,,,,,,,,,,,
S394,0.168,,,,0.395,0.322,,,0.254,,,,,,,0.344,0.207,0.416,,0.069,,0.378,0.294,0.254,0.312,0.49,0.5,0.252,0.202,0.766,0.324,0.274,0.73,0.024,,,,,,,,,,,,,,,,,,,,,,,,,,,,,,,,,,,,,,,,,,,,,,,,0.95,,,,,,,,,,,,,0.63,0.452,0.736,0.856,0.39,0.678,0.548,0.61,0.53,0.386,0.792,0.436,0.422,0.73,0.804,0.88,0.622,0.498,0.422,0.39,0.542,0.584,0.548,0.632,0.732,0.87,0.954,0.742,0.878,0.89,0.4,0.762,0.51,0.224,0.914,0.81,0.736,0.604,0.876,0.954,0.864,0.774,,,,,,,,,,,,,,,,,,,,,,,,,,,,,,,,,,,,,,,,,,,,,,,,,,,,,,,,,,,,,,,,,,,,,,,,,,,,,,,,,,,,,
S395,0.198,,,,0.762,0.914,,,0.374,,,,,,,0.542,0.055,0.196,,0.0,,0.528,0.279,0.076,0.36,0.266,0.77,0.124,0.172,0.954,0.848,0.222,0.404,0.144,,,,,,,,,,,,,,,,,,,,,,,,,,,,,,,,,,,,,,,,,,,,,,,,0.954,,,,,,,,,,,,,0.954,0.954,0.954,,0.318,0.656,0.384,0.704,0.892,0.878,0.588,0.754,0.954,0.538,0.954,0.954,0.676,0.954,0.518,0.574,0.856,0.882,0.894,,0.896,0.706,0.618,0.082,0.15,0.678,0.772,0.0,0.792,0.68,,0.602,0.954,0.934,0.0,0.954,0.954,0.5,,,,,,,,,,,,,,,,,,,,,,,,,,,,,,,,,,,,,,,,,,,,,,,,,,,,,,,,,,,,,,,,,,,,,,,,,,,,,,,,,,,,,
S396,0.294,,,,,,,,0.31,,,,,,,0.44,0.216,0.425,,0.196,,0.332,0.336,,0.478,,,,,,0.774,0.38,,,,,,,,,,,,,,,,,,,,,,,,,,,,,,,,,,,,,,,,,,,,,,,,,,0.954,,,,,,,,,,,,,0.696,0.562,,,,,,,0.568,,,,,,0.862,0.906,,,,,,,,,,,,,,,,,,,,0.766,,,,,0.624,,,,,,,,,,,,,,,,,,,,,,,,,,,,,,,,,,,,,,,,,,,,,,,,,,,,,,,,,,,,,,,,,,,,,,,,,,,,,,,,,,,,,,
C253,0.008,,,,0.711,0.624,,,0.245,,,,,,,0.687,0.051,0.241,,0.0,,0.386,0.261,0.306,0.288,0.092,0.536,0.0,0.0,0.926,0.276,0.126,0.118,0.0,,,,,,,,,,,,,,,,,,,,,,,,,,,,,,,,,,,,,,,,,,,,,,,,0.812,,,,,,,,,,,,,0.708,0.568,0.83,0.902,0.292,0.772,0.0,0.714,0.226,0.43,0.354,0.878,0.422,0.636,0.902,0.932,0.814,0.836,0.516,0.196,0.866,0.886,0.532,0.842,0.596,0.636,0.954,0.258,0.952,0.954,0.502,0.836,0.682,0.15,0.906,0.384,0.816,0.842,0.93,0.836,0.38,0.236,,,,,,,,,,,,,,,,,,,,,,,,,,,,,,,,,,,,,,,,,,,,,,,,,,,,,,,,,,,,,,,,,,,,,,,,,,,,,,,,,,,,,
S397,0.078,,,,0.776,0.668,,,0.47,,,,,,,0.565,0.09,0.465,,0.0,,0.478,0.369,0.128,0.364,0.336,0.504,0.074,0.106,,0.774,0.26,0.17,0.0,,,,,,,,,,,,,,,,,,,,,,,,,,,,,,,,,,,,,,,,,,,,,,,,0.954,,,,,,,,,,,,,0.824,0.69,0.89,0.93,0.298,0.852,0.634,0.794,0.356,0.854,0.454,0.884,0.886,0.732,0.622,0.944,0.754,0.878,0.6,0.214,0.904,0.718,0.594,0.89,0.64,0.724,0.94,0.224,0.918,0.95,0.564,0.91,0.606,0.178,0.926,0.434,0.872,0.91,0.942,0.786,0.59,0.138,,,,,,,,,,,,,,,,,,,,,,,,,,,,,,,,,,,,,,,,,,,,,,,,,,,,,,,,,,,,,,,,,,,,,,,,,,,,,,,,,,,,,
S398,0.14,,,,0.254,0.426,,,0.127,,,,,,,0.309,0.193,0.245,,0.078,,0.256,0.134,0.192,0.4,0.088,0.486,0.096,0.302,0.0,0.242,0.38,0.824,0.166,,,,,,,,,,,,,,,,,,,,,,,,,,,,,,,,,,,,,,,,,,,,,,,,0.954,,,,,,,,,,,,,0.66,0.402,0.112,0.576,0.346,0.0,0.598,0.532,0.36,0.384,0.944,0.076,0.59,0.668,0.684,0.59,0.41,0.308,0.45,0.092,0.628,0.594,0.264,0.588,0.472,0.948,0.76,0.72,0.308,0.332,0.504,0.366,0.406,0.222,0.736,0.916,0.39,0.424,0.548,0.946,0.876,0.894,,,,,,,,,,,,,,,,,,,,,,,,,,,,,,,,,,,,,,,,,,,,,,,,,,,,,,,,,,,,,,,,,,,,,,,,,,,,,,,,,,,,,
C205,0.046,,,,0.38,0.34,,,0.103,,,,,,,0.369,0.271,0.263,,0.316,,0.138,0.357,0.476,0.296,0.352,0.548,0.352,0.57,0.276,0.336,0.32,0.724,0.228,,,,,,,,,,,,,,,,,,,,,,,,,,,,,,,,,,,,,,,,,,,,,,,,0.954,,,,,,,,,,,,,0.63,,0.0,0.884,0.286,0.31,0.592,0.53,,0.496,0.932,0.0,0.546,0.748,0.496,0.788,0.23,0.47,0.308,0.106,0.474,0.562,0.0,0.408,0.344,0.89,0.622,0.608,0.816,0.512,,0.398,0.346,0.1,0.724,0.768,0.038,0.264,0.496,0.802,0.768,0.858,,,,,,,,,,,,,,,,,,,,,,,,,,,,,,,,,,,,,,,,,,,,,,,,,,,,,,,,,,,,,,,,,,,,,,,,,,,,,,,,,,,,,
S399,0.254,,,,,,,,0.464,,,,,,,0.51,0.486,0.516,,0.0,,0.504,0.566,,0.58,,,,,,0.758,0.414,,,,,,,,,,,,,,,,,,,,,,,,,,,,,,,,,,,,,,,,,,,,,,,,,,0.954,,,,,,,,,,,,,0.904,0.772,,,,,,,0.586,,,,,,0.722,0.764,,,,,,,,,,,,,,,,,,,,0.954,,,,,0.954,,,,,,,,,,,,,,,,,,,,,,,,,,,,,,,,,,,,,,,,,,,,,,,,,,,,,,,,,,,,,,,,,,,,,,,,,,,,,,,,,,,,,,
S400,0.344,,,,,,,,0.276,,,,,,,0.749,0.058,0.692,,0.0,,0.648,0.344,,0.382,,,,,,0.36,0.31,,,,,,,,,,,,,,,,,,,,,,,,,,,,,,,,,,,,,,,,,,,,,,,,,,0.954,,,,,,,,,,,,,0.954,0.954,,,,,,,0.954,,,,,,0.954,0.954,,,,,,,,,,,,,,,,,,,,0.954,,,,,0.954,,,,,,,,,,,,,,,,,,,,,,,,,,,,,,,,,,,,,,,,,,,,,,,,,,,,,,,,,,,,,,,,,,,,,,,,,,,,,,,,,,,,,,
C212,0.224,,,,0.114,0.4,,,0.004,,,,,,,0.809,0.037,0.708,,0.011,,0.642,0.284,0.33,0.32,0.26,0.1,0.132,0.216,0.562,0.468,0.38,0.776,0.0,,,,,,,,,,,,,,,,,,,,,,,,,,,,,,,,,,,,,,,,,,,,,,,,0.954,,,,,,,,,,,,,0.928,0.36,0.488,0.732,0.488,0.51,0.322,0.346,0.246,0.194,0.932,0.124,0.556,0.92,0.686,0.922,0.46,0.424,0.202,0.288,0.896,0.884,0.752,0.522,,0.92,0.838,0.76,0.804,0.73,0.362,0.682,0.756,0.126,0.874,0.952,0.724,0.706,0.786,0.862,0.938,0.87,,,,,,,,,,,,,,,,,,,,,,,,,,,,,,,,,,,,,,,,,,,,,,,,,,,,,,,,,,,,,,,,,,,,,,,,,,,,,,,,,,,,,
S401,0.248,,,,0.055,,,,0.089,,,,,,,0.209,0.118,0.064,,0.11,,0.314,0.2,0.172,0.338,0.26,0.2,0.066,0.256,0.292,0.72,0.322,0.954,0.384,,,,,,,,,,,,,,,,,,,,,,,,,,,,,,,,,,,,,,,,,,,,,,,,0.912,,,,,,,,,,,,,0.472,0.576,0.366,0.606,0.384,0.036,0.706,0.594,0.33,0.504,0.954,0.0,0.954,0.65,0.496,0.704,0.0,0.364,0.482,0.0,0.826,0.542,0.26,0.606,0.076,0.832,0.772,0.638,0.606,0.694,0.0,0.608,0.64,0.394,0.676,0.556,0.534,0.486,0.616,,0.812,0.954,,,,,,,,,,,,,,,,,,,,,,,,,,,,,,,,,,,,,,,,,,,,,,,,,,,,,,,,,,,,,,,,,,,,,,,,,,,,,,,,,,,,,
S402,0.014,,,,0.386,0.442,,,0.175,,,,,,,0.444,0.138,0.135,,0.0,,0.222,0.103,0.086,0.244,0.058,0.532,0.098,0.078,0.746,0.582,0.034,0.628,0.0,,,,,,,,,,,,,,,,,,,,,,,,,,,,,,,,,,,,,,,,,,,,,,,,0.954,,,,,,,,,,,,,0.954,0.732,0.954,0.954,0.382,0.954,0.584,0.664,0.942,,0.73,0.714,0.904,0.682,0.954,0.954,0.954,0.938,0.71,0.538,0.954,0.826,0.73,0.5,0.954,0.878,0.954,0.632,0.732,0.94,0.64,0.762,0.734,0.2,0.954,0.696,0.954,0.946,0.838,0.954,0.716,0.692,,,,,,,,,,,,,,,,,,,,,,,,,,,,,,,,,,,,,,,,,,,,,,,,,,,,,,,,,,,,,,,,,,,,,,,,,,,,,,,,,,,,,
C210,0.1,,,,0.438,0.402,,,0.125,,,,,,,0.465,0.233,0.178,,0.0,,0.25,0.218,0.2,0.172,0.428,0.572,0.318,0.24,0.868,0.592,0.186,0.728,0.182,,,,,,,,,,,,,,,,,,,,,,,,,,,,,,,,,,,,,,,,,,,,,,,,0.954,,,,,,,,,,,,,0.954,0.886,0.656,0.934,0.384,0.742,0.738,0.954,,0.93,0.796,0.654,0.914,0.852,0.87,0.728,0.616,0.902,0.772,0.71,0.954,0.932,,0.954,0.602,0.91,0.954,0.748,0.954,0.868,0.638,0.832,0.632,0.38,0.866,0.954,0.864,0.954,0.954,0.858,0.954,0.756,,,,,,,,,,,,,,,,,,,,,,,,,,,,,,,,,,,,,,,,,,,,,,,,,,,,,,,,,,,,,,,,,,,,,,,,,,,,,,,,,,,,,
C211,0.05,,,,0.283,0.412,,,0.241,,,,,,,0.355,0.082,0.143,,0.032,,0.352,0.374,0.258,0.22,0.224,0.504,0.068,0.11,0.88,0.558,0.106,0.0,0.0,,,,,,,,,,,,,,,,,,,,,,,,,,,,,,,,,,,,,,,,,,,,,,,,0.736,,,,,,,,,,,,,0.8,0.788,0.93,0.954,0.954,0.866,0.346,0.75,,0.782,0.57,0.702,0.854,0.536,0.51,0.954,0.338,0.94,0.558,,0.914,0.862,0.736,0.596,0.294,0.898,0.954,0.24,0.638,0.954,0.944,0.678,0.618,0.316,0.95,0.264,0.64,0.93,0.644,0.87,0.592,0.408,,,,,,,,,,,,,,,,,,,,,,,,,,,,,,,,,,,,,,,,,,,,,,,,,,,,,,,,,,,,,,,,,,,,,,,,,,,,,,,,,,,,,
S404,0.146,,,,0.072,0.298,,,0.124,,,,,,,0.285,0.007,0.121,,0.034,,0.07,0.124,0.044,0.168,0.032,0.374,0.066,0.12,0.288,0.014,0.102,0.868,0.0,,,,,,,,,,,,,,,,,,,,,,,,,,,,,,,,,,,,,,,,,,,,,,,,0.946,,,,,,,,,,,,,0.602,0.636,0.114,0.286,0.508,0.0,0.624,0.604,0.338,0.356,0.946,0.0,0.656,0.646,0.902,0.406,0.542,0.332,0.266,0.322,0.642,0.59,0.28,0.598,0.538,0.954,0.72,0.884,,,0.476,0.378,0.484,0.48,0.598,0.918,0.492,0.476,0.378,0.718,0.916,0.934,,,,,,,,,,,,,,,,,,,,,,,,,,,,,,,,,,,,,,,,,,,,,,,,,,,,,,,,,,,,,,,,,,,,,,,,,,,,,,,,,,,,,
S405,0.084,,,,0.365,0.316,,,0.309,,,,,,,0.417,0.11,0.216,,0.06,,0.242,0.148,0.15,0.39,0.222,0.234,0.11,0.038,0.488,0.286,0.176,0.85,0.054,,,,,,,,,,,,,,,,,,,,,,,,,,,,,,,,,,,,,,,,,,,,,,,,0.954,,,,,,,,,,,,,0.452,0.364,0.632,0.684,0.192,0.316,0.448,0.476,0.294,0.364,0.932,0.0,0.558,0.698,0.868,0.814,0.67,0.33,0.358,0.208,0.636,0.652,0.262,0.506,0.53,0.954,0.886,0.746,0.574,0.546,0.272,0.536,0.55,0.138,0.824,0.94,0.542,0.5,0.606,0.89,0.94,0.916,,,,,,,,,,,,,,,,,,,,,,,,,,,,,,,,,,,,,,,,,,,,,,,,,,,,,,,,,,,,,,,,,,,,,,,,,,,,,,,,,,,,,
S406,0.088,,,,0.675,0.266,,,0.174,,,,,,,0.723,0.102,0.501,,0.05,,0.468,0.141,0.43,0.27,0.192,0.274,0.08,0.15,0.746,0.762,0.198,0.716,0.0,,,,,,,,,,,,,,,,,,,,,,,,,,,,,,,,,,,,,,,,,,,,,,,,0.954,,,,,,,,,,,,,0.884,0.252,0.88,0.854,0.858,0.65,0.508,0.614,0.556,0.572,0.824,0.606,0.838,0.798,0.856,0.914,0.776,0.856,0.484,,0.918,0.834,0.808,0.8,0.828,0.884,0.922,0.69,0.828,0.842,0.606,0.786,0.734,0.824,0.894,0.852,0.91,0.912,0.854,0.886,0.934,0.784,,,,,,,,,,,,,,,,,,,,,,,,,,,,,,,,,,,,,,,,,,,,,,,,,,,,,,,,,,,,,,,,,,,,,,,,,,,,,,,,,,,,,
C216,0.092,,,,0.666,0.212,,,0.188,,,,,,,0.654,0.168,0.384,,0.005,,0.47,0.194,0.396,0.27,0.192,0.464,0.078,0.098,0.874,0.758,0.086,0.486,0.0,,,,,,,,,,,,,,,,,,,,,,,,,,,,,,,,,,,,,,,,,,,,,,,,0.954,,,,,,,,,,,,,0.824,0.464,0.954,0.802,0.484,0.852,0.4,0.562,0.22,0.834,0.594,0.632,0.852,0.756,0.836,0.954,0.944,0.94,0.462,0.286,0.954,0.778,0.626,0.736,0.818,0.742,0.954,,0.728,0.756,0.554,0.602,0.81,0.2,0.9,0.466,0.93,0.944,0.778,0.802,0.53,0.512,,,,,,,,,,,,,,,,,,,,,,,,,,,,,,,,,,,,,,,,,,,,,,,,,,,,,,,,,,,,,,,,,,,,,,,,,,,,,,,,,,,,,
C217,0.084,,,,0.679,0.214,,,0.177,,,,,,,0.628,0.212,0.401,,0.0,,0.388,0.218,0.354,0.288,0.152,0.488,0.074,0.052,0.824,0.78,0.124,0.364,0.0,,,,,,,,,,,,,,,,,,,,,,,,,,,,,,,,,,,,,,,,,,,,,,,,0.954,,,,,,,,,,,,,0.708,0.4,0.892,0.882,0.37,0.822,0.606,0.852,0.292,0.844,0.478,0.634,0.834,0.878,0.752,0.94,0.716,0.844,0.456,0.202,0.894,0.776,0.566,0.878,0.792,0.692,0.922,0.222,0.864,0.882,0.396,0.754,0.63,0.126,0.898,0.54,0.814,0.884,0.892,0.566,0.676,0.368,,,,,,,,,,,,,,,,,,,,,,,,,,,,,,,,,,,,,,,,,,,,,,,,,,,,,,,,,,,,,,,,,,,,,,,,,,,,,,,,,,,,,
S407,0.058,,,,0.646,0.06,,,0.173,,,,,,,0.712,0.043,0.471,,0.0,,0.464,0.194,0.346,0.23,0.148,0.372,0.348,0.138,0.836,0.7,0.092,0.616,0.0,,,,,,,,,,,,,,,,,,,,,,,,,,,,,,,,,,,,,,,,,,,,,,,,0.954,,,,,,,,,,,,,0.84,0.234,0.83,0.762,0.43,0.668,0.46,0.462,0.286,0.442,0.686,0.52,0.72,0.836,0.854,0.878,0.796,0.836,0.24,0.306,0.914,0.742,0.598,0.772,0.752,0.784,0.924,0.576,0.82,0.83,0.222,0.716,0.664,0.066,0.856,0.838,0.904,0.84,0.884,0.806,0.806,0.606,,,,,,,,,,,,,,,,,,,,,,,,,,,,,,,,,,,,,,,,,,,,,,,,,,,,,,,,,,,,,,,,,,,,,,,,,,,,,,,,,,,,,
S408,0.022,,,,0.402,0.154,,,0.363,,,,,,,0.272,0.368,0.385,,0.303,,0.0,0.307,0.34,0.0,0.104,0.502,0.064,0.064,0.872,0.318,0.092,0.17,0.0,,,,,,,,,,,,,,,,,,,,,,,,,,,,,,,,,,,,,,,,,,,,,,,,0.918,,,,,,,,,,,,,0.818,0.736,0.936,0.904,0.356,0.752,0.552,0.65,0.872,0.828,0.33,0.53,0.808,0.682,0.642,0.948,0.688,0.782,0.51,0.108,0.876,0.732,0.586,0.806,0.386,0.614,0.9,0.098,0.868,0.884,0.33,0.798,0.6,0.09,0.898,0.4,0.732,0.866,0.864,0.826,0.626,0.242,,,,,,,,,,,,,,,,,,,,,,,,,,,,,,,,,,,,,,,,,,,,,,,,,,,,,,,,,,,,,,,,,,,,,,,,,,,,,,,,,,,,,
S409,0.24,,,,0.58,0.34,,,0.238,,,,,,,0.55,0.197,0.474,,0.0,,0.444,0.19,0.41,0.258,0.126,0.576,0.224,0.272,0.516,0.514,0.314,0.89,0.0,,,,,,,,,,,,,,,,,,,,,,,,,,,,,,,,,,,,,,,,,,,,,,,,0.862,,,,,,,,,,,,,0.87,0.0,0.942,0.954,0.414,0.908,0.61,0.556,0.572,0.158,0.954,0.194,0.606,0.702,0.954,0.954,0.902,0.632,0.56,0.26,0.742,0.746,0.614,0.824,0.954,0.954,0.902,0.898,0.954,0.94,0.176,0.934,0.606,0.062,0.954,0.926,0.68,0.606,0.884,0.954,0.772,0.954,,,,,,,,,,,,,,,,,,,,,,,,,,,,,,,,,,,,,,,,,,,,,,,,,,,,,,,,,,,,,,,,,,,,,,,,,,,,,,,,,,,,,
S410,0.262,,,,0.676,0.746,,,0.44,,,,,,,0.635,0.199,0.397,,0.057,,0.518,0.512,0.344,0.44,0.324,0.412,0.0,0.0,0.954,0.786,0.122,0.18,0.242,,,,,,,,,,,,,,,,,,,,,,,,,,,,,,,,,,,,,,,,,,,,,,,,0.91,,,,,,,,,,,,,0.868,0.792,0.94,0.876,0.32,0.812,0.608,0.71,0.356,0.932,0.316,0.558,0.858,0.774,0.622,0.92,0.76,0.842,0.56,0.178,0.934,0.792,0.758,0.836,0.6,0.614,0.88,0.122,0.868,0.888,0.63,0.87,0.686,0.358,0.9,0.356,0.846,0.872,0.922,0.824,0.546,0.2,,,,,,,,,,,,,,,,,,,,,,,,,,,,,,,,,,,,,,,,,,,,,,,,,,,,,,,,,,,,,,,,,,,,,,,,,,,,,,,,,,,,,
C220,,,,,,,,,,,,,,,,,0.494,,,0.867,,0.258,,0.522,,0.884,0.568,0.0,0.594,0.954,,0.886,0.742,,,,,,,,,,,,,,,,,,,,,,,,,,,,,,,,,,,,,,,,,,,,,,,,,,,,,,,,,,,,,,,0.862,0.62,,,,,,,,0.954,,,,,,,0.654,0.548,,0.914,,,0.638,0.258,,0.86,,,0.628,,0.658,,,0.74,,,0.852,,,0.878,,,,,,,,,,,,,,,,,,,,,,,,,,,,,,,,,,,,,,,,,,,,,,,,,,,,,,,,,,,,,,,,,,,,,,,,,,,,,,,,,,,,,,
S411,0.146,,,,0.42,0.55,,,0.179,,,,,,,0.432,0.006,0.4,,0.06,,0.238,0.44,0.206,0.398,0.486,0.34,0.06,0.202,,0.456,0.466,0.6,0.35,,,,,,,,,,,,,,,,,,,,,,,,,,,,,,,,,,,,,,,,,,,,,,,,0.954,,,,,,,,,,,,,0.844,0.7,0.456,0.848,0.322,0.482,0.55,0.642,0.342,0.612,0.696,0.362,0.636,0.756,0.444,0.954,0.382,0.386,0.368,0.188,0.69,0.56,0.44,0.554,,0.878,0.864,0.592,0.822,0.556,0.634,0.798,0.646,0.288,0.85,0.892,0.238,0.734,0.776,0.836,0.834,0.61,,,,,,,,,,,,,,,,,,,,,,,,,,,,,,,,,,,,,,,,,,,,,,,,,,,,,,,,,,,,,,,,,,,,,,,,,,,,,,,,,,,,,
S412,,,,,,,,,,,,,,,,,,,,,,,,,,0.484,,,,,,,0.848,0.0,,,,,,,,,,,,,,,,,,,,,,,,,,,,,,,,,,,,,,,,,,,,,,,,,,,,,,,,,,,,,,,,,,,,,,,0.838,,,,,,,,,,,,,,,,,,,,,,,,,,,,,,,0.88,,,,,,,,,,,,,,,,,,,,,,,,,,,,,,,,,,,,,,,,,,,,,,,,,,,,,,,,,,,,,,,,,,,,,,,,,,,,,,,,,,,,,
C223,0.488,,,,0.422,0.458,,,0.318,,,,,,,0.571,0.202,0.479,,0.0,,0.448,0.37,0.25,0.392,0.454,0.41,0.106,0.316,0.818,0.59,0.194,0.682,0.0,,,,,,,,,,,,,,,,,,,,,,,,,,,,,,,,,,,,,,,,,,,,,,,,0.924,,,,,,,,,,,,,0.88,0.542,0.728,0.726,0.398,0.344,0.468,0.646,0.324,0.588,0.764,0.266,0.642,0.714,0.812,0.75,0.36,0.53,0.552,0.266,0.88,0.862,0.69,0.616,0.0,0.844,0.93,0.73,0.758,0.824,0.438,0.764,0.704,0.334,0.774,0.568,0.84,0.538,0.714,0.658,0.748,0.7,,,,,,,,,,,,,,,,,,,,,,,,,,,,,,,,,,,,,,,,,,,,,,,,,,,,,,,,,,,,,,,,,,,,,,,,,,,,,,,,,,,,,
S413,0.23,,,,0.466,0.488,,,0.262,,,,,,,0.539,0.195,0.394,,0.038,,0.372,0.355,0.296,0.294,0.33,0.498,0.05,0.232,0.772,0.514,0.166,0.504,0.152,,,,,,,,,,,,,,,,,,,,,,,,,,,,,,,,,,,,,,,,,,,,,,,,0.918,,,,,,,,,,,,,0.818,0.838,0.394,0.874,0.494,0.64,0.56,0.662,0.428,0.876,0.672,0.66,0.858,0.704,0.824,0.0,0.236,0.846,0.748,0.196,0.65,0.76,0.558,0.874,0.562,0.874,0.954,0.64,0.884,0.906,0.568,0.796,0.754,0.482,0.868,0.696,0.95,0.718,0.804,0.85,0.79,0.634,,,,,,,,,,,,,,,,,,,,,,,,,,,,,,,,,,,,,,,,,,,,,,,,,,,,,,,,,,,,,,,,,,,,,,,,,,,,,,,,,,,,,
C225,0.146,,,,0.51,0.308,,,0.405,,,,,,,0.421,0.195,0.374,,0.117,,0.362,0.37,0.21,0.41,0.33,0.444,0.09,0.252,,0.164,0.196,0.604,0.098,,,,,,,,,,,,,,,,,,,,,,,,,,,,,,,,,,,,,,,,,,,,,,,,0.94,,,,,,,,,,,,,0.624,0.464,0.908,0.666,0.356,0.402,0.564,0.59,0.248,0.612,0.65,,0.49,0.604,0.51,0.854,0.384,0.322,0.47,0.058,0.554,0.574,0.322,0.55,0.272,0.744,0.826,0.438,0.712,0.834,0.41,0.636,0.538,0.188,0.724,0.712,,,0.646,0.694,0.734,0.576,,,,,,,,,,,,,,,,,,,,,,,,,,,,,,,,,,,,,,,,,,,,,,,,,,,,,,,,,,,,,,,,,,,,,,,,,,,,,,,,,,,,,
S414,0.316,,,,0.146,0.324,,,0.244,,,,,,,0.458,0.0,0.13,,,,,0.19,0.274,,0.104,0.386,0.14,0.004,,0.308,,0.808,0.0,,,,,,,,,,,,,,,,,,,,,,,,,,,,,,,,,,,,,,,,,,,,,,,,0.93,,,,,,,,,,,,,0.586,,0.768,0.876,0.532,0.778,0.326,0.412,,0.078,0.792,0.24,0.24,0.552,0.804,0.952,0.614,0.424,0.308,0.012,0.652,0.56,0.134,0.582,0.756,0.828,0.954,0.69,0.864,0.868,0.216,0.818,0.42,0.0,0.924,0.85,0.636,0.508,0.844,0.904,,0.748,,,,,,,,,,,,,,,,,,,,,,,,,,,,,,,,,,,,,,,,,,,,,,,,,,,,,,,,,,,,,,,,,,,,,,,,,,,,,,,,,,,,,
S415,0.11,,,,0.262,0.354,,,0.082,,,,,,,0.505,0.131,0.283,,0.129,,0.222,0.221,0.356,0.21,0.292,0.41,0.36,0.388,0.76,0.328,0.16,0.714,0.0,,,,,,,,,,,,,,,,,,,,,,,,,,,,,,,,,,,,,,,,,,,,,,,,0.954,,,,,,,,,,,,,0.884,0.554,0.882,0.952,0.346,0.0,0.7,0.442,,0.706,0.622,0.25,0.348,0.58,0.67,0.954,0.186,0.306,0.61,0.084,0.436,0.446,0.284,0.654,0.688,0.87,0.954,0.726,0.948,0.954,0.272,0.866,0.264,0.156,0.954,0.954,0.688,0.308,0.924,0.954,0.824,0.57,,,,,,,,,,,,,,,,,,,,,,,,,,,,,,,,,,,,,,,,,,,,,,,,,,,,,,,,,,,,,,,,,,,,,,,,,,,,,,,,,,,,,
S416,0.03,,,,0.516,0.398,,,0.308,,,,,,,0.526,0.282,0.138,,0.0,,0.264,0.182,0.236,0.426,0.248,0.506,0.0,0.016,0.892,0.726,0.178,0.0,0.0,,,,,,,,,,,,,,,,,,,,,,,,,,,,,,,,,,,,,,,,,,,,,,,,0.714,,,,,,,,,,,,,0.84,0.44,0.69,0.942,0.132,0.812,0.61,0.65,0.574,0.598,0.326,0.7,0.614,0.724,0.738,0.784,0.498,0.734,0.548,0.064,0.846,0.812,0.594,0.884,0.526,0.524,0.954,,0.926,0.954,0.47,0.89,0.522,0.096,0.944,0.302,0.834,0.812,0.948,,0.288,0.162,,,,,,,,,,,,,,,,,,,,,,,,,,,,,,,,,,,,,,,,,,,,,,,,,,,,,,,,,,,,,,,,,,,,,,,,,,,,,,,,,,,,,
C233,0.0,,,,0.455,0.402,,,0.278,,,,,,,0.637,0.212,0.047,,0.0,,0.162,0.206,0.096,0.348,0.214,0.366,0.03,0.038,0.858,0.702,0.204,0.092,0.0,,,,,,,,,,,,,,,,,,,,,,,,,,,,,,,,,,,,,,,,,,,,,,,,0.744,,,,,,,,,,,,,0.748,0.336,0.846,0.876,0.154,0.786,0.61,0.718,0.244,0.416,0.42,0.624,0.636,0.816,0.61,0.936,0.402,0.69,0.476,0.032,0.87,0.85,0.512,0.792,0.238,0.586,0.9,0.146,0.654,0.908,0.54,0.776,0.716,0.292,0.88,0.418,0.758,0.76,0.8,0.408,0.216,0.106,,,,,,,,,,,,,,,,,,,,,,,,,,,,,,,,,,,,,,,,,,,,,,,,,,,,,,,,,,,,,,,,,,,,,,,,,,,,,,,,,,,,,
S417,0.242,,,,0.449,0.23,,,0.499,,,,,,,0.204,0.084,0.187,,0.477,,0.258,0.616,0.494,0.468,0.0,0.0,0.452,0.066,0.0,0.906,0.0,0.718,0.086,,,,,,,,,,,,,,,,,,,,,,,,,,,,,,,,,,,,,,,,,,,,,,,,0.952,,,,,,,,,,,,,0.522,0.538,0.882,0.94,0.428,0.868,0.768,0.836,0.006,0.0,0.0,0.642,0.906,0.84,0.642,0.954,0.676,0.906,0.586,0.284,0.954,0.738,0.616,0.93,0.428,0.83,0.944,0.386,0.94,0.936,0.632,0.822,0.536,0.422,0.906,0.328,0.568,0.918,0.896,0.652,0.222,0.0,,,,,,,,,,,,,,,,,,,,,,,,,,,,,,,,,,,,,,,,,,,,,,,,,,,,,,,,,,,,,,,,,,,,,,,,,,,,,,,,,,,,,
S418,0.2,,,,,,,,0.19,,,,,,,0.652,0.024,0.0,,0.392,,0.06,0.418,,0.31,,,,,,0.362,0.256,,,,,,,,,,,,,,,,,,,,,,,,,,,,,,,,,,,,,,,,,,,,,,,,,,0.72,,,,,,,,,,,,,0.848,0.406,,,,,,,0.028,,,,,,0.484,0.684,,,,,,,,,,,,,,,,,,,,0.73,,,,,0.53,,,,,,,,,,,,,,,,,,,,,,,,,,,,,,,,,,,,,,,,,,,,,,,,,,,,,,,,,,,,,,,,,,,,,,,,,,,,,,,,,,,,,,
S419,0.362,,,,0.674,0.622,,,0.0,,,,,,,0.766,0.391,0.679,,0.626,,0.79,0.627,0.358,0.818,0.416,0.262,0.0,0.746,0.062,0.414,0.452,0.824,0.416,,,,,,,,,,,,,,,,,,,,,,,,,,,,,,,,,,,,,,,,,,,,,,,,0.954,,,,,,,,,,,,,0.954,0.898,0.944,0.54,0.822,0.0,0.79,0.734,0.884,0.722,0.954,0.806,0.888,0.88,0.702,0.736,0.0,0.466,0.012,0.566,0.834,0.71,,0.782,0.0,0.954,0.954,,0.706,0.546,0.954,0.146,0.382,0.186,0.954,0.954,0.938,0.782,0.57,0.954,0.954,0.944,,,,,,,,,,,,,,,,,,,,,,,,,,,,,,,,,,,,,,,,,,,,,,,,,,,,,,,,,,,,,,,,,,,,,,,,,,,,,,,,,,,,,
C234,0.106,,,,0.647,0.266,,,0.676,,,,,,,0.753,0.398,0.484,,0.476,,0.562,0.678,0.478,0.628,0.7,0.458,0.118,0.81,0.0,0.198,0.61,0.804,0.0,,,,,,,,,,,,,,,,,,,,,,,,,,,,,,,,,,,,,,,,,,,,,,,,0.244,,,,,,,,,,,,,0.954,0.93,0.914,0.914,0.562,0.288,0.338,0.202,0.954,0.954,0.954,0.724,0.92,0.562,0.954,0.954,0.166,0.446,0.0,0.924,0.954,0.954,0.954,0.0,0.884,0.954,0.954,0.93,0.0,0.418,0.924,0.0,0.914,0.682,0.954,0.656,0.954,0.954,0.0,0.954,0.49,0.954,,,,,,,,,,,,,,,,,,,,,,,,,,,,,,,,,,,,,,,,,,,,,,,,,,,,,,,,,,,,,,,,,,,,,,,,,,,,,,,,,,,,,
S420,0.214,,,,0.563,0.344,,,0.215,,,,,,,0.898,0.123,0.626,,0.005,,0.81,0.133,0.338,0.482,0.342,0.3,0.234,0.448,0.51,0.576,0.212,0.792,0.0,,,,,,,,,,,,,,,,,,,,,,,,,,,,,,,,,,,,,,,,,,,,,,,,0.954,,,,,,,,,,,,,0.954,0.51,0.734,0.734,0.336,0.678,0.546,0.77,0.664,0.232,0.954,0.038,0.782,0.872,0.676,0.954,0.514,0.49,0.682,0.31,0.952,0.954,0.898,0.88,,0.954,0.742,0.954,0.954,0.954,0.242,0.75,0.926,,0.924,0.954,,0.922,0.868,0.946,0.954,0.954,,,,,,,,,,,,,,,,,,,,,,,,,,,,,,,,,,,,,,,,,,,,,,,,,,,,,,,,,,,,,,,,,,,,,,,,,,,,,,,,,,,,,
C237,0.03,,,,0.029,0.46,,,0.154,,,,,,,0.219,0.413,0.149,,0.001,,0.044,0.147,0.268,0.184,,0.456,0.166,0.334,,0.506,0.126,0.83,0.0,,,,,,,,,,,,,,,,,,,,,,,,,,,,,,,,,,,,,,,,,,,,,,,,0.954,,,,,,,,,,,,,0.44,0.316,0.476,0.908,0.356,0.582,0.504,0.456,0.382,0.068,0.894,0.184,0.462,0.542,0.86,0.604,0.732,0.556,0.452,0.052,0.488,0.438,,0.578,,0.938,0.954,0.9,0.768,0.54,0.46,0.398,0.116,0.254,0.91,0.932,0.0,0.466,0.61,0.938,0.892,0.882,,,,,,,,,,,,,,,,,,,,,,,,,,,,,,,,,,,,,,,,,,,,,,,,,,,,,,,,,,,,,,,,,,,,,,,,,,,,,,,,,,,,,
S421,0.13,,,,0.275,0.366,,,0.16,,,,,,,0.341,0.209,0.109,,0.0,,0.202,0.162,0.142,0.218,0.06,0.322,0.058,0.064,0.912,0.214,0.0,0.164,0.0,,,,,,,,,,,,,,,,,,,,,,,,,,,,,,,,,,,,,,,,,,,,,,,,0.104,,,,,,,,,,,,,0.662,0.038,0.0,0.004,0.334,0.114,0.0,0.422,0.514,0.486,0.286,0.134,0.31,0.0,0.0,0.652,0.0,0.448,0.028,0.096,0.104,0.266,0.064,0.216,0.342,0.0,0.076,0.222,0.4,0.234,0.206,0.348,0.42,0.432,0.132,0.442,0.832,0.0,0.058,0.398,0.322,0.214,,,,,,,,,,,,,,,,,,,,,,,,,,,,,,,,,,,,,,,,,,,,,,,,,,,,,,,,,,,,,,,,,,,,,,,,,,,,,,,,,,,,,
S422,0.024,,,,0.11,0.428,,,0.0,,,,,,,0.399,0.425,0.076,,0.0,,0.222,0.177,0.278,0.126,0.026,0.35,0.0,0.068,0.876,0.492,0.034,0.226,0.0,,,,,,,,,,,,,,,,,,,,,,,,,,,,,,,,,,,,,,,,,,,,,,,,0.694,,,,,,,,,,,,,0.638,0.548,0.94,0.928,0.372,0.888,0.546,0.334,0.796,0.388,0.132,0.33,0.522,,0.474,0.876,0.26,0.47,0.434,0.204,0.64,0.336,0.57,0.718,0.22,0.406,0.954,0.254,0.954,0.858,0.418,0.82,0.408,0.296,0.858,0.762,0.54,0.494,0.91,0.482,0.538,0.18,,,,,,,,,,,,,,,,,,,,,,,,,,,,,,,,,,,,,,,,,,,,,,,,,,,,,,,,,,,,,,,,,,,,,,,,,,,,,,,,,,,,,
C242,0.5,,,,0.433,0.456,,,0.363,,,,,,,0.576,0.358,0.381,,0.092,,0.462,0.369,0.268,0.276,0.266,0.518,0.064,0.068,0.708,0.408,0.324,0.096,0.0,,,,,,,,,,,,,,,,,,,,,,,,,,,,,,,,,,,,,,,,,,,,,,,,0.768,,,,,,,,,,,,,0.81,0.502,0.948,0.954,0.572,0.942,0.804,0.586,0.472,0.732,0.412,0.71,0.638,0.854,0.676,0.954,0.708,0.408,0.582,0.086,0.844,0.848,0.742,0.786,0.52,0.816,0.954,0.286,0.922,0.954,0.63,0.872,0.704,0.298,0.954,0.69,0.882,0.612,0.934,0.696,0.478,0.268,,,,,,,,,,,,,,,,,,,,,,,,,,,,,,,,,,,,,,,,,,,,,,,,,,,,,,,,,,,,,,,,,,,,,,,,,,,,,,,,,,,,,
C240,0.012,,,,0.102,0.432,,,0.316,,,,,,,0.375,0.1,0.094,,0.0,,0.212,0.106,0.124,0.124,0.134,0.336,0.0,0.016,0.93,0.864,0.0,0.0,0.0,,,,,,,,,,,,,,,,,,,,,,,,,,,,,,,,,,,,,,,,,,,,,,,,0.928,,,,,,,,,,,,,,0.296,0.858,0.912,0.148,0.77,0.534,0.648,0.216,0.006,0.314,0.39,0.856,0.58,0.514,0.954,0.012,0.89,0.348,0.0,0.948,0.808,0.464,0.928,0.23,0.522,0.952,0.058,0.938,0.954,0.38,0.802,0.304,0.04,0.868,0.216,0.548,0.934,0.886,0.0,0.124,0.04,,,,,,,,,,,,,,,,,,,,,,,,,,,,,,,,,,,,,,,,,,,,,,,,,,,,,,,,,,,,,,,,,,,,,,,,,,,,,,,,,,,,,
S423,0.508,,,,0.174,0.364,,,0.252,,,,,,,0.146,0.081,0.48,,0.0,,0.218,0.3,0.264,0.132,0.17,0.37,0.0,0.154,0.886,0.864,0.0,0.278,0.0,,,,,,,,,,,,,,,,,,,,,,,,,,,,,,,,,,,,,,,,,,,,,,,,0.0,,,,,,,,,,,,,0.378,0.776,,0.032,0.8,0.0,0.202,0.334,0.286,0.794,0.348,0.554,0.362,0.206,0.0,0.736,0.0,0.89,,0.822,0.536,0.082,0.0,0.318,0.108,0.02,0.0,0.236,0.586,0.464,0.522,0.526,0.936,0.84,0.128,0.494,0.736,0.0,0.0,0.114,0.244,0.288,,,,,,,,,,,,,,,,,,,,,,,,,,,,,,,,,,,,,,,,,,,,,,,,,,,,,,,,,,,,,,,,,,,,,,,,,,,,,,,,,,,,,
S424,0.156,,,,0.511,0.568,,,0.263,,,,,,,0.386,0.16,0.452,,0.045,,0.43,0.378,0.348,0.232,0.268,0.298,0.166,0.14,0.808,0.524,0.218,0.286,0.084,,,,,,,,,,,,,,,,,,,,,,,,,,,,,,,,,,,,,,,,,,,,,,,,0.87,,,,,,,,,,,,,0.932,0.742,0.896,0.954,0.18,0.718,0.438,0.536,0.534,0.782,0.676,0.684,0.4,0.326,0.83,0.954,0.226,0.762,0.686,0.518,0.544,0.82,0.862,0.94,0.18,0.52,0.954,0.638,0.954,0.954,0.776,0.87,0.55,0.32,0.872,0.858,0.908,0.858,0.954,0.954,0.65,0.664,,,,,,,,,,,,,,,,,,,,,,,,,,,,,,,,,,,,,,,,,,,,,,,,,,,,,,,,,,,,,,,,,,,,,,,,,,,,,,,,,,,,,
S425,0.032,,,,0.0,0.416,,,0.031,,,,,,,0.04,0.398,0.066,,0.0,,0.006,0.048,0.56,0.012,0.0,0.438,0.194,0.0,0.902,0.928,0.0,0.142,0.0,,,,,,,,,,,,,,,,,,,,,,,,,,,,,,,,,,,,,,,,,,,,,,,,0.954,,,,,,,,,,,,,0.116,0.37,0.84,0.918,0.544,0.908,0.632,0.5,0.096,0.102,0.158,0.086,0.934,0.448,0.246,0.954,0.194,0.946,0.486,0.0,0.934,0.264,0.4,0.952,,0.642,0.944,0.25,0.852,0.95,0.486,0.756,0.06,0.304,0.804,0.818,0.0,0.948,0.85,0.566,0.254,0.23,,,,,,,,,,,,,,,,,,,,,,,,,,,,,,,,,,,,,,,,,,,,,,,,,,,,,,,,,,,,,,,,,,,,,,,,,,,,,,,,,,,,,
C245,0.148,,,,0.432,0.494,,,0.264,,,,,,,0.548,0.138,0.191,,0.0,,0.302,0.261,0.174,0.314,0.206,0.496,0.06,0.004,0.87,0.672,0.074,0.0,0.036,,,,,,,,,,,,,,,,,,,,,,,,,,,,,,,,,,,,,,,,,,,,,,,,0.832,,,,,,,,,,,,,0.704,0.254,0.908,0.938,0.218,0.858,0.574,0.592,0.154,0.494,0.0,0.618,0.69,0.72,0.454,0.94,0.396,0.808,0.522,0.05,0.844,0.83,0.488,0.848,0.188,0.532,0.954,0.042,0.954,0.954,0.428,0.866,0.618,0.112,0.938,0.09,0.66,0.828,0.936,0.07,0.166,0.002,,,,,,,,,,,,,,,,,,,,,,,,,,,,,,,,,,,,,,,,,,,,,,,,,,,,,,,,,,,,,,,,,,,,,,,,,,,,,,,,,,,,,
S426,0.136,,,,0.649,0.824,,,0.457,,,,,,,0.709,0.233,0.524,,0.039,,0.608,0.394,0.22,0.358,0.424,0.606,0.272,0.242,0.882,0.752,0.364,0.304,0.088,,,,,,,,,,,,,,,,,,,,,,,,,,,,,,,,,,,,,,,,,,,,,,,,0.954,,,,,,,,,,,,,0.954,0.946,0.844,0.954,0.382,0.876,0.616,0.71,0.684,0.636,0.656,0.808,0.77,0.85,0.674,0.954,0.722,0.886,0.56,0.342,0.938,0.926,0.802,0.894,0.552,0.648,0.954,0.352,0.954,0.954,0.776,0.94,,0.24,0.954,0.35,0.91,0.896,0.954,0.926,0.734,0.338,,,,,,,,,,,,,,,,,,,,,,,,,,,,,,,,,,,,,,,,,,,,,,,,,,,,,,,,,,,,,,,,,,,,,,,,,,,,,,,,,,,,,
S427,0.158,,,,0.516,0.774,,,0.37,,,,,,,0.258,0.528,0.357,,0.0,,0.53,0.553,0.158,0.0,0.468,0.0,0.0,0.09,0.9,0.674,0.276,0.174,0.29,,,,,,,,,,,,,,,,,,,,,,,,,,,,,,,,,,,,,,,,,,,,,,,,0.712,,,,,,,,,,,,,0.786,0.906,0.88,0.884,0.472,0.83,,0.746,0.324,0.872,0.586,0.67,0.736,0.364,0.75,0.902,0.472,0.806,0.094,0.28,0.736,0.852,0.73,0.828,0.55,0.71,0.934,0.484,0.9,0.934,0.55,0.892,0.818,0.74,0.91,0.534,0.836,0.788,0.892,0.798,0.552,0.476,,,,,,,,,,,,,,,,,,,,,,,,,,,,,,,,,,,,,,,,,,,,,,,,,,,,,,,,,,,,,,,,,,,,,,,,,,,,,,,,,,,,,
C248,0.216,,,,0.609,0.172,,,0.204,,,,,,,0.94,0.292,0.928,,0.033,,0.954,0.606,0.344,0.47,0.368,0.322,0.154,0.254,0.336,0.484,0.422,0.954,0.0,,,,,,,,,,,,,,,,,,,,,,,,,,,,,,,,,,,,,,,,,,,,,,,,0.954,,,,,,,,,,,,,0.954,0.27,0.554,0.7,0.482,0.272,0.386,0.458,0.26,0.194,0.954,0.404,0.628,0.954,0.86,0.954,0.646,0.512,0.348,0.432,0.954,0.954,0.954,0.748,0.752,0.954,0.954,0.954,0.848,0.904,0.606,0.664,0.906,0.282,0.954,0.834,0.73,0.788,0.776,0.912,0.954,0.954,,,,,,,,,,,,,,,,,,,,,,,,,,,,,,,,,,,,,,,,,,,,,,,,,,,,,,,,,,,,,,,,,,,,,,,,,,,,,,,,,,,,,
S430,0.18,,,,0.516,0.496,,,0.22,,,,,,,0.603,0.271,0.421,,0.102,,0.54,0.332,0.212,0.298,0.304,0.54,0.166,0.164,0.874,0.566,0.316,0.472,0.0,,,,,,,,,,,,,,,,,,,,,,,,,,,,,,,,,,,,,,,,,,,,,,,,0.948,,,,,,,,,,,,,0.754,0.544,0.944,0.93,0.324,0.878,0.664,0.72,0.404,0.506,0.684,0.776,0.664,0.81,0.606,0.954,0.728,0.714,0.652,0.136,0.796,0.762,0.618,0.844,0.694,0.802,0.954,0.408,0.948,0.954,0.578,0.926,0.4,0.232,0.954,0.502,0.736,0.774,0.946,0.844,0.626,0.516,,,,,,,,,,,,,,,,,,,,,,,,,,,,,,,,,,,,,,,,,,,,,,,,,,,,,,,,,,,,,,,,,,,,,,,,,,,,,,,,,,,,,
C292,0.056,,,,0.818,0.446,,,0.185,,,,,,,0.485,0.074,0.332,,0.027,,0.416,0.313,0.39,0.182,0.3,0.568,0.122,0.092,0.928,0.862,0.08,0.118,0.0,,,,,,,,,,,,,,,,,,,,,,,,,,,,,,,,,,,,,,,,,,,,,,,,0.946,,,,,,,,,,,,,0.858,0.794,0.936,0.954,0.954,0.814,0.484,0.642,0.798,0.816,0.394,0.954,0.824,0.668,0.474,0.954,0.74,0.954,0.492,0.174,0.92,0.72,0.576,0.954,0.568,0.562,0.954,0.954,0.954,0.954,0.27,0.89,0.418,0.312,0.954,0.312,,0.942,0.954,0.756,0.526,0.244,,,,,,,,,,,,,,,,,,,,,,,,,,,,,,,,,,,,,,,,,,,,,,,,,,,,,,,,,,,,,,,,,,,,,,,,,,,,,,,,,,,,,
S431,0.004,,,,0.14,0.0,,,0.466,,,,,,,0.743,0.061,0.485,,0.035,,0.6,0.173,0.206,0.246,0.212,0.278,0.144,0.292,0.826,0.162,0.14,0.49,0.0,,,,,,,,,,,,,,,,,,,,,,,,,,,,,,,,,,,,,,,,,,,,,,,,0.628,,,,,,,,,,,,,0.872,0.578,0.848,0.94,0.512,0.738,0.234,0.74,0.4,0.898,0.662,0.752,0.28,0.784,0.89,0.9,0.486,0.276,0.358,0.09,0.726,0.864,0.702,0.446,0.744,0.61,0.954,0.518,0.93,0.95,0.614,0.846,0.944,0.368,0.954,0.518,0.776,0.65,0.874,0.652,0.948,0.552,,,,,,,,,,,,,,,,,,,,,,,,,,,,,,,,,,,,,,,,,,,,,,,,,,,,,,,,,,,,,,,,,,,,,,,,,,,,,,,,,,,,,
S432,0.606,,,,0.57,0.954,,,0.791,,,,,,,0.851,0.17,0.916,,0.547,,,0.954,0.184,,0.32,0.412,0.054,0.27,0.276,0.896,0.954,0.854,0.954,,,,,,,,,,,,,,,,,,,,,,,,,,,,,,,,,,,,,,,,,,,,,,,,0.342,,,,,,,,,,,,,0.714,0.474,0.816,0.0,0.646,0.106,0.268,0.22,,0.812,0.954,0.492,0.356,0.148,0.076,0.506,0.0,0.0,0.12,0.292,0.708,,0.794,0.516,0.0,0.204,0.848,0.832,0.624,0.1,0.646,0.768,0.282,0.134,0.154,0.648,0.0,0.352,0.72,0.0,0.69,0.89,,,,,,,,,,,,,,,,,,,,,,,,,,,,,,,,,,,,,,,,,,,,,,,,,,,,,,,,,,,,,,,,,,,,,,,,,,,,,,,,,,,,,
S433,0.04,,,,0.558,0.478,,,0.254,,,,,,,0.569,0.282,0.235,,0.002,,0.334,0.108,0.214,0.254,0.06,0.512,0.336,0.15,0.91,0.746,0.08,0.196,0.0,,,,,,,,,,,,,,,,,,,,,,,,,,,,,,,,,,,,,,,,,,,,,,,,0.912,,,,,,,,,,,,,0.718,0.252,0.948,0.944,0.254,0.87,0.678,0.694,0.212,0.41,0.394,0.732,0.806,0.752,0.702,0.954,0.564,0.838,0.62,0.13,0.886,0.898,0.694,0.896,0.518,0.712,0.954,0.45,0.954,0.954,0.67,0.916,0.68,0.356,0.896,0.72,0.938,0.846,0.948,0.696,0.498,0.294,,,,,,,,,,,,,,,,,,,,,,,,,,,,,,,,,,,,,,,,,,,,,,,,,,,,,,,,,,,,,,,,,,,,,,,,,,,,,,,,,,,,,
S434,0.052,,,,0.756,0.522,,,0.372,,,,,,,0.69,0.208,0.42,,0.0,,0.52,0.459,0.088,0.328,0.086,0.472,0.04,0.0,0.934,0.776,0.2,0.152,0.012,,,,,,,,,,,,,,,,,,,,,,,,,,,,,,,,,,,,,,,,,,,,,,,,0.87,,,,,,,,,,,,,0.842,0.484,0.954,0.954,0.086,0.954,0.462,0.576,0.264,0.792,0.234,0.678,0.932,0.612,0.814,0.954,0.916,0.954,0.636,0.082,0.894,0.81,0.688,0.756,0.582,0.474,0.954,0.148,0.752,0.954,0.298,0.83,0.834,0.336,0.954,0.3,0.954,0.856,0.756,0.896,0.434,0.044,,,,,,,,,,,,,,,,,,,,,,,,,,,,,,,,,,,,,,,,,,,,,,,,,,,,,,,,,,,,,,,,,,,,,,,,,,,,,,,,,,,,,
C258,,,,,0.612,0.424,,,0.002,,,,,,,0.5,0.456,0.396,,0.148,,0.4,0.537,0.362,0.308,0.246,0.658,0.14,0.47,0.954,0.444,0.336,0.954,0.0,,,,,,,,,,,,,,,,,,,,,,,,,,,,,,,,,,,,,,,,,,,,,,,,0.904,,,,,,,,,,,,,0.858,0.25,0.586,0.592,0.684,0.13,0.298,0.64,0.274,0.378,0.954,0.644,0.486,0.474,0.69,0.892,0.01,0.748,0.412,0.214,0.496,0.606,0.37,0.646,0.166,0.954,0.954,0.954,0.954,0.762,0.586,0.702,0.538,0.14,0.608,0.954,,0.48,0.868,,0.82,0.954,,,,,,,,,,,,,,,,,,,,,,,,,,,,,,,,,,,,,,,,,,,,,,,,,,,,,,,,,,,,,,,,,,,,,,,,,,,,,,,,,,,,,
S435,0.108,,,,0.221,0.42,,,0.181,,,,,,,0.546,0.056,0.17,,0.0,,0.108,0.043,0.178,0.17,0.07,0.402,0.05,0.286,,0.182,0.15,0.756,0.0,,,,,,,,,,,,,,,,,,,,,,,,,,,,,,,,,,,,,,,,,,,,,,,,0.864,,,,,,,,,,,,,0.938,0.358,0.858,0.63,0.456,0.512,0.544,0.526,0.0,0.468,0.838,0.288,0.25,0.712,0.68,0.906,0.198,0.186,0.374,0.112,0.622,0.772,0.396,0.63,0.286,0.954,0.954,0.768,0.954,0.828,0.442,0.904,0.724,0.108,0.946,0.828,0.41,0.23,0.954,0.76,0.726,0.9,,,,,,,,,,,,,,,,,,,,,,,,,,,,,,,,,,,,,,,,,,,,,,,,,,,,,,,,,,,,,,,,,,,,,,,,,,,,,,,,,,,,,
S436,0.066,,,,0.207,0.404,,,0.127,,,,,,,0.42,0.009,0.102,,0.0,,0.14,0.187,0.024,0.084,0.112,0.386,0.0,0.016,0.724,0.172,0.108,0.266,0.0,,,,,,,,,,,,,,,,,,,,,,,,,,,,,,,,,,,,,,,,,,,,,,,,0.376,,,,,,,,,,,,,0.58,0.292,0.76,0.818,0.046,0.668,0.476,0.532,0.166,0.234,0.408,0.348,0.214,0.542,0.514,0.844,0.104,0.206,0.392,0.094,0.584,0.634,0.29,0.568,0.2,0.524,0.91,0.332,0.894,0.89,0.234,0.808,0.48,0.06,0.816,0.43,0.498,0.288,0.866,0.458,0.266,0.342,,,,,,,,,,,,,,,,,,,,,,,,,,,,,,,,,,,,,,,,,,,,,,,,,,,,,,,,,,,,,,,,,,,,,,,,,,,,,,,,,,,,,
S437,0.056,,,,0.592,0.664,,,0.48,,,,,,,0.136,0.268,0.235,,0.17,,0.214,0.329,0.338,0.638,0.434,0.482,0.112,0.14,0.846,0.87,0.074,0.27,0.0,,,,,,,,,,,,,,,,,,,,,,,,,,,,,,,,,,,,,,,,,,,,,,,,0.922,,,,,,,,,,,,,0.638,0.572,0.896,0.89,0.286,0.728,,0.786,0.534,0.376,0.68,0.928,0.89,0.652,0.938,0.954,0.678,0.954,0.3,0.202,0.942,0.844,0.716,0.954,0.954,0.342,0.892,0.074,0.912,0.892,0.636,0.904,0.398,0.232,0.728,0.324,0.926,0.954,0.954,0.708,0.166,0.314,,,,,,,,,,,,,,,,,,,,,,,,,,,,,,,,,,,,,,,,,,,,,,,,,,,,,,,,,,,,,,,,,,,,,,,,,,,,,,,,,,,,,
S438,0.25,,,,0.729,0.826,,,0.458,,,,,,,0.248,0.345,0.42,,0.092,,0.624,0.423,0.228,0.476,0.314,0.602,0.0,0.15,0.756,0.85,0.028,0.132,0.104,,,,,,,,,,,,,,,,,,,,,,,,,,,,,,,,,,,,,,,,,,,,,,,,0.912,,,,,,,,,,,,,0.88,0.772,0.892,0.924,0.434,0.862,0.656,0.758,0.334,0.444,0.44,0.892,0.744,0.784,0.596,0.954,0.578,0.948,0.642,0.238,0.916,0.868,0.736,0.898,0.368,0.646,0.954,0.31,0.954,0.954,0.756,0.954,0.578,0.274,0.938,0.442,0.732,0.928,0.954,0.838,0.358,0.292,,,,,,,,,,,,,,,,,,,,,,,,,,,,,,,,,,,,,,,,,,,,,,,,,,,,,,,,,,,,,,,,,,,,,,,,,,,,,,,,,,,,,
C262,0.282,,,,0.754,0.884,,,0.482,,,,,,,0.658,0.428,0.324,,0.154,,0.48,0.26,0.27,0.482,0.424,0.704,0.0,0.218,0.854,0.706,0.0,0.202,0.0,,,,,,,,,,,,,,,,,,,,,,,,,,,,,,,,,,,,,,,,,,,,,,,,0.884,,,,,,,,,,,,,0.954,0.954,0.954,0.954,0.42,0.954,0.734,0.412,0.946,0.954,0.552,0.476,0.786,,0.954,0.954,0.924,0.954,0.78,0.18,0.954,0.946,0.908,0.892,0.954,0.648,0.954,0.0,0.954,0.954,0.328,0.602,,0.128,0.954,0.954,0.954,0.952,0.954,0.954,0.15,0.212,,,,,,,,,,,,,,,,,,,,,,,,,,,,,,,,,,,,,,,,,,,,,,,,,,,,,,,,,,,,,,,,,,,,,,,,,,,,,,,,,,,,,
S439,0.182,,,,0.638,0.794,,,0.228,,,,,,,0.455,0.287,0.28,,0.0,,0.516,0.046,0.186,0.37,0.34,0.552,0.048,0.0,0.94,0.824,0.158,0.188,0.014,,,,,,,,,,,,,,,,,,,,,,,,,,,,,,,,,,,,,,,,,,,,,,,,0.876,,,,,,,,,,,,,0.73,0.828,0.92,0.908,0.266,0.902,0.562,0.56,0.314,0.426,0.298,0.896,0.874,0.792,0.64,0.954,0.744,0.842,0.686,0.12,0.92,0.876,0.79,0.94,0.462,0.594,0.954,0.304,0.954,0.954,0.474,0.95,0.624,0.326,0.954,0.594,0.894,0.93,0.954,0.908,0.668,0.23,,,,,,,,,,,,,,,,,,,,,,,,,,,,,,,,,,,,,,,,,,,,,,,,,,,,,,,,,,,,,,,,,,,,,,,,,,,,,,,,,,,,,
C266,0.29,,,,0.729,0.288,,,0.584,,,,,,,0.476,0.528,0.318,,0.137,,0.73,0.361,0.33,0.888,0.374,0.496,0.196,0.056,0.8,0.15,0.224,0.0,0.016,,,,,,,,,,,,,,,,,,,,,,,,,,,,,,,,,,,,,,,,,,,,,,,,0.622,,,,,,,,,,,,,0.83,0.442,0.672,0.778,0.328,0.77,0.392,0.536,0.342,0.714,0.6,0.832,0.456,0.656,0.624,0.828,0.666,0.762,0.436,0.222,0.77,0.818,0.524,0.624,0.574,0.508,0.836,0.39,0.832,0.832,0.568,0.822,0.696,0.172,0.858,0.488,0.432,0.692,0.822,0.544,0.566,0.35,,,,,,,,,,,,,,,,,,,,,,,,,,,,,,,,,,,,,,,,,,,,,,,,,,,,,,,,,,,,,,,,,,,,,,,,,,,,,,,,,,,,,
S440,0.176,,,,0.838,0.328,,,0.404,,,,,,,0.798,0.247,0.375,,0.0,,0.452,0.364,0.242,0.378,0.44,0.376,0.048,0.09,0.668,,0.212,0.08,0.0,,,,,,,,,,,,,,,,,,,,,,,,,,,,,,,,,,,,,,,,,,,,,,,,0.764,,,,,,,,,,,,,0.892,0.572,0.5,0.834,0.238,0.662,0.476,0.562,0.348,0.816,0.35,0.878,0.784,0.78,0.384,0.788,0.616,0.838,0.462,0.238,0.812,0.862,0.592,0.722,0.672,0.842,0.896,0.5,0.832,0.838,0.508,0.916,0.576,0.392,0.884,0.516,0.434,0.818,0.686,0.512,0.6,0.232,,,,,,,,,,,,,,,,,,,,,,,,,,,,,,,,,,,,,,,,,,,,,,,,,,,,,,,,,,,,,,,,,,,,,,,,,,,,,,,,,,,,,
S441,0.21,,,,0.522,0.224,,,0.09,,,,,,,0.877,0.207,0.82,,0.044,,0.818,0.296,0.578,0.554,0.614,0.904,0.672,0.746,,0.4,0.304,0.954,0.0,,,,,,,,,,,,,,,,,,,,,,,,,,,,,,,,,,,,,,,,,,,,,,,,,,,,,,,,,,,,,,0.0,0.954,0.918,0.884,0.954,0.296,0.954,0.23,0.0,0.954,,0.91,,0.954,,0.954,,0.102,0.824,0.872,0.95,0.664,0.608,0.954,,0.938,,0.884,0.62,0.848,0.0,0.842,0.622,,0.152,0.954,0.754,0.08,0.954,0.0,0.954,,,,,,,,,,,,,,,,,,,,,,,,,,,,,,,,,,,,,,,,,,,,,,,,,,,,,,,,,,,,,,,,,,,,,,,,,,,,,,,,,,,,,
S600,0.038,,,,0.522,0.61,,,0.452,,,,,,,0.608,0.235,0.26,,0.0,,0.408,0.268,0.206,0.57,0.524,0.662,0.0,0.222,0.832,0.596,0.208,0.168,0.0,,,,,,,,,,,,,,,,,,,,,,,,,,,,,,,,,,,,,,,,,,,,,,,,0.752,,,,,,,,,,,,,0.938,0.954,0.954,0.954,0.0,0.954,0.578,0.834,0.562,0.954,0.74,0.936,0.852,0.704,0.954,0.954,0.954,,0.954,0.114,0.954,0.954,0.726,0.858,0.954,0.942,0.954,0.692,0.954,0.954,0.546,0.734,,0.17,0.954,0.266,0.804,0.698,0.954,0.954,0.384,0.414,,,,,,,,,,,,,,,,,,,,,,,,,,,,,,,,,,,,,,,,,,,,,,,,,,,,,,,,,,,,,,,,,,,,,,,,,,,,,,,,,,,,,
S443,,,,0.0,,0.89,,0.098,0.681,,,,,,,0.514,0.228,,,,,,,,,0.658,,,0.15,,0.796,,0.234,,0.08,0.696,0.332,0.608,0.0,0.0,,,,,,,0.72,,,,,,,,,,,,,,,,,,,,,,,,,,,,,,,,,,,,,,,,,,,,,,,,,,,,,0.954,,0.948,,,0.77,,0.706,,,,0.954,,,,,,,,,0.682,0.468,,0.622,,,,,,,,,0.786,,,,,0.728,0.954,0.882,,0.0,0.854,0.468,0.954,0.914,0.684,0.954,0.766,0.866,0.954,0.954,0.8,0.792,0.614,0.666,0.076,0.61,0.954,0.548,0.642,,0.57,0.572,0.94,0.736,0.0,0.648,0.032,0.492,0.954,0.954,0.954,0.06,0.652,0.486,0.954,,,,,,,,,,,,,,,,,,,,,,0.802,,,,,,,,,,,,,,,,,,,,,,,
S601,,,,,,,,,,,,,,,,,,,,,,,,,,0.376,,,,,,,0.198,,,,,,,,,,,,,,0.56,,,,,,,,,,,,,,,,,,,,,,,,,,,,,,,,,,,,,,,,,,,,,,,,,,,,,,,,,,0.474,,,,,,,,,,,,,,,,,,,,,,,,,,,,,,,,,,,,,,,,,,,,,,,,,,,,,,,,,,,,,,,,,,,,,,,,,,,,,,,,,,,,,,,,,,,,,0.524,,,,,,,,,,,,,,,,,,,,,,,
S444,,,,,,,,,,,,,,,,,,,,,,,,,,0.552,,,,,,,0.378,0.306,,,,,,,,,,,,,,,,,,,,,,,,,,,,,,,,,,,,,,,,,,,,,,,,,,,,,,,,,,,,,,,,,,,,,,,0.67,,,,,,,,,,,,,,,,,,,,,,,,,,,,,,,0.568,,,,,,,,,,,,,,,,,,,,,,,,,,,,,,,,,,,,,,,,,,,,,,,,,,,,,,,,,,,,,,,,,,,,,,,,,,,,,,,,,,,,,
S446,0.118,,,,0.436,0.408,,,0.249,,,,,,,0.616,0.25,0.38,,0.038,,0.254,0.233,0.624,0.336,0.272,0.5,0.288,0.252,0.662,0.432,0.216,0.954,0.0,,,,,,,,,,,,,,,,,,,,,,,,,,,,,,,,,,,,,,,,,,,,,,,,0.954,,,,,,,,,,,,,0.79,0.436,0.582,0.874,0.676,0.69,0.4,0.446,0.292,0.368,0.954,0.504,0.53,0.72,0.764,0.73,0.67,0.624,0.632,0.204,0.742,0.794,0.538,0.698,0.77,0.944,0.954,0.872,0.836,0.754,0.45,0.74,0.598,0.128,0.922,0.88,0.648,0.638,0.802,0.954,0.894,0.954,,,,,,,,,,,,,,,,,,,,,,,,,,,,,,,,,,,,,,,,,,,,,,,,,,,,,,,,,,,,,,,,,,,,,,,,,,,,,,,,,,,,,
S447,0.274,,,,0.263,0.228,,,0.197,,,,,,,0.769,0.247,0.359,,0.0,,0.442,0.374,0.556,0.446,0.23,0.62,0.456,0.554,0.0,0.6,0.394,0.954,0.37,,,,,,,,,,,,,,,,,,,,,,,,,,,,,,,,,,,,,,,,,,,,,,,,0.954,,,,,,,,,,,,,0.952,0.382,0.338,0.872,0.744,0.29,0.15,,,0.546,0.954,0.836,0.668,0.654,0.74,0.642,0.658,0.656,0.396,0.682,0.73,0.878,0.722,0.822,0.884,0.954,0.954,0.954,0.94,0.916,0.736,0.538,0.64,0.562,0.786,0.954,0.2,0.768,0.72,0.954,0.954,0.954,,,,,,,,,,,,,,,,,,,,,,,,,,,,,,,,,,,,,,,,,,,,,,,,,,,,,,,,,,,,,,,,,,,,,,,,,,,,,,,,,,,,,
S448,0.168,,,,0.088,0.192,,,0.18,,,,,,,0.46,0.062,0.199,,0.0,,0.102,0.068,0.222,0.108,0.086,0.384,0.0,0.026,0.77,0.75,0.134,0.432,0.0,,,,,,,,,,,,,,,,,,,,,,,,,,,,,,,,,,,,,,,,,,,,,,,,0.93,,,,,,,,,,,,,0.552,0.33,0.54,0.922,0.298,0.712,0.556,0.556,0.264,0.468,0.542,0.274,0.68,0.598,0.472,0.942,0.438,0.736,0.396,0.0,0.804,0.666,0.184,0.914,0.732,0.742,0.954,0.556,0.954,0.954,0.264,0.802,0.542,0.182,0.872,0.646,0.262,0.808,0.906,0.592,0.606,0.484,,,,,,,,,,,,,,,,,,,,,,,,,,,,,,,,,,,,,,,,,,,,,,,,,,,,,,,,,,,,,,,,,,,,,,,,,,,,,,,,,,,,,
S449,,,,,,,,,,,,,,,,,,,,,,,,,,0.134,,,,,,,0.408,0.0,,,,,,,,,,,,,,,,,,,,,,,,,,,,,,,,,,,,,,,,,,,,,,,,,,,,,,,,,,,,,,,,,,,,,,,0.64,,,,,,,,,,,,,,,,,,,,,,,,,,,,,,,0.586,,,,,,,,,,,,,,,,,,,,,,,,,,,,,,,,,,,,,,,,,,,,,,,,,,,,,,,,,,,,,,,,,,,,,,,,,,,,,,,,,,,,,
S450,0.432,,,,0.526,0.546,,,0.3,,,,,,,0.523,0.115,0.145,,0.035,,0.238,0.355,0.352,0.216,0.282,0.538,0.052,0.168,0.29,0.56,0.252,0.38,0.222,,,,,,,,,,,,,,,,,,,,,,,,,,,,,,,,,,,,,,,,,,,,,,,,0.654,,,,,,,,,,,,,0.954,0.954,0.954,0.95,0.788,0.954,0.0,0.638,0.954,0.732,0.634,0.796,0.954,0.706,0.884,0.912,0.954,0.866,0.27,0.888,0.954,0.944,0.954,0.0,0.884,0.67,0.954,0.0,0.0,,0.954,0.008,0.882,0.598,0.954,0.636,0.826,0.954,0.076,0.954,0.56,0.604,,,,,,,,,,,,,,,,,,,,,,,,,,,,,,,,,,,,,,,,,,,,,,,,,,,,,,,,,,,,,,,,,,,,,,,,,,,,,,,,,,,,,
S451,,,,,,,,,,,,,,,,,,,,,,,,,,0.056,,,,,,,0.902,0.204,,,,,,,,,,,,,,,,,,,,,,,,,,,,,,,,,,,,,,,,,,,,,,,,,,,,,,,,,,,,,,,,,,,,,,,0.954,,,,,,,,,,,,,,,,,,,,,,,,,,,,,,,0.954,,,,,,,,,,,,,,,,,,,,,,,,,,,,,,,,,,,,,,,,,,,,,,,,,,,,,,,,,,,,,,,,,,,,,,,,,,,,,,,,,,,,,
C277,0.036,,,,0.078,0.252,,,0.259,,,,,,,0.411,0.0,0.127,,0.0,,0.28,0.008,0.446,0.118,0.046,0.302,0.376,0.162,0.62,0.636,0.0,0.898,0.092,,,,,,,,,,,,,,,,,,,,,,,,,,,,,,,,,,,,,,,,,,,,,,,,0.906,,,,,,,,,,,,,0.436,0.214,0.032,0.69,0.498,0.28,0.548,0.716,0.0,0.216,0.89,0.0,0.656,0.802,0.824,0.566,,,0.634,0.0,0.624,0.47,0.114,0.746,0.582,0.954,0.954,0.81,0.668,0.674,0.0,0.784,0.444,0.04,0.758,0.752,0.0,0.462,0.684,0.85,0.772,0.84,,,,,,,,,,,,,,,,,,,,,,,,,,,,,,,,,,,,,,,,,,,,,,,,,,,,,,,,,,,,,,,,,,,,,,,,,,,,,,,,,,,,,
S452,0.0,,,,0.213,0.25,,,0.065,,,,,,,0.487,0.019,0.316,,0.044,,0.254,0.074,0.23,0.192,0.078,0.238,0.218,0.154,0.0,0.232,0.258,0.842,0.0,,,,,,,,,,,,,,,,,,,,,,,,,,,,,,,,,,,,,,,,,,,,,,,,0.952,,,,,,,,,,,,,0.478,0.3,,0.732,0.338,,0.316,0.272,0.158,0.186,0.914,0.0,0.386,0.632,0.78,0.676,0.678,0.206,0.216,0.132,0.566,0.532,0.228,0.472,0.704,0.928,0.954,0.882,0.682,0.53,0.202,0.698,0.51,0.232,0.834,0.89,,0.202,0.736,0.944,0.916,0.886,,,,,,,,,,,,,,,,,,,,,,,,,,,,,,,,,,,,,,,,,,,,,,,,,,,,,,,,,,,,,,,,,,,,,,,,,,,,,,,,,,,,,
S453,0.008,,,,0.154,0.49,,,0.467,,,,,,,0.302,0.121,0.205,,0.0,,0.398,0.118,0.31,0.33,,0.398,0.0,0.09,0.936,0.836,0.038,0.1,0.0,,,,,,,,,,,,,,,,,,,,,,,,,,,,,,,,,,,,,,,,,,,,,,,,0.954,,,,,,,,,,,,,0.93,0.954,0.954,0.954,0.21,0.87,0.592,0.582,0.112,0.882,0.13,0.954,0.918,0.842,0.542,0.91,0.218,0.954,0.46,0.728,0.95,0.954,0.684,0.944,0.852,0.726,0.954,0.248,0.902,0.954,0.806,0.916,0.814,0.402,0.82,0.372,0.654,0.946,0.954,0.69,0.722,0.228,,,,,,,,,,,,,,,,,,,,,,,,,,,,,,,,,,,,,,,,,,,,,,,,,,,,,,,,,,,,,,,,,,,,,,,,,,,,,,,,,,,,,
C280,0.014,,,,0.293,0.586,,,0.488,,,,,,,0.355,0.21,0.297,,0.0,,0.32,0.155,0.398,0.44,0.292,0.166,0.116,0.06,0.836,0.768,0.0,0.184,0.0,,,,,,,,,,,,,,,,,,,,,,,,,,,,,,,,,,,,,,,,,,,,,,,,0.932,,,,,,,,,,,,,0.696,,0.882,0.89,0.054,0.85,0.05,0.486,,,0.222,0.36,0.786,0.6,0.754,0.934,0.48,0.882,0.874,0.0,0.892,0.732,0.0,0.864,0.64,0.34,0.954,0.176,0.918,0.91,0.262,0.874,0.0,0.0,0.94,0.09,0.876,0.854,0.918,0.812,0.676,0.132,,,,,,,,,,,,,,,,,,,,,,,,,,,,,,,,,,,,,,,,,,,,,,,,,,,,,,,,,,,,,,,,,,,,,,,,,,,,,,,,,,,,,
S454,0.0,,,,0.004,0.0,,,0.453,,,,,,,0.303,0.422,0.21,,0.0,,0.178,0.08,0.202,0.14,0.6,0.0,0.0,0.286,0.846,0.816,0.056,0.154,0.0,,,,,,,,,,,,,,,,,,,,,,,,,,,,,,,,,,,,,,,,,,,,,,,,0.864,,,,,,,,,,,,,0.712,0.524,0.838,0.83,0.146,0.748,0.08,0.514,0.058,0.908,0.094,0.436,0.764,0.278,0.382,0.934,0.506,0.858,0.546,,0.924,0.732,0.32,0.754,0.54,0.322,0.864,0.142,0.816,0.878,0.488,0.852,0.344,0.07,0.846,0.17,0.342,0.892,0.914,0.0,0.372,0.01,,,,,,,,,,,,,,,,,,,,,,,,,,,,,,,,,,,,,,,,,,,,,,,,,,,,,,,,,,,,,,,,,,,,,,,,,,,,,,,,,,,,,
S455,,,,0.0,,0.0,,0.179,0.301,,,,,,,0.201,0.107,,,,,,,,,0.0,,,0.122,,0.726,,0.412,0.0,0.102,0.558,0.868,0.466,0.0,0.0,,,,,,,,,,,,,,,,,,,,,,,,,,,,,,,,,,,,,,,,,,,,,,,,,,,,,,,,,,,,0.374,,0.638,,,0.422,,0.37,,,,0.676,,,,,,,,,0.336,0.104,,0.696,,,,,,,,,0.63,,,,0.262,0.546,0.38,0.164,0.46,0.012,0.196,0.324,0.664,0.354,0.69,0.592,0.598,0.75,0.564,0.57,0.876,0.88,0.85,0.866,0.844,0.866,0.786,0.91,0.862,0.91,0.292,0.246,0.312,0.0,0.286,0.328,,0.256,0.758,0.606,0.274,0.02,,0.0,0.388,,,,,,,,,,,,,,,,,,,,,,,,,,,,,,,,,,,,,,,,,,,,,
C281,0.208,,,,0.252,0.304,,,0.199,,,,,,,0.442,0.209,0.309,,0.009,,0.226,0.179,0.234,0.172,0.052,0.588,0.0,0.018,0.856,0.182,0.21,0.716,0.0,,,,,,,,,,,,,,,,,,,,,,,,,,,,,,,,,,,,,,,,,,,,,,,,0.644,,,,,,,,,,,,,0.452,0.098,0.954,0.772,0.054,0.948,0.546,0.348,0.194,0.21,0.786,0.094,0.152,0.66,0.92,0.954,0.83,0.054,0.156,0.058,0.072,0.216,0.076,0.12,0.948,0.438,0.234,0.4,,,0.046,0.362,0.256,0.064,0.686,0.86,0.68,0.068,0.56,0.726,0.78,0.786,,,,,,,,,,,,,,,,,,,,,,,,,,,,,,,,,,,,,,,,,,,,,,,,,,,,,,,,,,,,,,,,,,,,,,,,,,,,,,,,,,,,,
S456,0.196,,,,0.845,0.734,,,0.68,,,,,,,0.757,0.389,0.368,,0.04,,0.746,0.472,0.596,0.568,0.348,0.67,0.16,0.0,0.906,0.67,0.432,0.398,0.0,,,,,,,,,,,,,,,,,,,,,,,,,,,,,,,,,,,,,,,,,,,,,,,,0.954,,,,,,,,,,,,,0.936,0.862,0.882,0.954,0.634,0.926,0.816,0.882,0.368,0.882,0.578,0.954,0.92,0.806,0.914,0.954,0.778,0.954,0.674,0.376,0.932,0.862,0.864,0.68,0.75,0.818,0.954,0.462,0.804,0.954,0.84,0.954,0.808,0.314,0.954,0.922,0.922,0.914,0.954,,0.858,0.422,,,,,,,,,,,,,,,,,,,,,,,,,,,,,,,,,,,,,,,,,,,,,,,,,,,,,,,,,,,,,,,,,,,,,,,,,,,,,,,,,,,,,
C283,0.05,,,,0.624,0.764,,,0.349,,,,,,,0.565,0.195,0.229,,0.02,,0.584,0.323,0.304,0.364,0.176,0.64,0.236,0.118,0.856,0.414,0.332,0.546,0.0,,,,,,,,,,,,,,,,,,,,,,,,,,,,,,,,,,,,,,,,,,,,,,,,0.954,,,,,,,,,,,,,0.896,0.724,0.766,0.92,0.742,0.77,0.664,0.644,0.182,0.58,0.818,0.698,0.714,0.47,0.814,0.954,0.71,0.684,0.586,0.388,0.62,0.902,0.672,0.478,0.762,0.916,0.954,0.77,0.764,0.954,0.784,0.944,0.678,0.114,0.954,0.882,0.632,0.576,0.954,0.954,0.842,0.8,,,,,,,,,,,,,,,,,,,,,,,,,,,,,,,,,,,,,,,,,,,,,,,,,,,,,,,,,,,,,,,,,,,,,,,,,,,,,,,,,,,,,
C596,,,,,,,,,,,,,,,,,,,,,,,,,,0.376,,,,,,,0.042,0.624,,,,,,,,,,,,,,,,,,,,,,,,,,,,,,,,,,,,,,,,,,,,,,,,,,,,,,,,,,,,,,,,,,,,,,,0.942,,,,,,,,,,,,,,,,,,,,,,,,,,,,,,,0.734,,,,,,,,,,,,,,,,,,,,,,,,,,,,,,,,,,,,,,,,,,,,,,,,,,,,,,,,,,,,,,,,,,,,,,,,,,,,,,,,,,,,,
S602,0.37,,,,0.675,0.686,,,0.509,,,,,,,0.449,0.425,0.569,,0.0,,0.558,0.444,0.322,0.452,0.186,0.506,0.0,0.0,0.916,0.686,0.35,0.308,0.218,,,,,,,,,,,,,,,,,,,,,,,,,,,,,,,,,,,,,,,,,,,,,,,,0.954,,,,,,,,,,,,,0.688,0.536,0.642,0.868,0.492,0.768,0.466,0.39,0.408,0.498,0.618,0.62,0.658,0.546,0.912,0.95,0.81,0.746,0.458,0.356,0.554,0.738,0.664,0.74,0.832,0.754,0.954,0.674,0.954,0.954,0.526,0.904,0.63,0.16,0.944,0.856,0.704,0.522,0.922,0.932,0.892,0.656,,,,,,,,,,,,,,,,,,,,,,,,,,,,,,,,,,,,,,,,,,,,,,,,,,,,,,,,,,,,,,,,,,,,,,,,,,,,,,,,,,,,,
S457,0.13,,,,0.101,0.024,,,0.042,,,,,,,0.383,0.168,0.162,,0.0,,0.462,0.21,0.588,0.626,0.246,0.328,0.424,0.22,0.0,0.304,0.0,0.776,0.0,,,,,,,,,,,,,,,,,,,,,,,,,,,,,,,,,,,,,,,,,,,,,,,,0.954,,,,,,,,,,,,,0.954,0.498,0.424,0.662,0.486,0.49,0.362,0.528,0.684,0.518,0.654,0.406,0.244,0.744,0.556,0.694,0.49,0.82,0.14,,0.656,0.648,0.33,0.71,0.404,0.834,0.828,0.794,0.754,0.66,0.478,0.634,0.37,0.154,0.918,0.87,0.0,0.48,0.696,0.884,0.954,0.55,,,,,,,,,,,,,,,,,,,,,,,,,,,,,,,,,,,,,,,,,,,,,,,,,,,,,,,,,,,,,,,,,,,,,,,,,,,,,,,,,,,,,
S458,,,,,0.669,0.602,,,0.256,,,,,,,0.529,0.261,0.221,,0.053,,0.3,0.267,0.4,0.552,0.268,0.474,0.068,0.062,0.882,0.782,0.164,0.072,0.01,,,,,,,,,,,,,,,,,,,,,,,,,,,,,,,,,,,,,,,,,,,,,,,,0.902,,,,,,,,,,,,,0.842,0.944,0.74,0.954,0.582,0.842,0.546,0.646,0.396,0.864,0.29,0.91,0.774,0.732,0.272,0.954,0.372,0.944,0.506,,0.902,0.814,0.562,0.914,0.222,0.876,0.934,0.694,0.954,0.954,0.552,0.868,0.682,0.56,0.946,0.462,0.454,0.942,0.954,0.716,0.7,0.082,,,,,,,,,,,,,,,,,,,,,,,,,,,,,,,,,,,,,,,,,,,,,,,,,,,,,,,,,,,,,,,,,,,,,,,,,,,,,,,,,,,,,
S459,0.16,,,,0.199,0.216,,,0.186,,,,,,,0.525,0.159,0.13,,0.0,,0.238,0.169,0.236,0.354,0.268,0.364,0.072,0.126,,0.258,0.026,0.388,0.0,,,,,,,,,,,,,,,,,,,,,,,,,,,,,,,,,,,,,,,,,,,,,,,,0.658,,,,,,,,,,,,,0.734,0.528,0.866,0.892,0.496,0.788,0.278,0.406,0.468,0.472,0.444,0.0,0.292,0.616,0.652,0.782,0.482,0.322,0.322,0.154,0.632,0.632,0.27,0.444,0.37,0.556,0.92,0.298,0.832,0.902,0.404,0.818,0.484,0.098,0.9,0.346,0.538,0.342,0.816,0.638,0.498,0.344,,,,,,,,,,,,,,,,,,,,,,,,,,,,,,,,,,,,,,,,,,,,,,,,,,,,,,,,,,,,,,,,,,,,,,,,,,,,,,,,,,,,,
C286,0.172,,,,0.329,0.352,,,0.249,,,,,,,0.423,0.272,0.218,,0.0,,0.334,0.321,0.328,0.42,0.356,0.44,0.0,0.15,0.844,0.39,0.0,0.386,0.0,,,,,,,,,,,,,,,,,,,,,,,,,,,,,,,,,,,,,,,,,,,,,,,,0.926,,,,,,,,,,,,,0.762,0.766,0.912,0.89,0.552,0.804,0.478,0.608,0.33,0.722,0.53,0.73,0.534,0.718,0.828,0.892,0.628,0.828,0.456,0.394,0.786,0.736,0.544,0.702,0.572,0.656,0.922,0.122,0.876,0.898,0.61,0.844,0.586,0.274,0.936,0.508,0.804,0.684,0.882,0.832,0.618,0.442,,,,,,,,,,,,,,,,,,,,,,,,,,,,,,,,,,,,,,,,,,,,,,,,,,,,,,,,,,,,,,,,,,,,,,,,,,,,,,,,,,,,,
S460,,,,,,,,,,,,,,,,,,,,,,,,,,0.19,,,,,,,0.716,0.086,,,,,,,,,,,,,,,,,,,,,,,,,,,,,,,,,,,,,,,,,,,,,,,,,,,,,,,,,,,,,,,,,,,,,,,0.772,,,,,,,,,,,,,,,,,,,,,,,,,,,,,,,0.746,,,,,,,,,,,,,,,,,,,,,,,,,,,,,,,,,,,,,,,,,,,,,,,,,,,,,,,,,,,,,,,,,,,,,,,,,,,,,,,,,,,,,
S461,0.21,,,,0.692,0.324,,,0.294,,,,,,,0.432,0.119,0.227,,0.0,,0.398,0.273,0.178,0.304,0.166,0.364,0.0,0.0,0.864,0.776,0.032,0.024,0.0,,,,,,,,,,,,,,,,,,,,,,,,,,,,,,,,,,,,,,,,,,,,,,,,0.948,,,,,,,,,,,,,,0.788,0.84,0.954,0.16,0.73,0.52,0.8,0.08,0.874,0.086,0.0,0.916,0.56,,0.954,,0.904,0.676,0.072,0.948,0.826,0.424,0.912,0.292,0.542,0.954,0.0,0.886,0.952,0.352,0.722,0.7,0.0,0.898,0.524,0.816,0.918,0.934,0.0,0.374,0.008,,,,,,,,,,,,,,,,,,,,,,,,,,,,,,,,,,,,,,,,,,,,,,,,,,,,,,,,,,,,,,,,,,,,,,,,,,,,,,,,,,,,,
C291,0.088,,,,0.375,0.684,,,0.313,,,,,,,0.479,0.143,0.096,,0.0,,0.286,0.101,0.262,0.466,0.07,0.478,0.018,0.05,0.934,0.846,0.056,0.096,0.0,,,,,,,,,,,,,,,,,,,,,,,,,,,,,,,,,,,,,,,,,,,,,,,,0.954,,,,,,,,,,,,,0.732,0.186,0.954,0.954,0.486,0.954,0.646,0.512,0.094,0.452,0.164,0.752,0.918,0.632,0.638,0.954,0.842,0.954,0.634,0.0,0.954,0.736,0.36,0.892,0.954,0.58,0.954,0.396,0.954,0.954,0.402,0.912,0.52,0.376,0.954,0.17,0.954,0.954,0.952,0.302,0.168,0.134,,,,,,,,,,,,,,,,,,,,,,,,,,,,,,,,,,,,,,,,,,,,,,,,,,,,,,,,,,,,,,,,,,,,,,,,,,,,,,,,,,,,,
C546,,,,,,,,,,,,,,,,,,,,,,,,,,0.142,,,,,,,0.174,0.0,,,,,,,,,,,,,,,,,,,,,,,,,,,,,,,,,,,,,,,,,,,,,,,,,,,,,,,,,,,,,,,,,,,,,,,0.17,,,,,,,,,,,,,,,,,,,,,,,,,,,,,,,0.164,,,,,,,,,,,,,,,,,,,,,,,,,,,,,,,,,,,,,,,,,,,,,,,,,,,,,,,,,,,,,,,,,,,,,,,,,,,,,,,,,,,,,
C296,0.334,,,,0.734,0.448,,,0.266,,,,,,,0.631,0.448,0.323,,0.14,,0.854,0.501,0.322,0.92,0.44,0.496,0.064,0.0,0.254,0.814,0.006,0.222,0.0,,,,,,,,,,,,,,,,,,,,,,,,,,,,,,,,,,,,,,,,,,,,,,,,0.954,,,,,,,,,,,,,0.954,0.918,0.452,0.688,0.52,0.032,0.57,0.694,0.74,0.928,0.184,0.928,0.944,0.75,0.366,0.904,0.208,0.944,0.384,0.26,0.936,0.824,0.69,0.934,0.298,0.748,0.954,0.514,0.894,0.84,0.716,0.636,0.63,0.29,0.942,0.586,0.648,0.928,0.954,0.664,0.682,0.22,,,,,,,,,,,,,,,,,,,,,,,,,,,,,,,,,,,,,,,,,,,,,,,,,,,,,,,,,,,,,,,,,,,,,,,,,,,,,,,,,,,,,
S464,0.0,,,,0.156,0.0,,,0.197,,,,,,,0.283,0.163,0.167,,0.053,,0.34,0.076,0.548,0.358,0.13,0.454,0.386,0.034,0.938,0.22,0.0,0.59,0.0,,,,,,,,,,,,,,,,,,,,,,,,,,,,,,,,,,,,,,,,,,,,,,,,0.932,,,,,,,,,,,,,0.564,0.532,0.836,0.95,0.548,0.856,0.556,0.646,0.076,0.462,0.592,0.452,0.322,0.714,0.806,0.954,0.728,0.518,0.594,0.042,0.54,0.456,0.238,0.764,0.822,0.782,0.94,0.742,0.952,0.952,0.288,0.89,0.364,0.08,0.944,0.822,,0.56,0.94,0.954,0.856,0.404,,,,,,,,,,,,,,,,,,,,,,,,,,,,,,,,,,,,,,,,,,,,,,,,,,,,,,,,,,,,,,,,,,,,,,,,,,,,,,,,,,,,,
S465,0.196,,,,0.123,0.376,,,0.164,,,,,,,0.192,0.552,0.145,,0.008,,0.086,0.14,0.55,0.088,0.01,0.5,0.234,0.094,0.954,0.954,0.0,0.048,0.0,,,,,,,,,,,,,,,,,,,,,,,,,,,,,,,,,,,,,,,,,,,,,,,,0.954,,,,,,,,,,,,,0.692,,0.78,0.954,0.578,0.892,0.69,0.61,0.412,0.308,0.12,0.368,0.954,0.6,0.358,0.954,0.542,0.954,0.59,0.05,0.954,0.726,0.682,0.922,0.406,0.54,0.912,0.22,0.768,0.926,0.694,0.712,0.27,0.536,0.786,0.564,0.92,0.954,0.734,0.304,0.21,0.068,,,,,,,,,,,,,,,,,,,,,,,,,,,,,,,,,,,,,,,,,,,,,,,,,,,,,,,,,,,,,,,,,,,,,,,,,,,,,,,,,,,,,
C294,0.018,,,,0.157,0.494,,,0.2,,,,,,,0.53,0.081,0.219,,0.758,,0.238,0.215,0.338,0.182,0.308,0.402,0.0,0.046,0.942,0.93,0.096,0.01,0.0,,,,,,,,,,,,,,,,,,,,,,,,,,,,,,,,,,,,,,,,,,,,,,,,0.954,,,,,,,,,,,,,0.554,0.352,0.908,0.936,0.214,0.684,0.388,0.52,0.098,0.0,0.278,0.236,0.94,0.53,0.756,0.954,0.684,0.954,0.696,0.726,0.954,0.768,0.346,0.954,0.074,0.452,0.932,0.05,0.902,0.942,0.282,0.876,0.354,0.0,0.934,0.034,0.634,0.954,0.926,,0.228,0.0,,,,,,,,,,,,,,,,,,,,,,,,,,,,,,,,,,,,,,,,,,,,,,,,,,,,,,,,,,,,,,,,,,,,,,,,,,,,,,,,,,,,,
S466,,,,,,,,,,,,,,,,,,,,,,,,,,0.392,,,,,,,0.05,0.0,,,,,,,,,,,,,,,,,,,,,,,,,,,,,,,,,,,,,,,,,,,,,,,,,,,,,,,,,,,,,,,,,,,,,,,0.286,,,,,,,,,,,,,,,,,,,,,,,,,,,,,,,0.074,,,,,,,,,,,,,,,,,,,,,,,,,,,,,,,,,,,,,,,,,,,,,,,,,,,,,,,,,,,,,,,,,,,,,,,,,,,,,,,,,,,,,
S467,0.502,,,,0.872,0.954,,,0.4,,,,,,,0.853,0.529,0.638,,0.0,,0.634,0.518,0.334,0.638,0.058,0.56,0.042,0.282,0.0,0.906,0.65,0.276,0.394,,,,,,,,,,,,,,,,,,,,,,,,,,,,,,,,,,,,,,,,,,,,,,,,0.954,,,,,,,,,,,,,0.954,0.954,0.448,0.668,0.682,0.472,0.0,0.954,0.694,0.922,0.322,0.846,0.954,,0.536,0.658,0.188,0.954,0.492,0.642,0.954,0.954,0.912,0.0,0.544,0.762,0.954,0.342,0.008,0.624,0.908,0.778,0.744,0.544,0.954,0.778,0.688,0.954,0.182,0.954,0.832,0.47,,,,,,,,,,,,,,,,,,,,,,,,,,,,,,,,,,,,,,,,,,,,,,,,,,,,,,,,,,,,,,,,,,,,,,,,,,,,,,,,,,,,,
C422,,,,0.0,0.049,0.236,,0.232,0.123,,,,,,,0.386,0.03,,,,,,,,,0.136,,,0.104,,0.0,,0.924,,,0.33,0.262,0.592,,0.0,,,,,,,0.334,0.852,0.238,0.076,,,,,,,,,,,,,,,,,,,,,,,,,,,,,,,,,,,,,,,,,,,,,,,,0.89,,0.244,,,,,0.838,,0.098,,,,0.868,,,,,,,,,0.44,0.388,,0.296,,,,,,,,,0.954,,0.954,,,,,,,,,,,0.806,0.688,0.394,0.23,0.12,,0.748,0.266,0.188,0.65,0.324,0.384,0.182,,0.772,0.086,0.308,,0.692,,,,,,,,,0.674,,0.802,,,,,,,,,,,,,,,,,,,,,,,,0.828,0.698,0.828,0.852,0.804,0.618,0.646,0.786,0.678,0.194,0.25,0.304,0.09,0.288,0.192,0.946,0.134,0.0,0.496,0.0,0.0,0.838,,
S469,0.406,,,,0.7,0.198,,,0.477,,,,,,,0.627,0.305,0.156,,0.155,,0.408,0.373,0.186,0.612,0.39,0.532,0.014,0.11,0.872,0.892,0.104,0.954,0.062,,,,,,,,,,,,,,,,,,,,,,,,,,,,,,,,,,,,,,,,,,,,,,,,0.954,,,,,,,,,,,,,0.954,0.354,0.57,0.612,0.314,0.054,0.738,0.574,0.494,0.516,0.954,0.52,0.832,0.482,0.39,0.954,0.0,,0.248,0.498,0.574,0.718,,0.734,0.198,0.954,0.954,0.868,0.858,0.778,0.922,0.514,0.1,0.122,0.716,0.806,0.0,,,0.884,0.746,0.882,,,,,,,,,,,,,,,,,,,,,,,,,,,,,,,,,,,,,,,,,,,,,,,,,,,,,,,,,,,,,,,,,,,,,,,,,,,,,,,,,,,,,
S470,0.124,,,,0.459,0.582,,,0.456,,,,,,,0.467,0.384,0.177,,0.043,,0.262,0.161,0.23,0.344,0.148,0.5,0.178,0.0,0.942,0.832,0.088,0.052,0.0,,,,,,,,,,,,,,,,,,,,,,,,,,,,,,,,,,,,,,,,,,,,,,,,0.934,,,,,,,,,,,,,0.666,0.55,0.948,0.868,0.25,0.642,0.66,0.672,0.2,,0.292,0.664,0.858,0.73,0.506,0.938,0.39,0.886,0.548,0.496,0.932,0.894,0.64,0.916,0.0,0.552,0.948,0.068,0.944,0.954,0.694,0.796,0.45,0.34,0.688,0.414,0.678,0.678,0.94,0.512,0.436,0.092,,,,,,,,,,,,,,,,,,,,,,,,,,,,,,,,,,,,,,,,,,,,,,,,,,,,,,,,,,,,,,,,,,,,,,,,,,,,,,,,,,,,,
S472,0.134,,,,0.54,0.618,,,0.435,,,,,,,0.569,0.172,0.336,,0.072,,0.676,0.293,0.238,0.334,0.232,0.494,0.084,0.062,0.56,0.678,0.128,0.164,0.0,,,,,,,,,,,,,,,,,,,,,,,,,,,,,,,,,,,,,,,,,,,,,,,,0.814,,,,,,,,,,,,,0.808,0.582,0.934,0.876,0.146,0.704,0.484,0.572,0.244,0.508,0.438,0.724,0.682,0.572,0.642,0.906,0.548,0.722,0.476,0.06,0.724,0.838,0.786,0.678,0.466,0.724,0.954,0.452,0.852,0.916,0.578,0.83,0.874,0.088,0.862,0.378,0.474,0.736,0.878,0.76,0.612,0.246,,,,,,,,,,,,,,,,,,,,,,,,,,,,,,,,,,,,,,,,,,,,,,,,,,,,,,,,,,,,,,,,,,,,,,,,,,,,,,,,,,,,,
S473,0.248,,,,0.361,0.312,,,0.147,,,,,,,0.854,0.265,0.693,,0.012,,0.834,0.344,0.408,0.526,0.424,0.544,0.27,0.196,0.526,0.684,0.194,0.88,0.0,,,,,,,,,,,,,,,,,,,,,,,,,,,,,,,,,,,,,,,,,,,,,,,,0.954,,,,,,,,,,,,,0.954,0.372,0.954,0.832,0.532,0.464,0.606,0.472,0.164,0.392,0.954,0.0,0.848,0.868,0.908,0.842,0.648,0.862,0.454,0.15,0.954,0.954,0.88,0.866,0.726,0.942,0.954,0.876,0.918,0.932,0.354,0.816,0.814,0.154,0.954,0.766,0.534,0.9,0.912,0.942,0.954,0.938,,,,,,,,,,,,,,,,,,,,,,,,,,,,,,,,,,,,,,,,,,,,,,,,,,,,,,,,,,,,,,,,,,,,,,,,,,,,,,,,,,,,,
S474,,,,,,,,,,,,,,,,,,,,,,,,,,0.278,,,,,,,0.522,0.088,,,,,,,,,,,,,,,,,,,,,,,,,,,,,,,,,,,,,,,,,,,,,,,,,,,,,,,,,,,,,,,,,,,,,,,0.756,,,,,,,,,,,,,,,,,,,,,,,,,,,,,,,0.652,,,,,,,,,,,,,,,,,,,,,,,,,,,,,,,,,,,,,,,,,,,,,,,,,,,,,,,,,,,,,,,,,,,,,,,,,,,,,,,,,,,,,
C567,,,,,,,,,,,,,,,,,,,,,,,,,,0.336,,,,,,,0.316,0.0,,,,,,,,,,,,,,,,,,,,,,,,,,,,,,,,,,,,,,,,,,,,,,,,,,,,,,,,,,,,,,,,,,,,,,,0.542,,,,,,,,,,,,,,,,,,,,,,,,,,,,,,,0.572,,,,,,,,,,,,,,,,,,,,,,,,,,,,,,,,,,,,,,,,,,,,,,,,,,,,,,,,,,,,,,,,,,,,,,,,,,,,,,,,,,,,,
C549,,,,,,,,,,,,,,,,,,,,,,,,,,0.452,,,,,,,0.074,0.0,,,,,,,,,,,,,,,,,,,,,,,,,,,,,,,,,,,,,,,,,,,,,,,,,,,,,,,,,,,,,,,,,,,,,,,0.388,,,,,,,,,,,,,,,,,,,,,,,,,,,,,,,0.074,,,,,,,,,,,,,,,,,,,,,,,,,,,,,,,,,,,,,,,,,,,,,,,,,,,,,,,,,,,,,,,,,,,,,,,,,,,,,,,,,,,,,
S475,0.056,,,,0.558,0.422,,,0.163,,,,,,,0.616,0.279,0.545,,0.329,,0.418,0.448,0.252,0.496,0.484,0.646,0.266,0.254,0.926,0.524,0.16,0.5,0.0,,,,,,,,,,,,,,,,,,,,,,,,,,,,,,,,,,,,,,,,,,,,,,,,0.764,,,,,,,,,,,,,0.84,0.652,0.954,0.954,0.112,0.9,0.49,0.618,0.418,0.92,0.466,0.566,0.682,0.61,0.752,0.954,0.794,0.852,0.548,0.094,0.722,0.78,0.642,0.846,0.79,0.674,0.954,0.134,0.954,0.954,0.304,0.954,0.728,0.084,0.954,0.272,0.606,0.73,0.954,0.558,0.718,0.374,,,,,,,,,,,,,,,,,,,,,,,,,,,,,,,,,,,,,,,,,,,,,,,,,,,,,,,,,,,,,,,,,,,,,,,,,,,,,,,,,,,,,
C550,,,,,,,,,,,,,,,,,,,,,,,,,,0.166,,,,,,,0.954,0.0,,,,,,,,,,,,,,,,,,,,,,,,,,,,,,,,,,,,,,,,,,,,,,,,,,,,,,,,,,,,,,,,,,,,,,,0.954,,,,,,,,,,,,,,,,,,,,,,,,,,,,,,,0.954,,,,,,,,,,,,,,,,,,,,,,,,,,,,,,,,,,,,,,,,,,,,,,,,,,,,,,,,,,,,,,,,,,,,,,,,,,,,,,,,,,,,,
C304,0.232,,,,0.584,0.602,,,0.434,,,,,,,0.6,0.403,0.355,,0.435,,0.568,0.279,0.322,0.458,0.564,0.458,0.038,0.0,0.926,0.852,0.548,0.054,0.116,,,,,,,,,,,,,,,,,,,,,,,,,,,,,,,,,,,,,,,,,,,,,,,,0.808,,,,,,,,,,,,,0.878,0.454,0.954,0.952,0.644,0.818,0.68,0.7,0.52,,0.528,0.862,0.864,0.708,0.91,0.946,0.622,0.954,0.454,0.51,0.954,0.89,0.768,0.942,0.454,0.644,0.954,0.22,0.95,0.954,0.618,0.886,0.484,0.236,0.942,0.46,0.94,0.944,0.954,0.724,0.56,0.182,,,,,,,,,,,,,,,,,,,,,,,,,,,,,,,,,,,,,,,,,,,,,,,,,,,,,,,,,,,,,,,,,,,,,,,,,,,,,,,,,,,,,
S477,0.066,,,,0.628,0.356,,,0.446,,,,,,,0.826,0.226,0.626,,0.0,,0.67,0.279,0.238,0.362,0.216,0.332,0.194,0.352,0.66,0.618,0.372,0.844,0.16,,,,,,,,,,,,,,,,,,,,,,,,,,,,,,,,,,,,,,,,,,,,,,,,0.954,,,,,,,,,,,,,0.954,0.954,0.954,0.954,0.54,0.954,0.0,0.17,0.954,0.954,0.954,0.8,,0.284,0.954,0.954,0.954,0.838,0.726,0.562,0.954,0.954,0.954,0.23,0.954,0.884,0.0,,0.23,,0.66,0.134,0.954,,0.954,0.954,0.954,0.954,0.394,0.954,0.954,0.954,,,,,,,,,,,,,,,,,,,,,,,,,,,,,,,,,,,,,,,,,,,,,,,,,,,,,,,,,,,,,,,,,,,,,,,,,,,,,,,,,,,,,
S478,,,,,,,,,,,,,,,,,,,,,,,,,,0.12,,,,,,,0.296,0.0,,,,,,,,,,,,,,,,,,,,,,,,,,,,,,,,,,,,,,,,,,,,,,,,,,,,,,,,,,,,,,,,,,,,,,,0.496,,,,,,,,,,,,,,,,,,,,,,,,,,,,,,,0.286,,,,,,,,,,,,,,,,,,,,,,,,,,,,,,,,,,,,,,,,,,,,,,,,,,,,,,,,,,,,,,,,,,,,,,,,,,,,,,,,,,,,,
S479,0.198,,,,0.47,0.77,,,0.306,,,,,,,0.356,0.373,0.339,,0.114,,0.336,0.305,0.434,0.486,0.314,0.456,0.082,0.014,0.952,0.816,0.036,0.0,0.0,,,,,,,,,,,,,,,,,,,,,,,,,,,,,,,,,,,,,,,,,,,,,,,,0.946,,,,,,,,,,,,,0.788,0.582,0.898,0.954,0.538,0.77,0.858,0.838,0.954,0.524,0.39,0.766,0.856,0.776,0.31,0.954,0.574,0.932,0.562,0.342,0.93,0.78,0.7,0.938,0.436,0.646,0.954,0.37,0.954,0.954,0.756,0.954,0.45,0.552,0.924,,0.64,0.94,0.954,0.6,0.562,0.0,,,,,,,,,,,,,,,,,,,,,,,,,,,,,,,,,,,,,,,,,,,,,,,,,,,,,,,,,,,,,,,,,,,,,,,,,,,,,,,,,,,,,
S480,,,,,,,,,,,,,,,,,,,,,,,,,,0.19,,,,,,,0.0,0.026,,,,,,,,,,,,,,,,,,,,,,,,,,,,,,,,,,,,,,,,,,,,,,,,,,,,,,,,,,,,,,,,,,,,,,,0.276,,,,,,,,,,,,,,,,,,,,,,,,,,,,,,,0.154,,,,,,,,,,,,,,,,,,,,,,,,,,,,,,,,,,,,,,,,,,,,,,,,,,,,,,,,,,,,,,,,,,,,,,,,,,,,,,,,,,,,,
S481,,,,,,,,,,,,,,,,,,,,,,,,,,0.186,,,,,,,0.732,0.304,,,,,,,,,,,,,,,,,,,,,,,,,,,,,,,,,,,,,,,,,,,,,,,,,,,,,,,,,,,,,,,,,,,,,,,0.796,,,,,,,,,,,,,,,,,,,,,,,,,,,,,,,0.854,,,,,,,,,,,,,,,,,,,,,,,,,,,,,,,,,,,,,,,,,,,,,,,,,,,,,,,,,,,,,,,,,,,,,,,,,,,,,,,,,,,,,
S482,,,,,,,,,,,,,,,,,,,,,,,,,,0.63,,,,,,,0.178,0.162,,,,,,,,,,,,,,,,,,,,,,,,,,,,,,,,,,,,,,,,,,,,,,,,,,,,,,,,,,,,,,,,,,,,,,,0.584,,,,,,,,,,,,,,,,,,,,,,,,,,,,,,,0.184,,,,,,,,,,,,,,,,,,,,,,,,,,,,,,,,,,,,,,,,,,,,,,,,,,,,,,,,,,,,,,,,,,,,,,,,,,,,,,,,,,,,,
S483,0.0,,,,0.059,0.054,,,0.437,,,,,,,0.188,0.315,0.216,,0.321,,0.954,0.762,0.606,0.868,0.906,0.138,0.824,0.0,0.954,0.29,0.064,,0.0,,,,,,,,,,,,,,,,,,,,,,,,,,,,,,,,,,,,,,,,,,,,,,,,0.954,,,,,,,,,,,,,0.954,0.382,0.702,0.79,0.38,0.51,0.424,0.378,0.266,0.538,0.0,0.0,0.648,0.85,0.836,0.81,0.508,0.404,0.348,0.286,0.878,0.918,0.614,0.674,0.458,0.954,0.954,0.91,0.822,0.948,0.376,0.77,0.836,0.198,0.932,0.954,0.758,0.648,0.864,0.938,0.954,0.0,,,,,,,,,,,,,,,,,,,,,,,,,,,,,,,,,,,,,,,,,,,,,,,,,,,,,,,,,,,,,,,,,,,,,,,,,,,,,,,,,,,,,
C555,,,,,,,,,,,,,,,,,,,,,,,,,,0.054,,,,,,,0.884,0.1,,,,,,,,,,,,,,,,,,,,,,,,,,,,,,,,,,,,,,,,,,,,,,,,,,,,,,,,,,,,,,,,,,,,,,,0.904,,,,,,,,,,,,,,,,,,,,,,,,,,,,,,,0.75,,,,,,,,,,,,,,,,,,,,,,,,,,,,,,,,,,,,,,,,,,,,,,,,,,,,,,,,,,,,,,,,,,,,,,,,,,,,,,,,,,,,,
C556,,,,,,,,,,,,,,,,,,,,,,,,,,0.418,,,,,,,0.174,0.0,,,,,,,,,,,,,,,,,,,,,,,,,,,,,,,,,,,,,,,,,,,,,,,,,,,,,,,,,,,,,,,,,,,,,,,0.476,,,,,,,,,,,,,,,,,,,,,,,,,,,,,,,0.228,,,,,,,,,,,,,,,,,,,,,,,,,,,,,,,,,,,,,,,,,,,,,,,,,,,,,,,,,,,,,,,,,,,,,,,,,,,,,,,,,,,,,
S485,,,,,,,,,,,,,,,,,,,,,,,,,,0.468,,,,,,,0.76,0.0,,,,,,,,,,,,,,,,,,,,,,,,,,,,,,,,,,,,,,,,,,,,,,,,,,,,,,,,,,,,,,,,,,,,,,,0.594,,,,,,,,,,,,,,,,,,,,,,,,,,,,,,,0.336,,,,,,,,,,,,,,,,,,,,,,,,,,,,,,,,,,,,,,,,,,,,,,,,,,,,,,,,,,,,,,,,,,,,,,,,,,,,,,,,,,,,,
S486,,,,,,,,,,,,,,,,,,,,,,,,,,0.288,,,,,,,0.36,0.462,,,,,,,,,,,,,,,,,,,,,,,,,,,,,,,,,,,,,,,,,,,,,,,,,,,,,,,,,,,,,,,,,,,,,,,0.696,,,,,,,,,,,,,,,,,,,,,,,,,,,,,,,0.374,,,,,,,,,,,,,,,,,,,,,,,,,,,,,,,,,,,,,,,,,,,,,,,,,,,,,,,,,,,,,,,,,,,,,,,,,,,,,,,,,,,,,
S487,,,,,,,,,,,,,,,,,,,,,,,,,,0.0,,,,,,,0.124,0.0,,,,,,,,,,,,,,,,,,,,,,,,,,,,,,,,,,,,,,,,,,,,,,,,,,,,,,,,,,,,,,,,,,,,,,,0.032,,,,,,,,,,,,,,,,,,,,,,,,,,,,,,,0.092,,,,,,,,,,,,,,,,,,,,,,,,,,,,,,,,,,,,,,,,,,,,,,,,,,,,,,,,,,,,,,,,,,,,,,,,,,,,,,,,,,,,,
S488,,,,,,,,,,,,,,,,,,,,,,,,,,0.724,,,,,,,0.186,0.0,,,,,,,,,,,,,,,,,,,,,,,,,,,,,,,,,,,,,,,,,,,,,,,,,,,,,,,,,,,,,,,,,,,,,,,0.362,,,,,,,,,,,,,,,,,,,,,,,,,,,,,,,0.224,,,,,,,,,,,,,,,,,,,,,,,,,,,,,,,,,,,,,,,,,,,,,,,,,,,,,,,,,,,,,,,,,,,,,,,,,,,,,,,,,,,,,
C561,,,,,,,,,,,,,,,,,,,,,,,,,,0.176,,,,,,,0.312,0.0,,,,,,,,,,,,,,,,,,,,,,,,,,,,,,,,,,,,,,,,,,,,,,,,,,,,,,,,,,,,,,,,,,,,,,,0.426,,,,,,,,,,,,,,,,,,,,,,,,,,,,,,,0.37,,,,,,,,,,,,,,,,,,,,,,,,,,,,,,,,,,,,,,,,,,,,,,,,,,,,,,,,,,,,,,,,,,,,,,,,,,,,,,,,,,,,,
C562,,,,,,,,,,,,,,,,,,,,,,,,,,0.348,,,,,,,0.266,0.0,,,,,,,,,,,,,,,,,,,,,,,,,,,,,,,,,,,,,,,,,,,,,,,,,,,,,,,,,,,,,,,,,,,,,,,0.368,,,,,,,,,,,,,,,,,,,,,,,,,,,,,,,0.316,,,,,,,,,,,,,,,,,,,,,,,,,,,,,,,,,,,,,,,,,,,,,,,,,,,,,,,,,,,,,,,,,,,,,,,,,,,,,,,,,,,,,
S489,,,,,,,,,,,,,,,,,,,,,,,,,,0.466,,,,,,,0.122,0.248,,,,,,,,,,,,,,,,,,,,,,,,,,,,,,,,,,,,,,,,,,,,,,,,,,,,,,,,,,,,,,,,,,,,,,,0.154,,,,,,,,,,,,,,,,,,,,,,,,,,,,,,,0.134,,,,,,,,,,,,,,,,,,,,,,,,,,,,,,,,,,,,,,,,,,,,,,,,,,,,,,,,,,,,,,,,,,,,,,,,,,,,,,,,,,,,,
C564,,,,,,,,,,,,,,,,,,,,,,,,,,0.236,,,,,,,0.0,0.462,,,,,,,,,,,,,,,,,,,,,,,,,,,,,,,,,,,,,,,,,,,,,,,,,,,,,,,,,,,,,,,,,,,,,,,0.106,,,,,,,,,,,,,,,,,,,,,,,,,,,,,,,0.584,,,,,,,,,,,,,,,,,,,,,,,,,,,,,,,,,,,,,,,,,,,,,,,,,,,,,,,,,,,,,,,,,,,,,,,,,,,,,,,,,,,,,
S490,,,,,,,,,,,,,,,,,,,,,,,,,,0.188,,,,,,,0.594,0.0,,,,,,,,,,,,,,,,,,,,,,,,,,,,,,,,,,,,,,,,,,,,,,,,,,,,,,,,,,,,,,,,,,,,,,,0.882,,,,,,,,,,,,,,,,,,,,,,,,,,,,,,,0.904,,,,,,,,,,,,,,,,,,,,,,,,,,,,,,,,,,,,,,,,,,,,,,,,,,,,,,,,,,,,,,,,,,,,,,,,,,,,,,,,,,,,,
S491,,,,,,,,,,,,,,,,,,,,,,,,,,0.428,,,,,,,0.358,0.28,,,,,,,,,,,,,,,,,,,,,,,,,,,,,,,,,,,,,,,,,,,,,,,,,,,,,,,,,,,,,,,,,,,,,,,0.726,,,,,,,,,,,,,,,,,,,,,,,,,,,,,,,0.906,,,,,,,,,,,,,,,,,,,,,,,,,,,,,,,,,,,,,,,,,,,,,,,,,,,,,,,,,,,,,,,,,,,,,,,,,,,,,,,,,,,,,
S492,,,,,,0.44,,0.471,0.192,,,,,,,0.855,0.302,,,,,,,,,0.954,,,0.378,,0.496,,0.638,0.256,0.348,0.386,0.442,0.454,0.0,0.0,,,,,,,,,,,,,,,,,,,,,,,,,,,,,,,,,,,,,,,,,,,,,,,,,,,,,,,,,,,,0.536,,0.954,,,0.652,,0.506,,,,0.954,,,,,,,,,0.822,0.368,,0.72,,,,,,,,,0.92,,,,0.72,0.702,0.416,0.228,0.42,0.038,0.8,0.17,0.666,0.852,0.488,0.568,0.454,0.542,0.0,0.83,0.406,0.72,0.536,0.676,0.49,0.562,0.044,0.828,0.488,0.706,0.432,0.382,0.508,0.396,0.224,0.302,0.0,0.616,0.652,0.292,0.578,0.08,0.368,0.192,0.874,,,,,,,,,,,,,,,,,,,,,,,,,,,,,,,,,,,,,,,,,,,,,
S493,,,,,,,,,,,,,,,,,,,,,,,,,,0.29,,,,,,,0.5,0.656,,,,,,,,,,,,,,,,,,,,,,,,,,,,,,,,,,,,,,,,,,,,,,,,,,,,,,,,,,,,,,,,,,,,,,,0.884,,,,,,,,,,,,,,,,,,,,,,,,,,,,,,,0.832,,,,,,,,,,,,,,,,,,,,,,,,,,,,,,,,,,,,,,,,,,,,,,,,,,,,,,,,,,,,,,,,,,,,,,,,,,,,,,,,,,,,,
C310,,,,0.042,,0.37,,0.139,0.355,,,,,,,0.293,0.02,,,,,,,,,0.0,,,0.0,,0.894,,0.214,0.0,0.184,0.656,0.656,0.652,0.072,0.0,,,,,,,,,,,,,,,,,,,,,,,,,,,,,,,,,,,,,,,,,,,,,,,,,,,,,,,,,,,,0.368,,0.534,,,0.104,,0.502,,,,0.734,,,,,,,,,0.396,0.0,,0.91,,,,,,,,,0.7,,,,0.262,0.672,0.184,0.47,0.494,0.068,0.266,0.074,0.872,0.752,0.704,0.808,0.772,0.794,0.75,0.758,0.766,0.932,0.566,0.746,0.61,0.752,0.404,0.594,0.682,0.912,0.376,0.304,0.478,0.324,0.276,0.37,0.63,0.582,0.884,0.718,0.592,0.046,0.834,,,,,,,,,,,,,,,,,,,,,,,,,,,,,,,,,,,,,,,,,,,,,,,
S603,,,,,,,,,,,,,,,,,,,,,,,,,,0.0,,,,,,,0.162,0.0,,,,,,,,,,,,,,,,,,,,,,,,,,,,,,,,,,,,,,,,,,,,,,,,,,,,,,,,,,,,,,,,,,,,,,,0.0,,,,,,,,,,,,,,,,,,,,,,,,,,,,,,,0.292,,,,,,,,,,,,,,,,,,,,,,,,,,,,,,,,,,,,,,,,,,,,,,,,,,,,,,,,,,,,,,,,,,,,,,,,,,,,,,,,,,,,,
S494,,,,0.218,,0.492,,0.365,0.167,,,,,,,0.415,0.32,,,,,,,,,0.158,,,0.058,,0.394,,0.32,0.124,0.076,0.386,0.404,0.4,0.0,0.012,,,,,,,,,,,,,,,,,,,,,,,,,,,,,,,,,,,,,,,,,,,,,,,,,,,,,,,,,,,,0.484,,0.806,,,0.542,,0.468,,,,0.848,,,,,,,,,0.616,0.258,,0.526,,,,,,,,,0.652,,,,0.424,0.67,0.476,0.09,0.616,0.006,0.64,0.136,0.492,0.874,0.644,0.714,0.848,0.672,0.02,0.824,0.57,0.778,0.522,0.642,0.638,0.562,0.018,0.702,0.45,0.564,0.216,0.506,0.608,0.25,0.056,0.058,0.0,0.286,0.0,0.106,0.554,0.078,0.0,0.0,0.714,,,,,,,,,,,,,,,,,,,,,,,,,,,,,,,,,,,,,,,,,,,,,
S495,,,,0.0,,0.0,,0.0,0.375,,,,,,,0.0,0.051,,,,,,,,,0.0,,,0.0,,0.744,,0.522,0.0,,0.376,0.832,0.608,0.364,0.292,,,,,,,,,,,,,,,,,,,,,,,,,,,,,,,,,,,,,,,,,,,,,,,,,,,,,,,,,,,,0.954,,0.954,,,0.55,,0.954,,,,0.954,,,,,,,,,0.602,0.0,,0.79,,,,,,,,,0.0,,,,0.636,0.954,0.954,,0.954,0.856,0.954,0.0,0.23,0.954,0.954,0.93,,0.766,0.954,0.868,0.528,,,0.582,0.364,0.618,0.954,0.474,0.68,0.954,0.954,0.664,0.796,0.692,0.518,,0.954,0.826,0.954,,0.954,0.382,0.954,0.646,0.892,,,,,,,,,,,,,,,,,,,,,,,,,,,,,,,,,,,,,,,,,,,,,
S496,,,,0.0,,0.676,,0.396,0.384,,,,,,,0.529,0.242,,,,,,,,,0.676,,,0.0,,0.918,,0.04,0.0,0.054,0.798,0.642,0.818,0.05,0.0,,,,,,,,,,,,,,,,,,,,,,,,,,,,,,,,,,,,,,,,,,,,,,,,,,,,,,,,,,,,0.476,,0.588,,,0.336,,0.56,,,,,,,,,,,,,0.356,0.356,,0.954,,,,,,,,,0.652,,,,0.192,0.794,,0.892,0.388,0.23,0.25,0.652,0.954,0.024,0.876,,0.714,0.7,0.726,0.0,0.682,0.954,0.756,0.846,,0.524,0.192,0.592,0.58,,0.718,0.842,0.0,0.596,0.384,0.262,0.196,0.562,0.954,0.954,0.954,,0.954,0.214,0.42,,,,,,,,,,,,,,,,,,,,,,,,,,,,,,,,,,,,,,,,,,,,,
C315,,,,0.0,,0.642,,0.198,0.397,,,,,,,0.445,0.453,,,,,,,,,0.398,,,0.152,,0.936,,0.05,0.0,0.002,0.714,0.356,0.742,0.0,0.0,,,,,,,,,,,,,,,,,,,,,,,,,,,,,,,,,,,,,,,,,,,,,,,,,,,,,,,,,,,,0.65,,0.692,,,0.644,,0.644,,,,0.794,,,,,,,,,0.512,0.798,,0.954,,,,,,,,,0.546,,,,0.214,0.866,0.596,0.318,0.546,0.272,0.404,0.686,0.942,0.082,0.768,0.87,0.822,0.824,0.67,0.782,0.844,0.954,0.612,0.796,0.462,0.564,0.236,0.606,0.57,0.954,0.686,0.954,0.592,0.644,0.838,0.426,0.0,0.464,0.954,0.31,0.412,0.0,0.948,0.28,0.608,,,,,,,,,,,,,,,,,,,,,,,,,,,,,,,,,,,,,,,,,,,,,
S497,,,,0.056,,0.222,,0.06,0.287,,,,,,,0.436,0.166,,,,,,,,,0.298,,,0.274,,0.012,,0.584,0.006,0.078,0.508,0.32,0.338,0.0,0.0,,,,,,,,,,,,,,,,,,,,,,,,,,,,,,,,,,,,,,,,,,,,,,,,,,,,,,,,,,,,0.594,,0.892,,,0.66,,0.512,,,,0.848,,,,,,,,,0.364,0.402,,0.372,,,,,,,,,0.82,,,,0.578,0.554,0.534,0.06,0.4,0.004,0.326,0.192,0.394,0.368,0.45,0.732,0.324,0.696,0.346,0.498,0.658,0.43,0.46,0.636,0.236,0.602,0.152,0.532,0.458,0.342,0.232,0.352,0.346,0.368,0.0,0.294,0.0,0.306,0.118,0.004,0.0,0.21,0.08,0.028,0.418,,,,,,,,,,,,,,,,,,,,,,,,,,,,,,,,,,,,,,,,,,,,,
S498,,,,0.138,,0.36,,0.561,0.274,,,,,,,0.483,0.324,,,,,,,,,0.35,,,0.426,,0.382,,0.806,0.0,,0.296,0.436,0.522,0.19,0.0,,,,,,,,,,,,,,,,,,,,,,,,,,,,,,,,,,,,,,,,,,,,,,,,,,,,,,,,,,,,0.63,,0.686,,,0.948,,0.37,,,,0.954,,,,,,,,,0.538,0.416,,0.754,,,,,,,,,0.954,,,,0.954,0.602,0.66,0.322,0.522,0.018,0.836,0.272,0.552,,0.524,0.528,0.598,0.56,0.0,0.79,0.192,0.738,0.634,0.476,0.554,0.526,0.004,0.704,0.274,0.62,0.44,0.546,0.892,0.0,0.168,0.29,0.0,0.488,0.196,0.306,0.954,0.064,0.188,0.012,0.954,,,,,,,,,,,,,,,,,,,,,,,,,,,,,,,,,,,,,,,,,,,,,
S500,,,,0.0,,0.14,,0.097,0.288,,,,,,,0.562,0.133,,,,,,,,,0.27,,,0.162,,0.246,,0.736,0.0,0.246,0.55,0.336,0.572,0.474,0.0,,,,,,,,,,,,,,,,,,,,,,,,,,,,,,,,,,,,,,,,,,,,,,,,,,,,,,,,,,,,0.428,,0.894,,,0.766,,0.47,,,,0.652,,,,,,,,,0.734,0.23,,0.546,,,,,,,,,0.94,,,,0.758,0.796,,0.276,0.434,0.058,0.694,0.146,0.464,0.746,0.704,0.598,0.508,0.64,0.108,0.746,0.5,0.572,0.612,0.312,0.356,0.584,0.01,0.858,0.384,0.588,0.716,0.45,0.642,0.726,0.746,0.698,0.0,0.846,0.816,0.328,0.76,0.048,0.098,0.57,0.828,,,,,,,,,,,,,,,,,,,,,,,,,,,,,,,,,,,,,,,,,,,,,
C321,,,,0.198,,0.49,,0.392,0.263,,,,,,,0.444,0.245,,,,,,,,,0.354,,,0.124,,0.616,,0.32,0.07,0.186,0.582,0.562,0.504,0.0,0.122,,,,,,,,,,,,,,,,,,,,,,,,,,,,,,,,,,,,,,,,,,,,,,,,,,,,,,,,,,,,0.662,,0.89,,,0.334,,0.438,,,,0.634,,,,,,,,,0.902,0.176,,0.784,,,,,,,,,0.574,,,,0.258,0.792,0.882,0.61,0.726,0.0,0.9,0.36,0.886,0.182,0.772,0.816,0.706,0.688,0.93,0.49,0.908,0.928,0.906,0.534,0.404,0.46,0.708,0.52,0.82,0.938,0.692,0.294,0.256,0.386,0.0,0.238,0.002,0.432,0.434,0.842,0.218,0.012,0.702,0.21,0.578,,,,,,,,,,,,,,,,,,,,,,,,,,,,,,,,,,,,,,,,,,,,,
S501,,,,0.222,,0.368,,0.266,0.209,,,,,,,0.191,0.183,,,,,,,,,0.224,,,0.186,,0.528,,0.092,0.002,0.21,0.518,0.378,0.466,0.016,0.0,,,,,,,,,,,,,,,,,,,,,,,,,,,,,,,,,,,,,,,,,,,,,,,,,,,,,,,,,,,,0.84,,0.624,,,0.274,,0.29,,,,0.37,,,,,,,,,0.59,0.128,,0.43,,,,,,,,,0.36,,,,0.176,0.586,0.458,0.272,0.538,0.002,0.698,0.096,0.446,0.0,0.44,0.62,0.0,0.552,0.302,0.666,0.492,0.596,0.492,0.544,0.388,0.43,0.164,0.596,0.298,0.52,0.23,0.282,0.002,0.246,0.106,0.088,0.0,0.5,0.354,0.478,0.0,0.016,0.352,0.0,0.098,,,,,,,,,,,,,,,,,,,,,,,,,,,,,,,,,,,,,,,,,,,,,
S502,,,,0.0,,0.59,,0.172,0.353,,,,,,,0.554,0.124,,,,,,,,,0.21,,,0.088,,0.076,,0.25,0.256,0.092,0.328,0.578,0.512,0.0,0.0,,,,,,,,,,,,,,,,,,,,,,,,,,,,,,,,,,,,,,,,,,,,,,,,,,,,,,,,,,,,0.412,,0.534,,,0.338,,0.308,,,,0.474,,,,,,,,,0.486,0.194,,0.25,,,,,,,,,0.344,,,,0.262,0.5,0.312,0.076,0.272,0.018,0.46,0.082,0.218,0.348,0.372,0.568,0.426,0.468,0.212,0.582,0.372,0.354,0.616,0.59,0.814,0.644,0.512,0.838,0.66,0.502,0.208,0.224,0.082,0.256,0.082,0.0,0.0,0.356,0.0,0.144,0.256,0.076,0.074,0.0,0.3,,,,,,,,,,,,,,,,,,,,,,,,,,,,,,,,,,,,,,,,,,,,,
S503,,,,0.0,,0.892,,0.7,0.771,,,,,,,0.283,0.204,,,,,,,,,0.26,,,0.17,,0.562,,0.0,0.0,0.4,0.706,0.646,0.954,0.076,0.158,,,,,,,,,,,,,,,,,,,,,,,,,,,,,,,,,,,,,,,,,,,,,,,,,,,,,,,,,,,,0.682,,0.764,,,0.296,,0.702,,,,0.588,,,,,,,,,,0.184,,0.808,,,,,,,,,0.278,,,,0.15,0.576,0.642,0.368,0.79,0.046,0.376,0.086,0.786,0.0,0.67,0.758,0.63,0.808,0.51,0.71,0.694,0.784,0.472,0.734,0.698,0.672,0.386,0.656,0.392,0.808,0.23,0.342,0.0,0.602,0.174,0.326,0.262,0.316,0.744,0.324,0.712,0.046,0.796,0.0,0.0,,,,,,,,,,,,,,,,,,,,,,,,,,,,,,,,,,,,,,,,,,,,,
S504,,,,0.0,,0.0,,0.16,0.394,,,,,,,0.362,0.063,,,,,,,,,0.022,,,0.058,,0.51,,0.422,0.0,0.218,0.582,0.67,0.334,0.0,0.166,,,,,,,,,,,,,,,,,,,,,,,,,,,,,,,,,,,,,,,,,,,,,,,,,,,,,,,,,,,,0.0,,0.638,,,0.58,,0.598,,,,0.692,,,,,,,,,0.6,0.334,,0.578,,,,,,,,,0.48,,,,0.366,0.17,0.426,0.074,0.42,0.0,0.584,0.118,0.346,0.544,0.432,0.69,0.618,0.688,0.392,0.726,0.36,0.632,0.644,0.72,0.768,0.756,0.516,0.858,0.668,0.762,0.316,0.574,0.578,0.118,0.0,0.376,0.246,0.36,0.596,0.544,0.714,0.34,0.606,0.29,0.528,,,,,,,,,,,,,,,,,,,,,,,,,,,,,,,,,,,,,,,,,,,,,
C324,,,,0.128,,0.112,,0.271,0.504,,,,,,,0.433,0.19,,,,,,,,,0.264,,,0.138,,0.59,,0.582,0.004,0.144,0.68,0.722,0.35,0.082,0.0,,,,,,,,,,,,,,,,,,,,,,,,,,,,,,,,,,,,,,,,,,,,,,,,,,,,,,,,,,,,0.004,,0.954,,,0.592,,0.248,,,,0.954,,,,,,,,,0.318,0.0,,0.56,,,,,,,,,0.718,,,,0.57,0.504,0.954,0.954,0.954,0.0,0.954,0.332,,0.954,0.626,0.396,0.396,0.226,0.954,0.318,0.256,0.218,0.424,0.13,0.0,0.178,0.954,0.15,0.082,0.058,0.19,0.546,0.608,0.0,0.0,0.0,0.532,0.004,0.0,0.954,0.954,0.0,0.464,0.0,0.904,,,,,,,,,,,,,,,,,,,,,,,,,,,,,,,,,,,,,,,,,,,,,
S505,,,,,,,,,,,,,,,,,,,,,,,,,,0.038,,,,,,,0.374,0.07,,,,,,,,,,,,,,,,,,,,,,,,,,,,,,,,,,,,,,,,,,,,,,,,,,,,,,,,,,,,,,,,,,,,,,,0.39,,,,,,,,,,,,,,,,,,,,,,,,,,,,,,,0.43,,,,,,,,,,,,,,,,,,,,,,,,,,,,,,,,,,,,,,,,,,,,,,,,,,,,,,,,,,,,,,,,,,,,,,,,,,,,,,,,,,,,,
S506,,,,0.184,,0.416,,0.263,0.157,,,,,,,0.554,0.279,,,,,,,,,0.248,,,0.166,,0.27,,0.954,0.292,0.0,0.096,0.358,0.098,0.0,0.012,,,,,,,,,,,,,,,,,,,,,,,,,,,,,,,,,,,,,,,,,,,,,,,,,,,,,,,,,,,,0.42,,0.954,,,0.954,,0.506,,,,0.954,,,,,,,,,0.594,0.164,,0.3,,,,,,,,,0.954,,,,0.954,0.858,0.0,0.374,0.842,0.0,0.646,0.0,0.458,,0.484,0.954,0.844,0.556,0.0,0.736,0.198,0.496,0.432,0.684,0.46,0.646,0.314,0.768,0.296,0.5,0.414,0.494,0.954,0.442,0.25,0.0,0.0,0.884,0.0,0.052,0.86,0.068,,0.0,0.954,,,,,,,,,,,,,,,,,,,,,,,,,,,,,,,,,,,,,,,,,,,,,
S507,,,,0.226,,0.31,,0.278,0.27,,,,,,,0.705,0.25,,,,,,,,,0.344,,,0.166,,0.51,,0.832,0.0,0.362,0.378,0.476,0.564,0.312,0.174,,,,,,,,,,,,,,,,,,,,,,,,,,,,,,,,,,,,,,,,,,,,,,,,,,,,,,,,,,,,0.36,,,,,0.896,,0.466,,,,0.954,,,,,,,,,0.76,0.124,,0.476,,,,,,,,,0.944,,,,0.898,0.668,0.462,0.61,0.286,0.0,0.324,0.03,0.294,0.954,0.65,0.556,0.35,0.67,0.0,0.918,0.326,0.58,0.75,0.538,0.524,0.594,0.286,0.836,0.236,0.496,0.692,0.714,0.954,0.434,0.182,0.44,0.0,0.774,0.292,0.35,0.892,0.072,0.512,0.028,0.938,,,,,,,,,,,,,,,,,,,,,,,,,,,,,,,,,,,,,,,,,,,,,
S606,,,,,,,,,,,,,,,,,,,,,,,,,,0.502,,,,,,,0.432,0.088,,,,,,,,,,,,,,,,,,,,,,,,,,,,,,,,,,,,,,,,,,,,,,,,,,,,,,,,,,,,,,,,,,,,,,,0.536,,,,,,,,,,,,,,,,,,,,,,,,,,,,,,,0.3,,,,,,,,,,,,,,,,,,,,,,,,,,,,,,,,,,,,,,,,,,,,,,,,,,,,,,,,,,,,,,,,,,,,,,,,,,,,,,,,,,,,,
S607,,,,0.0,,0.252,,0.021,0.219,,,,,,,0.614,0.073,,,,,,,,,0.092,,,0.0,,0.048,,0.132,0.0,0.19,0.362,0.71,0.462,0.0,0.0,,,,,,,,,,,,,,,,,,,,,,,,,,,,,,,,,,,,,,,,,,,,,,,,,,,,,,,,,,,,0.516,,0.524,,,0.216,,0.324,,,,0.418,,,,,,,,,0.706,0.094,,0.21,,,,,,,,,0.238,,,,0.102,0.492,0.316,0.1,0.5,0.052,0.726,0.11,0.326,0.292,0.346,0.578,0.418,0.566,0.238,0.782,0.368,0.418,0.666,0.632,0.668,0.752,0.592,0.928,0.656,0.714,0.202,0.266,0.152,0.148,0.008,0.12,0.0,0.604,0.0,0.59,0.352,0.0,0.0,0.0,0.256,,,,,,,,,,,,,,,,,,,,,,,,,,,,,,,,,,,,,,,,,,,,,
C328,,,,0.0,,0.326,,0.095,0.307,,,,,,,0.632,0.293,,,,,,,,,0.276,,,0.108,,0.184,,0.186,0.0,,0.49,0.8,0.432,0.0,0.0,,,,,,,,,,,,,,,,,,,,,,,,,,,,,,,,,,,,,,,,,,,,,,,,,,,,,,,,,,,,0.566,,0.576,,,0.252,,0.408,,,,0.502,,,,,,,,,0.722,0.228,,0.214,,,,,,,,,0.324,,,,0.168,0.476,0.44,0.068,0.462,0.046,0.774,0.254,0.35,0.364,0.488,0.612,0.486,0.64,0.448,0.806,0.466,0.528,0.646,0.74,0.578,0.796,0.654,0.942,0.762,0.76,0.162,0.23,0.236,0.288,0.022,0.136,0.0,0.672,0.158,0.242,0.364,0.03,0.212,0.0,0.272,,,,,,,,,,,,,,,,,,,,,,,,,,,,,,,,,,,,,,,,,,,,,
S509,,,,0.098,,0.368,,0.45,0.589,,,,,,,0.543,0.343,,,,,,,,,0.318,,,0.114,,0.946,,0.18,0.0,0.268,0.674,0.748,0.63,0.1,0.0,,,,,,,,,,,,,,,,,,,,,,,,,,,,,,,,,,,,,,,,,,,,,,,,,,,,,,,,,,,,0.638,,0.954,,,0.438,,0.454,,,,0.888,,,,,,,,,0.618,0.128,,0.954,,,,,,,,,0.402,,,,0.236,0.77,0.954,0.942,0.904,0.016,0.858,0.214,0.954,0.656,0.77,0.822,0.872,0.786,0.914,0.712,0.604,0.94,0.664,0.884,0.636,0.694,0.816,0.822,0.574,0.954,0.554,0.396,0.498,0.06,0.292,0.266,0.402,0.4,0.954,0.75,0.93,0.0,0.954,0.05,0.564,,,,,,,,,,,,,,,,,,,,,,,,,,,,,,,,,,,,,,,,,,,,,
S510,,,,0.154,,0.258,,0.149,0.118,,,,,,,0.438,0.296,,,,,,,,,0.278,,,0.186,,0.352,,0.592,0.0,0.266,0.586,0.542,0.546,0.0,0.0,,,,,,,,,,,,,,,,,,,,,,,,,,,,,,,,,,,,,,,,,,,,,,,,,,,,,,,,,,,,0.504,,0.948,,,0.77,,0.464,,,,0.946,,,,,,,,,0.606,0.322,,0.57,,,,,,,,,0.816,,,,0.708,0.526,0.314,0.28,0.38,0.0,0.508,0.212,0.372,0.782,0.652,0.808,0.738,0.79,0.702,0.826,0.726,0.78,0.626,0.592,0.596,0.634,0.386,0.778,0.568,0.654,0.27,0.376,0.682,0.134,0.084,0.224,0.036,0.434,0.176,0.492,0.71,0.046,0.484,0.076,0.832,,,,,,,,,,,,,,,,,,,,,,,,,,,,,,,,,,,,,,,,,,,,,
S511,,,,0.208,,0.476,,0.411,0.331,,,,,,,0.608,0.322,,,,,,,,,0.304,,,0.334,,0.67,,0.788,0.158,0.216,0.71,0.774,0.424,0.0,0.028,,,,,,,,,,,,,,,,,,,,,,,,,,,,,,,,,,,,,,,,,,,,,,,,,,,,,,,,,,,,0.122,,0.954,,,0.95,,0.454,,,,0.954,,,,,,,,,0.47,0.11,,0.694,,,,,,,,,0.874,,,,0.9,0.374,0.04,0.0,0.61,0.04,0.484,0.188,,0.688,0.804,0.954,0.932,0.954,0.29,0.954,0.954,0.954,0.528,0.838,0.782,0.918,0.566,0.93,0.784,0.916,0.02,0.292,0.658,0.396,0.0,0.514,0.0,0.548,0.332,0.0,0.0,0.006,0.39,0.0,0.944,,,,,,,,,,,,,,,,,,,,,,,,,,,,,,,,,,,,,,,,,,,,,
S512,,,,,,,,,,,,,,,,,,,,,,,,,,0.696,,,,,,,0.526,0.63,,,,,,,,,,,,,,,,,,,,,,,,,,,,,,,,,,,,,,,,,,,,,,,,,,,,,,,,,,,,,,,,,,,,,,,0.726,,,,,,,,,,,,,,,,,,,,,,,,,,,,,,,,,,,,,,,,,,,,,,,,,,,,,,,,,,,,,,,,,,,,,,,,,,,,,,,,,,,,,,,,,,,,,,,,,,,,,,,,,,,,,,,,,,,,
S513,,,,0.0,,0.552,,0.242,0.373,,,,,,,0.408,0.066,,,,,,,,,0.294,,,,,0.954,,0.782,,0.118,0.792,0.418,0.672,0.092,0.0,,,,,,,0.648,,,,,,,,,,,,,,,,,,,,,,,,,,,,,,,,,,,,,,,,,,,,,,,,,,,,,0.602,,0.892,,,0.65,,0.61,,,,0.954,,,,,,,,,0.722,0.344,,0.954,,,,,,,,,0.954,,,,,0.702,0.154,,0.694,0.0,0.502,0.24,0.954,0.634,0.954,0.952,0.888,0.882,0.914,0.926,0.882,0.954,0.842,0.666,0.69,0.742,0.652,0.928,0.506,0.938,0.838,0.848,0.674,0.33,0.462,0.514,,0.518,0.728,0.936,0.692,0.046,0.954,0.144,0.91,,,,,,,,,,,,,,,,,,,,,,0.89,,,,,,,,,,,,,,,,,,,,,,,
C577,,,,,,,,,,,,,,,,,,,,,,,,,,0.218,,,,,,,0.662,,,,,,,,,,,,,,0.666,,,,,,,,,,,,,,,,,,,,,,,,,,,,,,,,,,,,,,,,,,,,,,,,,,,,,,,,,,0.802,,,,,,,,,,,,,,,,,,,,,,,,,,,,,,,,,,,,,,,,,,,,,,,,,,,,,,,,,,,,,,,,,,,,,,,,,,,,,,,,,,,,,,,,,,,,,0.928,,,,,,,,,,,,,,,,,,,,,,,
C372,,,,0.0,,0.574,,0.192,0.502,,,,,,,0.378,0.234,,,,,,,,,0.284,,,0.2,,0.924,,0.554,,0.086,0.832,0.152,0.516,0.058,0.22,,,,,,,0.64,,,,,,,,,,,,,,,,,,,,,,,,,,,,,,,,,,,,,,,,,,,,,,,,,,,,,0.34,,0.954,,,0.774,,0.79,,,,0.932,,,,,,,,,0.954,0.0,,0.954,,,,,,,,,0.734,,,,,0.892,0.3,0.946,0.438,0.06,0.394,0.23,0.954,0.764,0.954,0.784,0.948,0.724,0.954,0.794,0.364,0.65,0.636,0.768,0.256,0.452,0.954,0.634,0.224,0.954,0.596,,0.946,0.882,,0.0,0.954,0.388,,0.954,0.954,0.076,0.954,0.0,0.938,,,,,,,,,,,,,,,,,,,,,,0.89,,,,,,,,,,,,,,,,,,,,,,,
S514,,,,0.0,,0.192,,0.064,0.002,,,,,,,0.425,0.202,,,,,,,,,0.244,,,0.222,,0.254,,0.888,0.03,0.232,0.252,0.222,0.338,0.216,0.0,,,,,,,,,,,,,,,,,,,,,,,,,,,,,,,,,,,,,,,,,,,,,,,,,,,,,,,,,,,,0.274,,0.954,,,0.882,,0.208,,,,0.954,,,,,,,,,0.556,0.162,,0.378,,,,,,,,,0.944,,,,0.926,0.734,0.188,0.024,0.344,0.054,0.592,0.238,,0.954,0.22,0.294,0.13,0.31,0.0,0.618,0.15,0.0,0.404,0.354,0.232,0.416,0.0,0.698,0.288,0.47,0.35,0.42,0.896,0.174,0.174,0.0,0.0,0.554,0.0,0.062,0.834,0.032,0.034,0.0,0.954,,,,,,,,,,,,,,,,,,,,,,,,,,,,,,,,,,,,,,,,,,,,,
C335,,,,0.006,,0.212,,0.109,0.043,,,,,,,0.438,0.117,,,,,,,,,0.268,,,0.23,,0.25,,0.89,0.026,0.752,0.33,0.706,0.35,0.0,0.0,,,,,,,,,,,,,,,,,,,,,,,,,,,,,,,,,,,,,,,,,,,,,,,,,,,,,,,,,,,,0.176,,0.954,,,0.954,,0.13,,,,0.954,,,,,,,,,0.514,0.148,,0.294,,,,,,,,,0.946,,,,0.93,0.704,0.092,0.162,0.07,0.024,0.472,0.1,0.232,0.954,0.302,0.224,0.086,0.24,0.0,0.63,0.0,0.266,0.46,0.652,0.438,0.75,0.0,0.794,0.204,0.516,0.382,0.398,0.874,0.2,0.144,0.224,0.0,0.618,0.264,0.074,0.92,0.026,0.048,0.172,0.806,,,,,,,,,,,,,,,,,,,,,,,,,,,,,,,,,,,,,,,,,,,,,
S515,,,,0.106,,0.32,,0.249,0.403,,,,,,,0.709,0.317,,,,,,,,,0.288,,,0.038,,0.698,,0.128,0.0,0.318,0.396,0.746,0.352,0.046,0.024,,,,,,,,,,,,,,,,,,,,,,,,,,,,,,,,,,,,,,,,,,,,,,,,,,,,,,,,,,,,0.428,,0.63,,,0.438,,0.468,,,,0.746,,,,,,,,,0.836,0.322,,0.778,,,,,,,,,0.674,,,,0.0,0.588,0.842,0.448,0.532,0.046,0.83,,0.718,0.422,0.698,0.604,0.592,0.732,0.71,0.892,0.596,0.806,0.76,0.778,0.758,0.846,0.512,0.938,0.668,0.848,0.36,0.324,0.272,0.42,0.246,0.408,0.0,0.776,0.732,0.732,0.748,0.044,0.682,0.174,0.526,,,,,,,,,,,,,,,,,,,,,,,,,,,,,,,,,,,,,,,,,,,,,
S516,,,,0.0,,0.398,,0.409,0.397,,,,,,,0.596,0.272,,,,,,,,,0.312,,,0.0,,0.674,,0.0,0.0,0.206,0.642,0.522,0.738,0.17,0.0,,,,,,,,,,,,,,,,,,,,,,,,,,,,,,,,,,,,,,,,,,,,,,,,,,,,,,,,,,,,0.208,,0.542,,,0.242,,0.362,,,,0.276,,,,,,,,,0.622,0.332,,0.746,,,,,,,,,0.704,,,,0.058,0.786,0.226,0.286,0.302,0.062,0.61,0.154,0.708,0.152,0.952,0.816,0.808,0.916,0.834,0.856,0.944,0.948,0.892,0.568,0.502,0.744,0.824,0.822,0.604,0.776,0.666,0.58,0.23,0.228,0.436,0.524,0.648,0.654,0.682,0.354,0.916,0.05,0.788,0.398,0.224,,,,,,,,,,,,,,,,,,,,,,,,,,,,,,,,,,,,,,,,,,,,,
C337,,,,0.19,,0.354,,0.367,0.241,,,,,,,0.505,0.283,,,,,,,,,0.34,,,0.0,,0.798,,0.0,0.074,0.08,0.708,0.41,0.698,0.04,0.0,,,,,,,,,,,,,,,,,,,,,,,,,,,,,,,,,,,,,,,,,,,,,,,,,,,,,,,,,,,,0.296,,0.838,,,0.34,,0.17,,,,0.676,,,,,,,,,0.526,0.034,,0.77,,,,,,,,,0.704,,,,0.0,0.952,0.926,0.834,0.666,0.046,0.954,0.1,0.936,0.468,0.918,0.676,0.89,0.638,0.896,0.718,0.62,0.954,0.794,0.502,0.536,0.244,0.67,0.572,0.182,0.658,0.878,0.594,0.128,0.0,0.388,0.088,,0.424,0.674,0.81,0.816,0.018,0.804,0.0,0.276,,,,,,,,,,,,,,,,,,,,,,,,,,,,,,,,,,,,,,,,,,,,,
S518,,,,,,0.648,,0.269,0.215,,,,,,,0.358,0.214,,,,,,,,,0.374,,,0.0,,0.0,,0.376,0.0,0.076,0.42,0.358,0.32,0.0,0.0,,,,,,,,,,,,,,,,,,,,,,,,,,,,,,,,,,,,,,,,,,,,,,,,,,,,,,,,,,,,0.452,,0.954,,,0.642,,0.456,,,,0.954,,,,,,,,,0.416,0.322,,0.352,,,,,,,,,0.92,,,,0.83,0.596,0.494,0.046,0.408,0.0,0.49,0.266,0.502,0.688,0.558,0.804,0.696,0.66,0.176,,0.652,0.62,0.522,0.676,0.538,0.512,0.0,0.65,0.456,0.51,0.336,0.436,0.76,0.408,0.37,,0.0,0.454,,0.008,0.356,0.006,0.256,0.03,0.898,,,,,,,,,,,,,,,,,,,,,,,,,,,,,,,,,,,,,,,,,,,,,
S519,,,,0.0,,0.624,,0.254,0.295,,,,,,,0.449,0.202,,,,,,,,,0.078,,,0.064,,0.576,,0.054,0.0,0.068,0.636,0.68,0.578,0.0,0.0,,,,,,,,,,,,,,,,,,,,,,,,,,,,,,,,,,,,,,,,,,,,,,,,,,,,,,,,,,,,0.68,,0.716,,,0.276,,0.414,,,,0.42,,,,,,,,,0.564,0.174,,0.632,,,,,,,,,0.606,,,,0.07,0.676,0.574,0.304,0.548,0.03,0.602,0.074,0.586,0.176,0.74,0.838,0.748,0.828,0.808,0.72,0.78,0.86,0.796,0.934,0.862,0.892,0.706,0.908,0.87,0.858,0.52,0.562,0.166,0.48,0.214,0.222,0.266,0.488,0.534,0.312,0.504,0.08,0.42,0.058,0.294,,,,,,,,,,,,,,,,,,,,,,,,,,,,,,,,,,,,,,,,,,,,,
S520,,,,0.0,,0.478,,0.413,0.239,,,,,,,0.456,0.342,,,,,,,,,0.282,,,0.086,,0.61,,0.176,0.008,0.096,0.528,0.534,0.618,0.158,0.0,,,,,,,,,,,,,,,,,,,,,,,,,,,,,,,,,,,,,,,,,,,,,,,,,,,,,,,,,,,,0.546,,0.634,,,0.418,,0.394,,,,0.628,,,,,,,,,0.644,0.254,,0.666,,,,,,,,,0.634,,,,0.344,0.828,0.398,0.372,0.21,0.036,0.476,0.134,0.622,0.272,0.646,0.736,0.714,0.724,0.366,0.74,0.638,0.79,0.714,0.696,0.64,0.728,0.334,0.702,0.72,0.78,0.52,0.56,0.0,0.364,0.494,0.268,0.0,0.544,0.61,0.358,0.394,0.06,0.392,0.038,0.266,,,,,,,,,,,,,,,,,,,,,,,,,,,,,,,,,,,,,,,,,,,,,
S521,,,,0.074,,0.512,,0.74,0.234,,,,,,,0.356,0.446,,,,,,,,,0.26,,,0.036,,0.244,,0.534,0.0,0.386,0.524,0.884,0.272,0.0,0.0,,,,,,,,,,,,,,,,,,,,,,,,,,,,,,,,,,,,,,,,,,,,,,,,,,,,,,,,,,,,0.66,,0.954,,,0.8,,0.648,,,,0.954,,,,,,,,,0.77,0.35,,0.696,,,,,,,,,0.954,,,,0.762,0.654,0.638,0.0,0.652,0.0,0.756,0.304,0.706,0.934,0.568,0.742,0.626,0.664,0.0,,0.538,0.55,0.622,0.654,0.588,0.46,0.0,0.656,0.322,0.572,0.5,0.572,,,0.36,0.0,0.0,0.41,0.0,0.246,0.374,0.088,0.172,0.0,0.932,,,,,,,,,,,,,,,,,,,,,,,,,,,,,,,,,,,,,,,,,,,,,
S523,,,,0.01,,0.79,,0.001,0.179,,,,,,,0.0,0.523,,,,,,,,,0.242,,,0.0,,0.83,,0.702,0.0,0.174,0.672,0.256,0.426,0.0,0.0,,,,,,,,,,,,,,,,,,,,,,,,,,,,,,,,,,,,,,,,,,,,,,,,,,,,,,,,,,,,0.816,,0.954,,,0.816,,0.632,,,,0.842,,,,,,,,,0.798,0.646,,0.81,,,,,,,,,0.816,,,,0.726,0.684,0.754,0.21,0.718,0.106,0.27,0.554,0.728,0.818,0.634,0.854,0.716,0.732,0.602,0.622,0.722,0.834,0.464,0.786,0.36,0.504,0.09,0.376,0.506,0.738,0.398,0.642,0.724,0.772,0.0,0.762,0.0,0.0,0.694,0.084,0.776,,0.928,0.742,0.776,,,,,,,,,,,,,,,,,,,,,,,,,,,,,,,,,,,,,,,,,,,,,
S524,,,,0.202,,0.222,,0.244,0.412,,,,,,,0.268,0.267,,,,,,,,,0.078,,,0.128,,0.77,,0.246,0.0,0.066,0.696,0.586,0.422,0.032,0.034,,,,,,,,,,,,,,,,,,,,,,,,,,,,,,,,,,,,,,,,,,,,,,,,,,,,,,,,,,,,0.0,,0.574,,,0.552,,0.446,,,,0.822,,,,,,,,,0.508,0.296,,0.808,,,,,,,,,0.852,,,,0.42,0.832,0.284,0.194,0.576,0.248,0.632,0.552,0.824,0.506,0.84,0.784,0.762,0.832,0.574,0.768,0.814,0.852,0.85,0.654,0.774,0.788,0.488,0.742,0.88,0.876,0.662,0.668,0.736,0.368,0.67,0.574,0.0,0.41,0.734,0.164,0.444,0.246,0.776,0.282,0.804,,,,,,,,,,,,,,,,,,,,,,,,,,,,,,,,,,,,,,,,,,,,,
C344,,,,0.026,,0.128,,0.382,0.381,,,,,,,0.404,0.219,,,,,,,,,0.0,,,0.172,,0.798,,0.326,0.0,0.09,0.704,0.486,0.492,0.09,0.0,,,,,,,,,,,,,,,,,,,,,,,,,,,,,,,,,,,,,,,,,,,,,,,,,,,,,,,,,,,,0.0,,0.412,,,0.556,,0.704,,,,0.792,,,,,,,,,0.624,0.148,,0.844,,,,,,,,,0.786,,,,0.496,0.814,0.06,0.132,0.69,0.044,0.7,0.296,0.874,0.434,0.858,0.83,0.95,0.798,0.584,0.768,0.764,0.9,0.86,0.792,0.782,0.8,0.43,0.882,0.598,0.904,0.716,0.672,0.86,0.094,0.496,0.606,0.0,0.63,0.81,0.228,0.514,0.236,0.816,0.068,0.742,,,,,,,,,,,,,,,,,,,,,,,,,,,,,,,,,,,,,,,,,,,,,
S525,,,,,,,,,,,,,,,,,,,,,,,,,,0.852,,,,,,,0.694,0.0,,,,,,,,,,,,,,,,,,,,,,,,,,,,,,,,,,,,,,,,,,,,,,,,,,,,,,,,,,,,,,,,,,,,,,,0.816,,,,,,,,,,,,,,,,,,,,,,,,,,,,,,,0.892,,,,,,,,,,,,,,,,,,,,,,,,,,,,,,,,,,,,,,,,,,,,,,,,,,,,,,,,,,,,,,,,,,,,,,,,,,,,,,,,,,,,,
S526,,,,0.482,,0.348,,0.418,0.19,,,,,,,0.594,0.475,,,,,,,,,0.476,,,0.204,,0.386,,0.954,0.0,0.448,,0.724,0.508,0.146,0.0,,,,,,,,,,,,,,,,,,,,,,,,,,,,,,,,,,,,,,,,,,,,,,,,,,,,,,,,,,,,0.478,,0.954,,,0.954,,0.688,,,,0.954,,,,,,,,,0.716,0.262,,0.58,,,,,,,,,0.834,,,,0.954,0.59,0.246,0.0,0.476,0.0,0.696,0.098,0.884,0.7,0.252,0.854,0.604,0.55,0.076,0.336,0.704,,0.472,0.53,0.522,0.342,0.0,0.482,0.256,0.334,0.356,0.232,0.854,0.29,0.0,0.0,0.0,,0.0,0.022,0.0,0.0,0.306,0.0,,,,,,,,,,,,,,,,,,,,,,,,,,,,,,,,,,,,,,,,,,,,,,
S608,,,,0.606,,0.576,,0.131,0.381,,,,,,,0.089,0.271,,,,,,,,,0.662,,,0.022,,0.944,,0.07,0.084,0.098,0.566,0.178,0.812,0.116,0.0,,,,,,,,,,,,,,,,,,,,,,,,,,,,,,,,,,,,,,,,,,,,,,,,,,,,,,,,,,,,0.292,,0.606,,,0.502,,0.222,,,,0.568,,,,,,,,,0.742,0.374,,0.954,,,,,,,,,0.734,,,,0.078,0.91,0.376,,0.332,0.0,0.368,0.426,0.954,0.0,0.916,0.71,0.744,0.798,0.752,0.67,0.866,0.954,0.86,0.736,0.128,0.938,0.346,0.608,0.77,0.954,0.722,0.726,,0.694,0.508,0.636,0.694,0.458,0.954,0.422,0.9,0.212,0.954,0.266,0.272,,,,,,,,,,,,,,,,,,,,,,,,,,,,,,,,,,,,,,,,,,,,,
S527,,,,0.004,,0.118,,0.025,0.077,,,,,,,0.38,0.051,,,,,,,,,0.134,,,0.046,,0.03,,0.704,0.0,0.236,0.194,0.212,0.586,0.018,0.0,,,,,,,,,,,,,,,,,,,,,,,,,,,,,,,,,,,,,,,,,,,,,,,,,,,,,,,,,,,,0.298,,0.89,,,0.81,,0.086,,,,0.842,,,,,,,,,0.466,0.0,,0.174,,,,,,,,,0.834,,,,0.726,0.732,0.2,0.048,0.08,0.058,0.366,0.072,0.072,0.764,0.56,0.432,0.366,0.254,0.19,0.4,0.216,0.174,0.578,0.248,0.09,0.108,0.04,0.482,0.102,0.162,0.532,0.554,0.67,0.216,0.17,0.174,0.002,0.474,0.13,,0.798,0.01,0.302,0.0,0.756,,,,,,,,,,,,,,,,,,,,,,,,,,,,,,,,,,,,,,,,,,,,,
S528,,,,0.0,,0.476,,0.023,0.367,,,,,,,0.891,0.147,,,,,,,,,0.376,,,0.16,,0.612,,0.794,0.0,0.104,0.446,0.586,0.536,0.016,0.0,,,,,,,,,,,,,,,,,,,,,,,,,,,,,,,,,,,,,,,,,,,,,,,,,,,,,,,,,,,,0.246,,0.954,,,0.896,,0.078,,,,0.904,,,,,,,,,0.464,0.068,,0.184,,,,,,,,,0.694,,,,0.654,0.896,0.954,0.792,,0.008,0.954,0.306,0.748,0.842,0.538,0.32,0.35,0.26,0.65,0.71,0.318,0.366,0.388,0.376,0.338,0.048,0.792,0.496,0.054,0.184,0.744,0.316,0.746,,0.348,0.006,0.0,0.91,0.336,0.762,0.954,0.048,0.246,0.03,0.866,,,,,,,,,,,,,,,,,,,,,,,,,,,,,,,,,,,,,,,,,,,,,
C349,,,,0.002,,0.024,,0.0,0.058,,,,,,,0.196,0.143,,,,,,,,,0.038,,,0.0,,0.778,,0.0,0.0,0.05,0.48,0.228,0.4,0.0,0.0,,,,,,,,,,,,,,,,,,,,,,,,,,,,,,,,,,,,,,,,,,,,,,,,,,,,,,,,,,,,0.108,,0.218,,,0.05,,0.054,,,,0.278,,,,,,,,,0.186,0.082,,0.8,,,,,,,,,0.522,,,,0.0,0.684,0.062,0.016,0.258,0.0,0.144,0.404,0.772,0.146,0.756,0.876,0.788,0.592,0.606,0.722,0.692,0.954,0.708,0.33,0.286,0.764,0.934,0.526,0.392,0.832,0.53,0.416,0.372,0.0,0.0,0.0,0.0,0.186,0.742,0.144,0.268,0.158,0.838,0.028,0.262,,,,,,,,,,,,,,,,,,,,,,,,,,,,,,,,,,,,,,,,,,,,,
S529,,,,0.024,,0.046,,0.0,0.023,,,,,,,0.259,0.137,,,,,,,,,0.022,,,0.0,,0.778,,0.0,0.0,0.054,0.576,0.236,0.56,0.0,0.0,,,,,,,,,,,,,,,,,,,,,,,,,,,,,,,,,,,,,,,,,,,,,,,,,,,,,,,,,,,,0.0,,0.096,,,0.0,,0.032,,,,0.404,,,,,,,,,0.226,0.0,,0.794,,,,,,,,,0.592,,,,0.0,0.722,,0.068,0.528,0.008,0.238,0.522,0.846,0.056,0.684,0.732,0.586,0.558,0.498,0.612,0.584,0.954,0.628,0.276,0.256,0.224,0.15,0.468,0.246,0.8,0.544,0.554,0.068,0.0,0.06,0.0,0.0,0.27,0.778,0.0,0.022,0.0,0.798,0.0,0.228,,,,,,,,,,,,,,,,,,,,,,,,,,,,,,,,,,,,,,,,,,,,,
S530,,,,0.256,,0.53,,0.074,0.286,,,,,,,0.231,0.562,,,,,,,,,0.13,,,0.04,,0.82,,0.418,0.0,,0.656,0.496,0.626,0.0,0.0,,,,,,,,,,,,,,,,,,,,,,,,,,,,,,,,,,,,,,,,,,,,,,,,,,,,,,,,,,,,0.618,,0.708,,,0.602,,0.43,,,,0.526,,,,,,,,,0.06,0.488,,0.834,,,,,,,,,0.516,,,,0.432,0.598,0.534,0.0,0.326,0.046,0.432,0.422,0.726,0.26,0.8,0.908,0.77,0.938,0.9,0.824,0.908,0.91,0.518,0.862,0.302,0.388,0.796,0.596,0.752,0.886,0.452,0.472,0.378,0.414,0.188,0.0,0.268,0.566,0.662,0.362,0.462,0.064,0.82,0.418,0.624,,,,,,,,,,,,,,,,,,,,,,,,,,,,,,,,,,,,,,,,,,,,,
S531,,,,0.0,,0.44,,0.522,0.479,,,,,,,0.607,0.057,,,,,,,,,0.218,,,0.102,,0.914,,0.454,0.0,0.172,0.756,0.898,0.748,0.0,0.0,,,,,,,,,,,,,,,,,,,,,,,,,,,,,,,,,,,,,,,,,,,,,,,,,,,,,,,,,,,,0.504,,0.748,,,0.552,,0.502,,,,0.884,,,,,,,,,0.642,0.058,,0.94,,,,,,,,,0.874,,,,0.498,0.95,0.804,0.552,0.71,0.036,0.782,0.392,0.944,0.678,0.818,0.87,0.858,0.812,0.538,0.86,0.812,0.954,0.89,0.924,0.832,0.856,0.542,0.886,0.83,0.942,0.72,0.746,0.58,0.36,0.654,0.464,0.184,0.632,0.87,0.42,0.474,0.092,0.86,0.514,0.78,,,,,,,,,,,,,,,,,,,,,,,,,,,,,,,,,,,,,,,,,,,,,
S533,,,,0.216,,0.656,,0.32,0.344,,,,,,,0.508,0.25,,,,,,,,,0.49,,,0.152,,0.832,,0.238,,0.124,0.514,0.088,0.712,0.0,0.0,,,,,,,0.58,,,,,,,,,,,,,,,,,,,,,,,,,,,,,,,,,,,,,,,,,,,,,,,,,,,,,0.538,,0.606,,,0.596,,0.252,,,,0.512,,,,,,,,,0.676,0.0,,0.79,,,,,,,,,0.67,,,,,0.718,0.522,0.288,0.348,0.06,0.676,0.122,0.778,0.424,0.768,0.844,0.752,0.804,0.598,0.89,0.806,0.902,0.746,0.78,0.556,0.65,0.326,0.808,0.472,0.866,0.604,0.594,0.436,0.402,0.296,0.418,0.0,,0.818,0.354,0.492,0.0,0.842,0.156,0.378,,,,,,,,,,,,,,,,,,,,,,0.582,,,,,,,,,,,,,,,,,,,,,,,
S534,,,,0.0,,0.578,,0.142,0.079,,,,,,,0.254,0.064,,,,,,,,,0.426,,,0.0,,0.894,,0.024,,0.088,0.66,0.356,0.626,0.0,0.0,,,,,,,0.572,,,,,,,,,,,,,,,,,,,,,,,,,,,,,,,,,,,,,,,,,,,,,,,,,,,,,0.338,,0.0,,,0.166,,0.154,,,,0.508,,,,,,,,,0.442,0.386,,0.876,,,,,,,,,0.82,,,,,0.71,0.468,0.45,0.558,0.0,0.252,0.62,0.826,0.136,0.692,0.864,0.744,0.84,0.562,0.782,0.802,0.954,0.618,0.58,0.498,0.628,0.242,0.518,0.778,0.932,0.514,0.558,0.732,0.402,0.342,0.526,0.0,0.572,0.86,0.0,0.244,0.114,0.952,0.55,0.0,,,,,,,,,,,,,,,,,,,,,,0.41,,,,,,,,,,,,,,,,,,,,,,,
S535,,,,0.374,,0.23,,0.788,0.129,,,,,,,0.466,0.174,,,,,,,,,0.376,,,0.506,,0.374,,0.79,,0.068,0.362,0.37,0.424,0.0,0.0,,,,,,,0.486,,,,,,,,,,,,,,,,,,,,,,,,,,,,,,,,,,,,,,,,,,,,,,,,,,,,,0.34,,,,,0.89,,0.55,,,,0.898,,,,,,,,,0.37,0.14,,0.44,,,,,,,,,0.658,,,,,0.0,0.0,0.0,,0.0,0.654,0.016,0.2,0.454,0.23,0.73,0.842,0.514,0.322,0.636,0.446,0.848,0.614,0.562,0.6,0.634,0.052,0.752,0.542,0.588,0.33,0.426,0.598,0.106,0.244,0.352,0.0,0.622,0.0,0.0,0.058,0.07,0.218,0.0,0.538,,,,,,,,,,,,,,,,,,,,,,0.952,,,,,,,,,,,,,,,,,,,,,,,
S536,,,,0.0,,0.206,,0.22,0.246,,,,,,,0.498,0.072,,,,,,,,,0.292,,,0.348,,0.272,,0.71,,0.26,0.182,0.69,0.34,0.232,0.0,,,,,,,0.134,,,,,,,,,,,,,,,,,,,,,,,,,,,,,,,,,,,,,,,,,,,,,,,,,,,,,0.316,,0.954,,,0.842,,0.342,,,,0.94,,,,,,,,,0.628,0.146,,0.308,,,,,,,,,0.814,,,,,0.516,0.412,0.36,0.398,0.0,0.606,0.13,0.256,0.906,0.34,0.582,0.368,0.614,0.066,0.954,0.7,0.516,0.718,0.566,0.81,0.79,0.668,0.92,0.832,0.792,0.362,0.402,0.862,0.306,0.0,0.358,0.0,0.654,0.344,0.19,0.758,0.046,,0.134,0.7,,,,,,,,,,,,,,,,,,,,,,0.91,,,,,,,,,,,,,,,,,,,,,,,
S609,,,,0.334,,0.77,,0.748,0.439,,,,,,,0.34,0.056,,,,,,,,,0.528,,,0.522,,0.68,,0.688,,0.564,0.198,0.688,0.564,0.012,0.0,,,,,,,0.658,,,,,,,,,,,,,,,,,,,,,,,,,,,,,,,,,,,,,,,,,,,,,,,,,,,,,0.398,,0.944,,,0.74,,0.4,,,,0.91,,,,,,,,,0.386,0.086,,0.262,,,,,,,,,0.834,,,,,0.714,0.386,0.128,0.28,0.002,0.41,0.014,0.184,0.702,0.75,0.75,0.79,0.556,0.056,0.826,0.496,0.61,0.678,0.762,0.794,0.742,0.07,0.798,0.604,0.75,0.618,0.544,0.856,0.372,0.09,0.022,0.0,0.326,0.058,0.168,0.894,0.126,0.17,0.0,0.86,,,,,,,,,,,,,,,,,,,,,,0.928,,,,,,,,,,,,,,,,,,,,,,,
S538,,,,0.0,,0.784,,0.32,0.386,,,,,,,0.272,0.176,,,,,,,,,0.286,,,0.0,,0.764,,0.0,,0.366,0.67,0.582,0.278,0.098,0.124,,,,,,,0.744,,,,,,,,,,,,,,,,,,,,,,,,,,,,,,,,,,,,,,,,,,,,,,,,,,,,,0.792,,0.76,,,0.29,,0.692,,,,0.492,,,,,,,,,0.418,0.182,,0.816,,,,,,,,,0.394,,,,,0.578,0.694,0.342,0.7,0.026,0.59,0.19,0.68,0.254,0.66,0.942,0.688,0.848,0.75,0.75,0.77,0.954,0.718,0.954,0.746,0.73,0.878,0.858,0.558,0.954,0.426,0.392,0.102,0.708,0.0,0.264,0.436,0.248,0.822,0.012,0.174,0.0,0.688,0.018,0.14,,,,,,,,,,,,,,,,,,,,,,0.786,,,,,,,,,,,,,,,,,,,,,,,
S539,,,,0.0,,0.77,,0.236,0.428,,,,,,,0.356,0.072,,,,,,,,,0.584,,,0.216,,0.74,,0.138,,0.346,0.668,0.346,0.938,0.262,0.194,,,,,,,0.796,,,,,,,,,,,,,,,,,,,,,,,,,,,,,,,,,,,,,,,,,,,,,,,,,,,,,0.722,,0.728,,,0.392,,0.234,,,,0.954,,,,,,,,,0.338,0.704,,0.832,,,,,,,,,0.932,,,,,0.43,0.534,,0.49,0.232,0.476,0.546,0.836,0.246,0.872,0.954,0.912,0.938,0.916,0.94,0.954,0.954,0.59,0.954,0.804,0.54,0.44,0.87,0.45,0.93,0.544,0.702,0.954,0.67,0.32,0.474,0.0,0.376,0.636,0.174,0.2,0.362,0.954,0.0,,,,,,,,,,,,,,,,,,,,,,,0.866,,,,,,,,,,,,,,,,,,,,,,,
S540,,,,0.238,,0.476,,0.33,0.222,,,,,,,0.308,0.168,,,,,,,,,0.436,,,0.306,,0.9,,0.07,,0.054,0.688,0.626,0.506,0.0,0.0,,,,,,,0.458,,,,,,,,,,,,,,,,,,,,,,,,,,,,,,,,,,,,,,,,,,,,,,,,,,,,,0.178,,,,,0.296,,0.23,,,,,,,,,,,,,0.286,0.348,,0.768,,,,,,,,,0.554,,,,,0.866,,0.892,0.57,0.352,0.77,0.67,0.954,,0.808,0.672,0.674,0.586,0.954,0.632,0.726,0.948,0.518,0.624,0.472,0.5,0.856,0.766,0.45,0.718,0.602,0.204,,0.538,0.53,0.566,0.892,0.466,0.682,0.296,0.728,0.39,0.938,0.046,,,,,,,,,,,,,,,,,,,,,,,0.548,,,,,,,,,,,,,,,,,,,,,,,
S610,,,,0.0,,0.626,,0.484,0.33,,,,,,,0.334,0.2,,,,,,,,,0.364,,,0.3,,0.894,,0.17,,0.064,0.772,0.392,0.592,0.0,0.0,,,,,,,0.596,,,,,,,,,,,,,,,,,,,,,,,,,,,,,,,,,,,,,,,,,,,,,,,,,,,,,0.89,,0.562,,,0.524,,0.286,,,,0.432,,,,,,,,,0.516,0.284,,0.886,,,,,,,,,0.604,,,,,0.866,0.694,0.448,0.534,0.184,0.518,0.424,0.844,0.0,0.954,0.944,0.926,0.838,0.866,0.938,0.954,0.954,0.656,0.852,0.574,0.596,0.296,0.7,0.524,0.954,0.61,0.562,0.0,0.644,0.354,0.646,0.0,0.42,0.89,,0.146,0.308,0.934,0.248,0.37,,,,,,,,,,,,,,,,,,,,,,0.674,,,,,,,,,,,,,,,,,,,,,,,
S611,,,,0.0,,0.402,,0.034,0.075,,,,,,,0.326,0.632,,,,,,,,,0.772,,,0.802,,0.752,,0.008,,0.058,0.634,0.47,0.556,0.0,0.0,,,,,,,0.358,,,,,,,,,,,,,,,,,,,,,,,,,,,,,,,,,,,,,,,,,,,,,,,,,,,,,0.178,,0.368,,,0.11,,0.514,,,,0.728,,,,,,,,,0.19,0.4,,0.784,,,,,,,,,0.588,,,,,0.806,0.498,0.0,0.176,0.184,0.278,0.172,0.752,0.538,0.756,0.586,0.666,0.668,0.662,0.688,0.782,0.952,0.768,0.604,0.57,0.644,0.542,0.698,0.768,0.93,0.65,0.628,0.078,0.7,0.168,0.532,0.204,0.41,0.718,0.048,0.1,0.036,0.8,0.164,0.26,,,,,,,,,,,,,,,,,,,,,,0.586,,,,,,,,,,,,,,,,,,,,,,,
C455,,,,,0.782,0.792,,0.676,0.555,,,,,,,0.482,0.394,,,,,,,0.672,,0.468,,,0.038,,0.746,,0.374,,,0.828,0.154,0.846,,,,,,,,,,0.862,0.302,0.192,0.414,,,,,,,,,,,,,,,,,,,,,,,,,,,,,,,,,,,,,,,,,,,,,,,0.88,,0.82,,0.892,,,0.638,,0.416,,,,0.824,,,,,,,,,0.748,0.256,,0.89,,,,,,,,,0.624,,0.952,,,,,,,,,,,0.502,0.954,0.776,0.864,0.888,,0.92,0.814,0.954,0.954,0.848,0.584,0.664,,0.758,0.574,0.904,,0.946,0.942,,,,,,,,0.53,,,,,,,,,,,,,,,,,,,,,,,,,,,0.954,0.952,0.908,0.884,0.876,0.952,0.922,0.954,0.772,0.402,0.944,0.724,0.27,0.376,0.522,0.516,0.666,0.596,0.462,0.896,0.604,0.624,0.398
S612,,,,0.256,,0.436,,,0.506,,,,,,,0.548,0.046,,,,,,,,,0.386,,,0.354,,0.26,,0.954,,0.326,0.638,0.542,0.196,0.07,0.048,,,,,,,0.108,,,,,,,,,,,,,,,,,,,,,,,,,,,,,,,,,,,,,,,,,,,,,,,,,,,,,0.678,,0.954,,,0.954,,0.448,,,,0.23,,,,,,,,,0.95,0.094,,0.198,,,,,,,,,0.582,,,,,0.442,0.932,0.14,,0.0,0.912,0.0,0.0,0.532,0.254,0.904,0.798,0.53,0.0,0.534,0.416,0.348,0.54,0.674,0.522,0.606,0.012,0.798,0.624,0.672,0.0,0.582,0.6,0.05,0.0,0.0,0.0,0.432,0.006,0.186,0.884,0.434,0.372,0.0,0.246,,,,,,,,,,,,,,,,,,,,,,0.954,,,,,,,,,,,,,,,,,,,,,,,
S613,,,,0.242,,0.248,,0.552,0.2,,,,,,,0.484,0.134,,,,,,,,,0.212,,,0.316,,0.242,,0.638,,0.172,0.408,0.288,0.554,0.044,0.0,,,,,,,0.252,,,,,,,,,,,,,,,,,,,,,,,,,,,,,,,,,,,,,,,,,,,,,,,,,,,,,0.388,,0.832,,,0.708,,0.464,,,,0.836,,,,,,,,,0.52,0.126,,0.29,,,,,,,,,0.752,,,,,0.882,0.182,0.0,0.498,0.0,0.406,0.108,0.182,0.78,0.69,0.658,0.632,0.522,0.108,0.652,0.426,0.568,0.75,0.582,0.51,0.452,0.11,0.606,0.372,0.572,0.648,0.698,0.678,0.106,0.132,0.116,0.0,0.294,0.048,0.086,0.558,0.062,0.396,0.0,0.58,,,,,,,,,,,,,,,,,,,,,,0.786,,,,,,,,,,,,,,,,,,,,,,,
S543,,,,,,,,,,,,,,,,,,,,,,,,,,0.006,,,,,,,0.954,,,,,,,,,,,,,,0.168,,,,,,,,,,,,,,,,,,,,,,,,,,,,,,,,,,,,,,,,,,,,,,,,,,,,,,,,,,0.954,,,,,,,,,,,,,,,,,,,,,,,,,,,,,,,,,,,,,,,,,,,,,,,,,,,,,,,,,,,,,,,,,,,,,,,,,,,,,,,,,,,,,,,,,,,,,0.954,,,,,,,,,,,,,,,,,,,,,,,
S544,,,,0.636,,0.068,,0.954,0.476,,,,,,,0.292,0.01,,,,,,,,,0.928,,,0.894,,0.358,,0.588,,0.508,0.222,0.778,0.002,0.0,0.076,,,,,,,0.774,,,,,,,,,,,,,,,,,,,,,,,,,,,,,,,,,,,,,,,,,,,,,,,,,,,,,0.628,,0.954,,,0.618,,0.614,,,,0.952,,,,,,,,,0.954,0.272,,0.616,,,,,,,,,0.742,,,,,0.53,0.724,0.016,0.714,0.052,0.938,0.074,0.618,0.574,0.696,0.814,0.528,0.756,0.462,0.954,0.936,0.944,0.81,0.782,0.5,0.672,0.254,0.954,0.812,0.938,0.752,0.51,0.674,0.822,0.0,,0.0,0.874,,0.062,0.0,0.12,0.292,,0.166,,,,,,,,,,,,,,,,,,,,,,0.566,,,,,,,,,,,,,,,,,,,,,,,
S545,,,,0.028,,0.23,,0.392,0.332,,,,,,,0.344,0.03,,,,,,,,,0.102,,,0.26,,0.44,,0.44,,0.122,0.416,0.536,0.344,0.0,0.0,,,,,,,0.358,,,,,,,,,,,,,,,,,,,,,,,,,,,,,,,,,,,,,,,,,,,,,,,,,,,,,0.366,,0.62,,,0.516,,0.2,,,,0.652,,,,,,,,,0.526,0.082,,0.438,,,,,,,,,0.68,,,,,0.688,0.246,0.292,0.176,0.0,0.484,0.088,0.384,0.378,0.654,0.588,0.592,0.588,0.246,0.75,0.502,0.698,0.662,0.434,0.454,0.548,0.424,0.58,0.464,0.674,0.512,0.548,0.554,0.122,0.286,0.236,0.0,0.444,0.424,0.248,0.63,0.0,0.42,0.038,0.378,,,,,,,,,,,,,,,,,,,,,,0.594,,,,,,,,,,,,,,,,,,,,,,,
C396,,,,0.026,,0.346,,0.182,0.206,,,,,,,0.256,0.038,,,,,,,,,0.104,,,0.0,,0.572,,0.18,,0.228,0.454,0.704,0.478,0.0,0.0,,,,,,,0.12,,,,,,,,,,,,,,,,,,,,,,,,,,,,,,,,,,,,,,,,,,,,,,,,,,,,,0.288,,0.288,,,0.278,,0.27,,,,0.692,,,,,,,,,0.654,0.34,,0.562,,,,,,,,,0.72,,,,,0.546,0.08,0.36,0.388,0.3,0.426,0.23,0.432,,0.652,0.76,0.794,0.642,0.318,0.796,0.41,0.662,0.666,0.516,0.566,0.588,0.482,0.78,0.534,0.69,0.518,0.552,0.608,0.234,0.41,0.24,0.09,0.442,0.47,0.552,0.23,0.086,0.84,0.096,0.562,,,,,,,,,,,,,,,,,,,,,,0.556,,,,,,,,,,,,,,,,,,,,,,,
S546,,,,0.0,,0.262,,0.348,0.254,,,,,,,0.406,0.41,,,,,,,,,0.036,,,0.0,,0.422,,0.378,,0.128,0.526,0.274,0.676,0.0,0.002,,,,,,,0.208,,,,,,,,,,,,,,,,,,,,,,,,,,,,,,,,,,,,,,,,,,,,,,,,,,,,,0.118,,0.496,,,0.484,,0.272,,,,0.568,,,,,,,,,0.468,0.442,,0.508,,,,,,,,,0.738,,,,,0.062,0.068,0.02,0.238,0.01,0.52,0.072,0.182,0.282,0.486,0.826,0.802,0.728,0.438,0.878,0.6,0.63,0.382,0.528,0.492,0.378,0.156,0.724,0.36,0.458,0.26,0.504,,0.162,0.23,0.112,0.0,0.502,0.0,0.146,0.246,0.11,0.612,0.0,0.444,,,,,,,,,,,,,,,,,,,,,,0.474,,,,,,,,,,,,,,,,,,,,,,,
C417,,,,0.0,,0.016,,0.436,0.116,,,,,,,0.232,0.028,,,,,,,,,0.098,,,0.002,,0.504,,0.41,,0.418,0.336,0.486,0.586,0.182,0.112,,,,,,,0.158,,,,,,,,,,,,,,,,,,,,,,,,,,,,,,,,,,,,,,,,,,,,,,,,,,,,,0.084,,0.424,,,0.334,,0.562,,,,0.612,,,,,,,,,0.472,0.538,,0.646,,,,,,,,,0.588,,,,,0.398,0.032,0.178,0.414,0.0,0.548,0.15,0.368,0.49,0.432,0.716,0.636,0.754,0.522,0.796,0.56,0.68,0.422,0.428,0.344,0.478,0.15,0.71,0.284,0.394,0.276,0.55,0.558,0.104,0.128,0.116,0.0,0.418,0.036,0.23,0.342,0.222,0.652,0.0,0.468,,,,,,,,,,,,,,,,,,,,,,0.514,,,,,,,,,,,,,,,,,,,,,,,
C583,,,,,,,,,,,,,,,,,,,,,,,,,,0.084,,,,,,,0.35,,,,,,,,,,,,,,0.248,,,,,,,,,,,,,,,,,,,,,,,,,,,,,,,,,,,,,,,,,,,,,,,,,,,,,,,,,,0.268,,,,,,,,,,,,,,,,,,,,,,,,,,,,,,,,,,,,,,,,,,,,,,,,,,,,,,,,,,,,,,,,,,,,,,,,,,,,,,,,,,,,,,,,,,,,,0.306,,,,,,,,,,,,,,,,,,,,,,,
C587,,,,,,,,,,,,,,,,,,,,,,,,,,0.223,,,,,,,0.421,,,,,,,0.172,,,,,,,0.293,,0.2,0.2,,,,,,,,,,,,,,,,,,,,,,,,,,,,,,,,,,,,,,,,,,,,,,,,,,,,,,,0.535,,,,,,,,,,,,,,,,,,,,,,,,,,,,,,,,,,,,,,,,,,,,,,,,,,,,,,,,,,,,,,,,,,,,,0.284,,,,,,,,,,,,,,,,,,,,,,,,0.569,,,,,,,,,,,,,,,0.368,,,,,,0.45,,
C588,,,,,,,,,,,,,,,,,,,,,,,,,,0.0,,,,,,,0.832,,,,,,,,,,,,,,0.226,,,,,,,,,,,,,,,,,,,,,,,,,,,,,,,,,,,,,,,,,,,,,,,,,,,,,,,,,,0.728,,,,,,,,,,,,,,,,,,,,,,,,,,,,,,,,,,,,,,,,,,,,,,,,,,,,,,,,,,,,,,,,,,,,,,,,,,,,,,,,,,,,,,,,,,,,,0.708,,,,,,,,,,,,,,,,,,,,,,,
C420,,,,0.0,0.581,0.282,,0.22,0.288,,,,,,,0.36,0.062,,,,,,,,,0.178,,,0.14,,0.568,,0.138,,,0.462,0.388,0.542,,0.066,,,,,,,0.44,0.756,0.214,0.198,,,,,,,,,,,,,,,,,,,,,,,,,,,,,,,,,,,,,,,,,,,,,,,,0.91,,0.302,,0.622,,,0.55,,0.33,,,,0.666,,,,,,,,,0.588,0.354,,0.578,,,,,,,,,0.478,,0.794,,,,,,,,,,,0.384,0.894,0.648,0.598,0.662,,0.746,0.512,0.7,0.71,0.558,0.458,0.32,,0.73,0.364,0.672,,0.602,0.764,,,,,,,,0.586,,0.302,,,,,,,,,,,,,,,,,,,,,,,,0.638,0.748,0.78,0.782,0.806,0.87,0.846,0.812,0.878,0.564,0.356,0.632,0.314,0.208,0.22,0.446,0.336,0.376,0.402,0.14,0.484,0.236,,
S547,,,,0.954,,0.0,,0.954,0.477,,,,,,,0.0,0.0,,,,,,,,,0.954,,,0.954,,0.0,,0.786,,0.424,0.164,0.954,0.0,0.0,0.0,,,,,,,0.954,,,,,,,,,,,,,,,,,,,,,,,,,,,,,,,,,,,,,,,,,,,,,,,,,,,,,0.226,,0.954,,,0.206,,0.05,,,,,,,,,,,,,0.388,0.052,,0.204,,,,,,,,,,,,,,0.05,0.954,0.87,0.0,0.0,0.48,0.0,,,0.358,0.592,0.482,0.452,0.446,0.474,0.232,0.458,0.388,0.26,0.086,0.07,0.0,0.476,0.0,0.282,0.0,,,0.0,0.0,0.0,0.0,0.0,0.0,0.0,0.53,0.01,,0.0,0.342,,,,,,,,,,,,,,,,,,,,,,0.0,,,,,,,,,,,,,,,,,,,,,,,
S614,,,,0.202,,0.754,,0.282,0.351,,,,,,,0.342,0.238,,,,,,,,,0.418,,,0.26,,0.622,,0.362,,0.0,0.842,0.854,0.622,0.0,0.0,,,,,,,0.788,,,,,,,,,,,,,,,,,,,,,,,,,,,,,,,,,,,,,,,,,,,,,,,,,,,,,0.754,,0.846,,,0.46,,0.652,,,,0.788,,,,,,,,,0.71,0.764,,0.826,,,,,,,,,0.694,,,,,0.79,0.52,0.104,0.478,0.246,0.452,0.288,0.642,0.628,0.752,0.954,0.946,0.954,0.93,0.802,0.918,0.954,0.798,0.88,0.894,0.842,0.506,0.89,0.662,0.838,0.51,0.76,0.682,0.694,0.502,0.46,0.0,0.508,0.852,0.374,0.472,0.722,0.922,0.396,0.602,,,,,,,,,,,,,,,,,,,,,,0.894,,,,,,,,,,,,,,,,,,,,,,,
C412,,,,0.0,,0.0,,0.204,0.165,,,,,,,0.0,0.262,,,,,,,,,0.0,,,0.0,,0.0,,0.936,,0.096,0.67,0.216,0.652,0.0,0.0,,,,,,,0.0,,,,,,,,,,,,,,,,,,,,,,,,,,,,,,,,,,,,,,,,,,,,,,,,,,,,,0.278,,0.678,,,0.822,,0.12,,,,0.916,,,,,,,,,0.016,0.358,,0.438,,,,,,,,,0.954,,,,,0.606,0.012,0.062,0.034,0.0,0.058,0.184,0.234,0.652,0.652,0.936,0.954,0.884,0.082,0.796,0.358,0.632,0.646,0.506,0.486,0.156,0.0,0.428,0.046,0.38,0.524,0.638,0.888,0.156,0.0,0.0,0.0,0.0,0.134,0.02,0.0,0.076,0.604,0.0,0.788,,,,,,,,,,,,,,,,,,,,,,0.588,,,,,,,,,,,,,,,,,,,,,,,
C368,,,,0.0,,0.544,,0.252,0.387,,,,,,,0.31,0.138,,,,,,,,,0.246,,,0.25,,0.68,,0.372,,0.07,0.7,0.778,0.692,0.192,0.04,,,,,,,0.508,,,,,,,,,,,,,,,,,,,,,,,,,,,,,,,,,,,,,,,,,,,,,,,,,,,,,0.382,,0.834,,,0.496,,0.28,,,,0.726,,,,,,,,,0.456,0.164,,0.686,,,,,,,,,0.856,,,,,0.534,0.614,0.348,0.784,0.0,0.898,0.456,0.592,,0.648,0.928,0.892,0.884,0.482,0.868,0.548,0.68,0.586,0.646,0.57,0.518,0.312,0.68,0.282,0.716,0.394,0.542,0.684,0.296,0.134,0.278,0.024,0.39,0.454,0.136,0.334,0.172,0.89,0.012,0.878,,,,,,,,,,,,,,,,,,,,,,0.652,,,,,,,,,,,,,,,,,,,,,,,
C371,,,,0.298,,0.482,,0.716,0.577,,,,,,,0.238,0.002,,,,,,,,,0.37,,,0.356,,0.74,,,,0.2,0.702,0.368,0.85,0.012,0.0,,,,,,,0.66,,,,,,,,,,,,,,,,,,,,,,,,,,,,,,,,,,,,,,,,,,,,,,,,,,,,,0.698,,0.866,,,0.5,,0.48,,,,0.776,,,,,,,,,0.534,0.106,,0.79,,,,,,,,,0.884,,,,,0.682,0.43,0.358,0.416,0.0,0.478,0.032,0.774,0.412,0.954,0.95,0.908,0.936,0.688,0.862,0.824,0.954,0.924,0.866,0.612,0.632,0.5,0.7,0.454,0.82,0.86,0.808,0.336,0.678,0.412,0.572,0.234,0.524,0.674,0.366,0.522,0.084,0.906,0.102,0.382,,,,,,,,,,,,,,,,,,,,,,0.588,,,,,,,,,,,,,,,,,,,,,,,
C486,,,,0.068,0.429,0.35,,0.21,0.205,,,,,,,0.514,0.18,,,,,,,0.23,,0.192,,,0.044,,0.466,,0.778,,,0.574,0.236,0.954,,,,,,,,,,0.632,0.2,0.358,0.28,,,,,,,,,,,,,,,,,,,,,,,,,,,,,,,,,,,,,,,,,,,,,,,0.876,,0.386,,0.882,,,0.812,,0.252,,,,0.862,,,,,,,,,0.604,0.184,,0.704,,,,,,,,,0.84,,0.954,,,,,,,,,,,0.666,0.9,0.734,0.518,0.652,,0.696,0.646,0.774,0.914,0.532,0.444,0.34,,0.646,0.36,0.764,,0.766,0.868,,,,,,,,0.756,,,,,,,,,,,,,,,,,,,,,,,,,,,0.854,0.774,0.598,0.652,0.83,0.796,0.778,0.89,0.544,0.444,0.884,0.508,0.148,0.31,0.68,0.484,0.324,0.562,0.366,0.778,0.808,0.844,0.772
S548,,,,,,,,,,,,,,,,,,,,,,,,,,0.604,,,,,,,0.536,,,,,,,,,,,,,,0.868,,,,,,,,,,,,,,,,,,,,,,,,,,,,,,,,,,,,,,,,,,,,,,,,,,,,,,,,,,0.904,,,,,,,,,,,,,,,,,,,,,,,,,,,,,,,,,,,,,,,,,,,,,,,,,,,,,,,,,,,,,,,,,,,,,,,,,,,,,,,,,,,,,,,,,,,,,0.936,,,,,,,,,,,,,,,,,,,,,,,
S549,,,,0.0,,0.342,,0.0,0.004,,,,,,,0.29,0.0,,,,,,,,,0.232,,,0.168,,0.464,,0.69,,0.178,0.45,0.218,0.49,0.146,0.04,,,,,,,0.37,,,,,,,,,,,,,,,,,,,,,,,,,,,,,,,,,,,,,,,,,,,,,,,,,,,,,0.446,,0.88,,,0.716,,0.084,,,,0.902,,,,,,,,,0.498,,,0.644,,,,,,,,,0.832,,,,,0.708,0.258,0.0,0.082,0.052,0.44,0.08,0.49,0.9,0.81,0.664,0.452,0.448,0.412,0.652,0.308,0.648,0.796,0.574,0.716,0.306,0.03,0.632,0.07,0.612,0.72,0.898,0.802,0.308,0.0,0.036,0.0,0.454,0.534,0.15,0.0,0.858,,0.0,0.656,,,,,,,,,,,,,,,,,,,,,,0.874,,,,,,,,,,,,,,,,,,,,,,,
S550,,,,0.0,,0.57,,0.458,0.267,,,,,,,0.558,0.356,,,,,,,,,0.438,,,0.354,,0.71,,0.362,,0.414,0.568,0.41,0.434,0.002,0.0,,,,,,,0.398,,,,,,,,,,,,,,,,,,,,,,,,,,,,,,,,,,,,,,,,,,,,,,,,,,,,,0.274,,0.596,,,0.57,,0.438,,,,0.742,,,,,,,,,0.578,0.382,,0.616,,,,,,,,,0.558,,,,,0.678,0.268,0.088,0.372,0.202,0.518,0.31,0.56,0.418,0.748,0.936,0.87,0.91,0.654,0.946,0.722,0.886,0.694,0.816,0.538,0.672,0.18,0.814,0.454,0.662,0.43,0.624,0.0,0.318,0.29,0.318,0.0,0.498,0.414,0.132,0.19,0.122,,0.014,0.372,,,,,,,,,,,,,,,,,,,,,,0.518,,,,,,,,,,,,,,,,,,,,,,,
S551,,,,0.0,,0.464,,0.408,0.431,,,,,,,0.402,0.162,,,,,,,,,0.026,,,0.29,,0.66,,0.276,,0.088,0.488,0.49,0.714,0.0,0.0,,,,,,,0.52,,,,,,,,,,,,,,,,,,,,,,,,,,,,,,,,,,,,,,,,,,,,,,,,,,,,,0.596,,0.736,,,0.416,,0.402,,,,0.786,,,,,,,,,0.622,0.638,,0.784,,,,,,,,,0.894,,,,,0.664,0.394,0.604,0.386,0.086,0.552,0.31,0.714,0.532,0.888,0.826,0.75,0.724,0.622,0.884,0.792,0.882,0.85,0.656,0.592,0.594,0.622,0.784,0.704,0.884,0.848,0.718,0.32,0.372,0.324,0.316,0.226,0.496,0.776,0.316,,0.464,0.584,0.07,0.542,,,,,,,,,,,,,,,,,,,,,,0.71,,,,,,,,,,,,,,,,,,,,,,,
S552,,,,0.026,,0.282,,0.292,0.181,,,,,,,0.312,0.0,,,,,,,,,0.224,,,0.482,,0.638,,0.292,,0.226,0.954,0.502,0.512,0.0,0.0,,,,,,,0.48,,,,,,,,,,,,,,,,,,,,,,,,,,,,,,,,,,,,,,,,,,,,,,,,,,,,,0.452,,0.732,,,0.28,,0.494,,,,0.66,,,,,,,,,0.596,0.498,,0.71,,,,,,,,,0.706,,,,,0.556,0.332,0.24,0.452,0.018,0.64,0.222,0.514,0.708,0.674,0.696,0.676,0.61,0.444,0.78,0.548,0.776,0.654,0.508,0.564,0.492,0.242,0.722,0.332,0.734,0.4,0.64,0.526,0.104,0.0,0.208,0.0,0.354,0.572,0.388,0.342,0.248,0.548,0.0,0.784,,,,,,,,,,,,,,,,,,,,,,0.644,,,,,,,,,,,,,,,,,,,,,,,
S553,,,,,,,,,,,,,,,,,,,,,,,,,,0.202,,,,,,,0.808,,,,,,,,,,,,,,0.388,,,,,,,,,,,,,,,,,,,,,,,,,,,,,,,,,,,,,,,,,,,,,,,,,,,,,,,,,,0.954,,,,,,,,,,,,,,,,,,,,,,,,,,,,,,,,,,,,,,,,,,,,,,,,,,,,,,,,,,,,,,,,,,,,,,,,,,,,,,,,,,,,,,,,,,,,,0.954,,,,,,,,,,,,,,,,,,,,,,,
S554,,,,0.146,,0.632,,0.138,0.07,,,,,,,0.332,0.414,,,,,,,,,0.042,,,0.08,,0.872,,0.544,,0.232,0.8,0.272,0.432,0.0,0.138,,,,,,,0.628,,,,,,,,,,,,,,,,,,,,,,,,,,,,,,,,,,,,,,,,,,,,,,,,,,,,,0.57,,0.952,,,0.576,,0.662,,,,0.944,,,,,,,,,0.698,0.366,,0.852,,,,,,,,,0.924,,,,,0.57,0.496,0.014,0.368,0.044,0.664,0.316,0.546,0.734,0.9,0.906,0.89,0.854,0.8,0.904,0.816,0.948,0.638,0.638,0.344,0.584,0.112,0.648,0.736,0.886,0.58,0.448,0.916,0.462,0.142,0.306,0.0,0.376,0.796,0.066,0.612,0.0,0.838,0.452,0.954,,,,,,,,,,,,,,,,,,,,,,0.822,,,,,,,,,,,,,,,,,,,,,,,
S555,,,,0.0,,0.47,,0.168,0.014,,,,,,,0.288,0.218,,,,,,,,,0.0,,,0.102,,0.0,,0.954,,0.362,0.62,0.294,0.398,0.178,0.0,,,,,,,0.41,,,,,,,,,,,,,,,,,,,,,,,,,,,,,,,,,,,,,,,,,,,,,,,,,,,,,0.606,,0.954,,,0.954,,0.332,,,,0.954,,,,,,,,,0.632,0.282,,0.514,,,,,,,,,0.938,,,,,,0.508,0.0,0.126,0.016,0.54,0.046,0.378,0.954,0.824,0.834,0.348,0.818,0.042,,0.936,0.954,0.834,0.758,0.354,0.616,0.336,0.766,0.496,0.902,,0.428,0.452,0.58,0.356,0.0,0.0,,,0.0,0.0,0.162,,0.0,0.954,,,,,,,,,,,,,,,,,,,,,,0.954,,,,,,,,,,,,,,,,,,,,,,,
C435,,,,0.072,0.079,0.214,,0.25,0.058,,,,,,,0.24,0.0,,,,,,,,,0.326,,,0.182,,0.118,,0.41,,,0.474,0.366,0.594,,0.0,,,,,,,0.402,0.504,0.246,0.0,,,,,,,,,,,,,,,,,,,,,,,,,,,,,,,,,,,,,,,,,,,,,,,,0.0,,0.272,,,,,0.512,,,,,,0.0,,,,,,,,,0.396,0.0,,0.278,,,,,,,,,0.0,,0.0,,,,,,,,,,,0.0,0.0,0.0,0.124,0.0,,0.0,0.0,0.0,0.0,0.0,0.196,0.17,,0.402,0.03,0.158,,0.224,0.0,,,,,,,,0.0,,0.22,,,,,,,,,,,,,,,,,,,,,,,,0.512,0.766,,0.494,,0.552,0.716,0.554,0.558,0.0,0.26,,0.276,0.138,0.066,0.378,0.492,0.294,0.402,0.124,0.234,0.19,,
C462,,,,0.0,0.485,0.526,,0.392,0.359,,,,,,,0.528,0.186,,,,,,,0.414,,0.31,,,0.17,,0.578,,0.524,,,0.572,0.326,0.532,,,,,,,,,,0.718,0.194,0.28,0.152,,,,,,,,,,,,,,,,,,,,,,,,,,,,,,,,,,,,,,,,,,,,,,,0.74,,0.532,,0.744,,,0.594,,0.368,,,,0.71,,,,,,,,,0.596,0.328,,0.616,,,,,,,,,0.614,,0.792,,,,,,,,,,,0.484,0.774,0.596,0.422,0.594,,0.68,0.468,0.586,0.838,0.642,0.558,0.632,,0.754,0.52,0.666,,0.732,0.766,,,,,,,,0.508,,,,,,,,,,,,,,,,,,,,,,,,,,,0.824,0.824,0.746,0.608,0.85,0.842,0.77,0.864,0.446,0.426,0.652,0.492,0.298,0.154,0.554,0.316,0.388,0.586,0.206,0.562,0.444,0.604,0.508
C473,,,,0.0,0.326,0.254,,0.18,0.296,,,,,,,0.27,0.214,,,,,,,0.392,,0.176,,,0.022,,0.724,,0.44,,,0.726,0.64,0.766,,,,,,,,,,0.562,0.158,0.138,0.396,,,,,,,,,,,,,,,,,,,,,,,,,,,,,,,,,,,,,,,,,,,,,,,0.734,,0.324,,0.544,,,0.494,,0.29,,,,0.622,,,,,,,,,0.402,0.444,,0.796,,,,,,,,,0.578,,0.9,,,,,,,,,,,0.356,0.858,0.816,0.692,0.748,,0.58,0.688,0.858,0.816,0.746,0.536,0.546,,0.728,0.554,0.83,,0.672,0.842,,,,,,,,0.41,,,,,,,,,,,,,,,,,,,,,,,,,,,0.82,0.696,0.588,0.506,0.716,0.706,0.716,0.896,0.544,0.456,0.728,0.472,0.158,0.176,0.476,0.124,0.286,0.45,0.278,0.754,0.508,0.54,0.37
S556,,,,0.0,,0.592,,0.364,0.129,,,,,,,0.406,0.032,,,,,,,,,0.286,,,0.376,,0.948,,0.0,,0.196,0.54,0.322,0.754,0.0,0.0,,,,,,,0.626,,,,,,,,,,,,,,,,,,,,,,,,,,,,,,,,,,,,,,,,,,,,,,,,,,,,,0.492,,0.672,,,0.294,,0.292,,,,0.504,,,,,,,,,0.0,,,0.954,,,,,,,,,0.712,,,,,0.714,0.586,,0.67,0.108,0.65,0.202,0.954,0.0,0.804,0.954,0.672,0.94,0.82,0.948,0.83,0.954,0.828,0.82,0.524,0.586,0.56,0.586,0.496,0.954,0.748,0.772,0.246,0.574,0.0,0.646,0.0,0.23,0.954,0.554,0.47,0.302,0.954,0.07,0.26,,,,,,,,,,,,,,,,,,,,,,0.73,,,,,,,,,,,,,,,,,,,,,,,
S557,,,,,,,,,,,,,,,,,,,,,,,,,,0.09,,,,,,,0.954,,,,,,,,,,,,,,0.302,,,,,,,,,,,,,,,,,,,,,,,,,,,,,,,,,,,,,,,,,,,,,,,,,,,,,,,,,,0.912,,,,,,,,,,,,,,,,,,,,,,,,,,,,,,,,,,,,,,,,,,,,,,,,,,,,,,,,,,,,,,,,,,,,,,,,,,,,,,,,,,,,,,,,,,,,,0.954,,,,,,,,,,,,,,,,,,,,,,,
S558,,,,,,,,,,,,,,,,,,,,,,,,,,0.454,,,,,,,0.92,,,,,,,,,,,,,,0.58,,,,,,,,,,,,,,,,,,,,,,,,,,,,,,,,,,,,,,,,,,,,,,,,,,,,,,,,,,0.954,,,,,,,,,,,,,,,,,,,,,,,,,,,,,,,,,,,,,,,,,,,,,,,,,,,,,,,,,,,,,,,,,,,,,,,,,,,,,,,,,,,,,,,,,,,,,0.916,,,,,,,,,,,,,,,,,,,,,,,
C380,,,,0.404,,0.402,,0.36,0.049,,,,,,,0.328,0.0,,,,,,,,,0.29,,,0.314,,0.458,,0.916,,0.42,0.454,0.0,0.078,0.136,0.084,,,,,,,0.602,,,,,,,,,,,,,,,,,,,,,,,,,,,,,,,,,,,,,,,,,,,,,,,,,,,,,0.396,,0.564,,,0.58,,0.368,,,,0.658,,,,,,,,,0.476,0.024,,0.33,,,,,,,,,,,,,,0.49,,0.0,0.026,0.024,0.404,0.03,0.052,0.524,0.4,0.584,0.664,0.0,0.0,0.4,0.0,0.278,0.554,0.494,0.0,0.226,0.0,0.494,0.0,0.302,0.478,0.482,0.828,0.0,0.0,0.022,0.0,0.3,0.22,0.0,0.5,0.076,0.6,0.0,0.568,,,,,,,,,,,,,,,,,,,,,,0.642,,,,,,,,,,,,,,,,,,,,,,,
C581,,,,,,,,,,,,,,,,,,,,,,,,,,0.346,,,,,,,0.862,,,,,,,,,,,,,,0.356,,,,,,,,,,,,,,,,,,,,,,,,,,,,,,,,,,,,,,,,,,,,,,,,,,,,,,,,,,0.71,,,,,,,,,,,,,,,,,,,,,,,,,,,,,,,,,,,,,,,,,,,,,,,,,,,,,,,,,,,,,,,,,,,,,,,,,,,,,,,,,,,,,,,,,,,,,0.752,,,,,,,,,,,,,,,,,,,,,,,
C589,,,,,,,,,,,,,,,,,,,,,,,,0.104,,0.05,,,,,,,0.786,,,,,,,0.0,,,,,,,,,0.238,0.0,0.104,,,,,,,,,,,,,,,,,,,,,,,,,,,,,,,,,,,,,,,,,,,,,,,,,,,,,,0.75,,,,,,,,,,,,,,,,,,,,,,,,,,,,,,,,,,,,,,,,,,,,,,,,,,,,,,,,,,,,,,,,,,,,,0.774,,,,,,,,,,,,,,,,,,,,,,,,,,,,,,,,,,,,,,,0.796,,,,,,0.746,0.944,0.954
S559,,,,0.114,,0.486,,0.478,0.375,,,,,,,0.432,0.278,,,,,,,,,0.0,,,0.0,,0.774,,0.574,,0.43,0.806,0.524,0.23,0.102,0.0,,,,,,,0.542,,,,,,,,,,,,,,,,,,,,,,,,,,,,,,,,,,,,,,,,,,,,,,,,,,,,,0.686,,0.468,,,0.528,,0.292,,,,0.89,,,,,,,,,0.244,0.102,,0.186,,,,,,,,,0.0,,,,,0.464,0.524,0.0,0.702,0.0,0.43,0.592,0.86,0.95,0.0,0.61,0.63,0.88,0.0,0.43,0.416,0.942,0.158,0.14,0.082,0.272,0.522,0.2,0.292,0.104,0.38,0.17,0.184,0.0,0.226,0.0,0.45,0.102,0.138,0.066,0.0,0.04,0.468,0.194,0.818,,,,,,,,,,,,,,,,,,,,,,0.76,,,,,,,,,,,,,,,,,,,,,,,
S560,,,,,,,,,,,,,,,,,,,,,,,,,,0.308,,,,,,,0.954,,,,,,,,,,,,,,0.504,,,,,,,,,,,,,,,,,,,,,,,,,,,,,,,,,,,,,,,,,,,,,,,,,,,,,,,,,,0.954,,,,,,,,,,,,,,,,,,,,,,,,,,,,,,,,,,,,,,,,,,,,,,,,,,,,,,,,,,,,,,,,,,,,,,,,,,,,,,,,,,,,,,,,,,,,,0.954,,,,,,,,,,,,,,,,,,,,,,,
C383,,,,0.0,,0.356,,0.214,0.178,,,,,,,0.348,0.12,,,,,,,,,0.208,,,0.0,,0.862,,0.326,,0.092,0.554,0.432,0.678,0.052,0.0,,,,,,,0.518,,,,,,,,,,,,,,,,,,,,,,,,,,,,,,,,,,,,,,,,,,,,,,,,,,,,,0.0,,0.336,,,0.182,,0.48,,,,0.568,,,,,,,,,0.61,0.682,,0.928,,,,,,,,,0.946,,,,,0.716,0.2,0.352,0.216,0.016,0.268,0.422,0.658,0.674,0.72,0.706,0.818,0.834,0.748,0.834,0.6,0.914,0.632,0.682,0.464,0.328,0.276,0.63,0.232,0.878,0.592,0.752,0.896,0.096,0.254,0.396,0.0,0.23,0.816,0.0,0.84,0.114,0.924,0.0,0.608,,,,,,,,,,,,,,,,,,,,,,0.484,,,,,,,,,,,,,,,,,,,,,,,
S561,,,,0.16,,0.58,,0.0,0.0,,,,,,,0.038,0.036,,,,,,,,,0.124,,,0.1,,0.166,,0.858,,0.252,0.642,0.0,0.08,0.336,0.0,,,,,,,0.546,,,,,,,,,,,,,,,,,,,,,,,,,,,,,,,,,,,,,,,,,,,,,,,,,,,,,0.152,,0.954,,,0.954,,0.376,,,,,,,,,,,,,0.65,0.388,,0.58,,,,,,,,,0.954,,,,,0.858,0.496,0.0,0.0,0.0,0.0,0.0,0.0,0.954,0.788,0.954,0.954,,0.506,0.768,0.102,0.0,0.652,0.846,0.702,0.19,0.452,0.634,0.022,0.404,0.534,0.718,0.954,,0.642,0.0,0.0,0.0,0.0,0.0,0.392,0.494,0.954,0.0,,,,,,,,,,,,,,,,,,,,,,,0.924,,,,,,,,,,,,,,,,,,,,,,,
S562,,,,0.0,,,,,,,,,,,,,0.0,,,,,,,,,0.0,,,0.028,,,,0.53,,0.228,0.798,0.534,,0.0,0.0,,,,,,,0.45,,,,,,,,,,,,,,,,,,,,,,,,,,,,,,,,,,,,,,,,,,,,,,,,,,,,,,,,,,0.494,,,,,,,,,,,,,,,,0.736,,,,,,,,,,,0.836,,,,,,,,,0.192,,0.41,,0.792,,,,,0.0,,0.588,,,,,,0.414,,0.49,,,,,,,,0.0,,,,,0.09,0.83,0.0,,,,,,,,,,,,,,,,,,,,,,,0.662,,,,,,,,,,,,,,,,,,,,,,,
C386,,,,0.086,,0.306,,0.374,0.198,,,,,,,0.444,0.014,,,,,,,,,0.182,,,0.334,,0.896,,0.526,,0.066,0.646,0.226,0.686,0.0,0.0,,,,,,,0.398,,,,,,,,,,,,,,,,,,,,,,,,,,,,,,,,,,,,,,,,,,,,,,,,,,,,,0.016,,0.322,,,0.3,,0.398,,,,0.618,,,,,,,,,0.584,0.37,,0.842,,,,,,,,,0.63,,,,,0.466,0.0,0.608,0.324,0.034,0.538,0.394,0.358,0.318,0.794,0.756,0.84,0.61,0.828,0.72,0.6,0.882,0.796,0.24,0.414,0.122,0.706,0.38,0.338,0.66,0.526,0.502,0.592,0.0,0.0,0.0,,0.304,0.716,0.584,0.212,0.15,0.9,0.018,0.788,,,,,,,,,,,,,,,,,,,,,,0.44,,,,,,,,,,,,,,,,,,,,,,,
C388,,,,,,0.496,,0.44,0.36,,,,,,,0.5,0.234,,,,,,,,,0.0,,,0.036,,0.54,,0.468,,0.082,0.586,0.39,0.588,0.0,0.022,,,,,,,0.21,,,,,,,,,,,,,,,,,,,,,,,,,,,,,,,,,,,,,,,,,,,,,,,,,,,,,0.032,,0.946,,,0.478,,,,,,0.892,,,,,,,,,0.544,0.092,,0.618,,,,,,,,,0.882,,,,,0.628,0.884,0.55,0.954,0.076,0.874,,0.954,0.0,0.804,0.79,0.0,0.56,0.922,0.392,0.488,0.492,0.634,0.328,0.468,0.396,0.932,0.398,0.352,0.492,0.704,0.514,0.0,0.0,,0.07,0.762,0.326,,0.23,,0.0,0.616,0.0,0.592,,,,,,,,,,,,,,,,,,,,,,0.606,,,,,,,,,,,,,,,,,,,,,,,
C391,,,,0.128,,0.292,,0.238,0.256,,,,,,,0.456,0.0,,,,,,,,,0.086,,,0.13,,0.954,,0.626,,0.1,0.676,0.32,0.558,0.142,0.28,,,,,,,0.26,,,,,,,,,,,,,,,,,,,,,,,,,,,,,,,,,,,,,,,,,,,,,,,,,,,,,0.0,,0.222,,,0.596,,0.058,,,,0.53,,,,,,,,,0.0,0.0,,,,,,,,,,,,,,,,0.954,0.01,0.954,0.234,,0.728,0.452,0.892,0.086,0.766,0.888,0.892,0.568,0.954,0.728,0.82,0.792,0.954,0.266,0.078,0.728,0.954,,0.0,0.954,0.954,0.562,0.23,0.0,,0.0,0.954,,0.954,0.954,0.954,0.142,,0.0,0.376,,,,,,,,,,,,,,,,,,,,,,0.67,,,,,,,,,,,,,,,,,,,,,,,
C392,,,,0.0,,0.438,,0.398,0.304,,,,,,,0.556,0.006,,,,,,,,,,,,0.03,,0.954,,0.62,,0.768,0.69,0.672,0.698,0.07,0.044,,,,,,,0.524,,,,,,,,,,,,,,,,,,,,,,,,,,,,,,,,,,,,,,,,,,,,,,,,,,,,,0.274,,0.762,,,0.658,,0.274,,,,0.954,,,,,,,,,0.704,0.064,,0.954,,,,,,,,,0.954,,,,,0.768,0.744,0.0,0.91,0.072,0.884,0.084,0.954,0.75,0.758,0.908,0.954,0.706,0.9,0.856,0.668,0.954,0.858,0.792,,0.562,0.596,0.806,0.93,0.954,0.938,0.69,0.908,0.442,0.36,0.306,,0.39,0.954,0.204,0.518,0.0,0.954,0.234,0.836,,,,,,,,,,,,,,,,,,,,,,0.684,,,,,,,,,,,,,,,,,,,,,,,
S563,,,,0.006,,0.796,,0.404,0.344,,,,,,,0.432,0.19,,,,,,,,,0.326,,,0.0,,0.854,,0.25,,0.198,0.622,0.232,0.542,0.0,0.0,,,,,,,0.618,,,,,,,,,,,,,,,,,,,,,,,,,,,,,,,,,,,,,,,,,,,,,,,,,,,,,0.474,,0.646,,,0.362,,0.196,,,,0.536,,,,,,,,,0.628,0.51,,0.804,,,,,,,,,0.726,,,,,0.836,0.38,0.558,0.444,0.0,0.546,0.42,0.682,0.426,0.926,0.888,0.954,0.686,0.63,0.866,0.68,0.928,0.69,0.85,0.768,0.432,0.468,0.684,0.384,0.762,0.52,0.71,0.452,0.598,0.32,0.264,0.0,0.522,0.754,0.738,0.246,0.114,0.946,0.142,0.554,,,,,,,,,,,,,,,,,,,,,,0.772,,,,,,,,,,,,,,,,,,,,,,,
S564,,,,0.364,,,,0.698,0.153,,,,,,,0.748,0.354,,,,,,,,,,,,0.0,,0.582,,0.762,,0.418,0.892,0.522,0.234,0.384,0.574,,,,,,,0.376,,,,,,,,,,,,,,,,,,,,,,,,,,,,,,,,,,,,,,,,,,,,,,,,,,,,,0.312,,0.662,,,,,0.588,,,,0.944,,,,,,,,,0.81,0.7,,,,,,,,,,,0.728,,,,,0.788,0.516,0.276,0.52,0.176,0.812,0.294,,,,0.708,0.914,0.594,0.0,,0.602,,0.826,0.664,0.954,0.618,0.414,,0.53,0.746,0.714,0.844,,0.716,,0.546,0.296,0.844,0.77,0.32,0.296,0.758,0.862,0.0,,,,,,,,,,,,,,,,,,,,,,,0.878,,,,,,,,,,,,,,,,,,,,,,,
S565,,,,0.0,,0.194,,0.044,0.184,,,,,,,0.242,0.006,,,,,,,,,0.048,,,0.014,,0.942,,0.678,,0.086,0.498,0.292,0.722,0.0,0.0,,,,,,,0.0,,,,,,,,,,,,,,,,,,,,,,,,,,,,,,,,,,,,,,,,,,,,,,,,,,,,,0.014,,0.0,,,0.042,,0.194,,,,0.294,,,,,,,,,0.32,0.054,,0.954,,,,,,,,,0.662,,,,,0.572,0.002,0.0,0.336,0.06,0.374,0.176,0.932,0.002,0.732,0.714,0.636,0.59,0.56,0.686,0.568,0.954,0.768,0.734,0.632,0.524,0.44,0.804,0.518,0.954,0.606,0.592,0.084,0.0,0.0,0.076,0.0,0.24,0.954,0.066,0.014,0.066,0.954,0.0,0.112,,,,,,,,,,,,,,,,,,,,,,0.0,,,,,,,,,,,,,,,,,,,,,,,
S566,,,,,,0.368,,0.45,0.006,,,,,,,0.642,0.034,,,,,,,,,,,,,,0.562,,,,0.034,0.148,0.152,0.572,0.0,0.156,,,,,,,,,,,,,,,,,,,,,,,,,,,,,,,,,,,,,,,,,,,,,,,,,,,,,,,,,,,,,,,,,,,,,,,,,,,,,,,,,,,,,,,,,,,,,,,,,0.784,0.028,0.0,0.268,0.068,0.648,0.28,0.454,,0.896,0.798,0.718,0.56,0.494,0.938,0.518,0.748,0.79,0.698,0.65,0.258,0.37,0.868,0.418,0.664,0.684,,,0.554,0.58,0.066,0.146,0.6,0.592,,,,,0.032,0.866,,,,,,,,,,,,,,,,,,,,,,,,,,,,,,,,,,,,,,,,,,,,,
C394,,,,0.008,,0.38,,0.0,0.091,,,,,,,0.306,0.034,,,,,,,,,0.21,,,0.118,,0.574,,0.58,,0.076,0.406,0.098,0.644,0.0,0.0,,,,,,,0.294,,,,,,,,,,,,,,,,,,,,,,,,,,,,,,,,,,,,,,,,,,,,,,,,,,,,,0.226,,0.56,,,0.636,,0.306,,,,0.75,,,,,,,,,0.442,0.236,,0.602,,,,,,,,,0.868,,,,,0.532,0.044,0.164,0.3,0.05,0.472,0.358,0.594,0.6,0.604,0.684,0.632,0.588,0.396,0.644,0.456,0.66,0.6,0.522,0.532,0.38,0.184,0.656,0.26,0.534,0.36,0.508,0.498,0.116,0.36,0.074,0.0,0.42,0.574,0.196,0.434,0.004,0.494,0.02,0.624,,,,,,,,,,,,,,,,,,,,,,0.71,,,,,,,,,,,,,,,,,,,,,,,
C582,,,,,,,,,,,,,,,,,,,,,,,,,,0.046,,,,,,,0.826,,,,,,,,,,,,,,0.238,,,,,,,,,,,,,,,,,,,,,,,,,,,,,,,,,,,,,,,,,,,,,,,,,,,,,,,,,,0.776,,,,,,,,,,,,,,,,,,,,,,,,,,,,,,,,,,,,,,,,,,,,,,,,,,,,,,,,,,,,,,,,,,,,,,,,,,,,,,,,,,,,,,,,,,,,,0.884,,,,,,,,,,,,,,,,,,,,,,,
C398,,,,,,,,,,,,,,,,,,,,,,,,,,0.072,,,,,,,0.776,,,,,,,,,,,,,,0.16,,,,,,,,,,,,,,,,,,,,,,,,,,,,,,,,,,,,,,,,,,,,,,,,,,,,,,,,,,0.728,,,,,,,,,,,,,,,,,,,,,,,,,,,,,,,,,,,,,,,,,,,,,,,,,,,,,,,,,,,,,,,,,,,,,,,,,,,,,,,,,,,,,,,,,,,,,0.704,,,,,,,,,,,,,,,,,,,,,,,
C400,,,,0.01,,0.174,,0.146,0.093,,,,,,,0.54,0.176,,,,,,,,,0.14,,,0.104,,0.466,,0.606,,0.082,0.23,0.122,0.73,0.0,0.0,,,,,,,0.272,,,,,,,,,,,,,,,,,,,,,,,,,,,,,,,,,,,,,,,,,,,,,,,,,,,,,0.414,,0.828,,,0.762,,0.188,,,,0.812,,,,,,,,,0.486,0.182,,0.488,,,,,,,,,0.85,,,,,0.674,0.184,0.172,0.31,0.0,0.476,0.216,0.392,0.736,0.608,0.422,0.31,0.312,0.018,0.634,0.358,0.628,0.614,0.428,0.394,0.296,0.04,0.686,0.33,0.62,0.542,0.586,0.598,0.054,0.064,0.212,0.0,0.488,0.476,0.324,0.608,0.022,0.322,0.048,0.688,,,,,,,,,,,,,,,,,,,,,,0.87,,,,,,,,,,,,,,,,,,,,,,,
S568,,,,0.0,,0.668,,0.452,0.351,,,,,,,0.336,0.452,,,,,,,,,0.212,,,0.368,,0.888,,0.126,,0.308,0.588,0.618,0.492,0.0,0.0,,,,,,,0.566,,,,,,,,,,,,,,,,,,,,,,,,,,,,,,,,,,,,,,,,,,,,,,,,,,,,,0.574,,0.628,,,0.21,,0.0,,,,0.414,,,,,,,,,0.274,0.106,,0.856,,,,,,,,,0.354,,,,,0.354,0.568,,0.346,0.0,0.424,0.2,0.786,0.218,0.626,0.846,0.682,0.72,0.562,0.69,0.762,0.934,0.502,0.908,0.658,0.528,0.46,0.59,0.546,0.92,0.242,0.292,0.322,0.458,0.178,0.22,,0.0,0.836,0.434,0.292,0.0,0.902,0.0,0.3,,,,,,,,,,,,,,,,,,,,,,0.576,,,,,,,,,,,,,,,,,,,,,,,
S569,,,,,,0.318,,0.294,0.288,,,,,,,0.354,0.388,,,,,,,,,0.708,,,0.042,,0.856,,0.0,,0.076,0.744,0.28,0.798,0.068,0.0,,,,,,,0.226,,,,,,,,,,,,,,,,,,,,,,,,,,,,,,,,,,,,,,,,,,,,,,,,,,,,,0.192,,0.296,,,0.012,,0.158,,,,0.422,,,,,,,,,0.368,0.318,,0.836,,,,,,,,,0.624,,,,,0.84,0.316,0.548,0.704,0.354,0.682,0.786,0.842,0.17,0.916,0.754,0.808,0.792,0.906,0.814,0.76,0.934,0.692,0.848,0.724,0.612,0.488,0.686,0.408,0.902,0.642,0.604,0.512,0.66,0.534,0.666,0.0,0.712,0.852,0.202,0.204,0.0,0.92,0.0,0.39,,,,,,,,,,,,,,,,,,,,,,0.298,,,,,,,,,,,,,,,,,,,,,,,
S570,,,,0.0,,0.16,,0.0,0.042,,,,,,,0.0,0.692,,,,,,,,,0.128,,,0.076,,0.658,,0.526,,0.078,0.614,0.264,0.376,0.0,0.0,,,,,,,0.232,,,,,,,,,,,,,,,,,,,,,,,,,,,,,,,,,,,,,,,,,,,,,,,,,,,,,0.244,,0.722,,,0.482,,0.15,,,,0.61,,,,,,,,,0.074,0.722,,0.662,,,,,,,,,0.332,,,,,0.06,0.11,0.0,0.07,0.024,0.066,0.632,0.588,0.254,0.66,0.762,0.716,0.646,0.618,0.678,0.81,0.84,0.204,0.412,0.318,0.328,0.24,0.502,0.696,0.736,0.126,0.092,0.286,0.142,0.0,0.114,0.0,0.018,0.67,0.126,0.428,0.0,0.63,0.662,0.898,,,,,,,,,,,,,,,,,,,,,,0.79,,,,,,,,,,,,,,,,,,,,,,,
C402,,,,0.0,,0.412,,0.512,,,,,,,,0.73,,,,,,,,,,0.128,,,0.194,,0.436,,0.954,,0.144,,0.084,0.322,0.228,0.0,,,,,,,0.424,,,,,,,,,,,,,,,,,,,,,,,,,,,,,,,,,,,,,,,,,,,,,,,,,,,,,0.152,,0.486,,,0.954,,,,,,,,,,,,,,,0.588,,,0.312,,,,,,,,,,,,,,0.082,0.0,0.0,,0.0,0.472,,0.0,,,,,,,,,,0.49,0.544,0.762,,0.196,0.846,,0.688,0.272,0.422,0.954,0.164,0.506,,0.0,0.648,0.0,0.178,0.302,0.28,0.954,,0.582,,,,,,,,,,,,,,,,,,,,,,0.954,,,,,,,,,,,,,,,,,,,,,,,
C452,,,,0.094,0.608,0.334,,0.224,0.321,,,,,,,0.478,0.148,,,,,,,0.172,,0.208,,,0.142,,0.574,,0.5,,,0.514,0.336,0.55,,0.0,,,,,,,,0.902,0.258,0.0,0.17,,,,,,,,,,,,,,,,,,,,,,,,,,,,,,,,,,,,,,,,,,,,,,,0.826,,0.458,,0.802,,,0.598,,0.336,,,,0.664,,,,,,,,,0.516,0.142,,0.618,,,,,,,,,0.544,,0.792,,,,,,,,,,,0.0,0.644,0.624,0.344,0.676,,0.75,0.582,0.782,0.688,0.54,0.378,0.558,,0.754,0.448,0.728,,0.536,0.676,,,,,,,,0.528,,0.3,,,,,,,,,,,,,,,,,,,,,,,,,0.922,0.942,0.92,0.792,0.9,0.896,0.864,0.934,0.508,0.422,0.256,0.096,0.358,0.184,0.662,0.056,0.202,0.42,0.002,0.574,0.416,0.642,0.466
C401,,,,0.034,,0.014,,0.062,0.269,,,,,,,0.7,0.23,,,,,,,,,0.254,,,0.284,,0.22,,0.954,,0.272,0.34,,0.86,0.0,0.126,,,,,,,0.18,,,,,,,,,,,,,,,,,,,,,,,,,,,,,,,,,,,,,,,,,,,,,,,,,,,,,0.252,,0.954,,,0.954,,0.444,,,,0.878,,,,,,,,,0.67,0.382,,0.486,,,,,,,,,0.882,,,,,0.25,0.0,0.0,0.492,0.0,0.746,0.292,0.444,0.954,0.592,0.888,0.866,0.842,0.412,0.954,0.53,0.884,0.65,0.478,0.592,0.368,0.258,0.794,0.362,0.664,0.546,0.606,0.954,0.1,0.016,0.056,0.0,0.548,0.0,0.262,0.954,0.19,0.85,0.012,0.954,,,,,,,,,,,,,,,,,,,,,,0.954,,,,,,,,,,,,,,,,,,,,,,,
S571,,,,0.19,,0.532,,0.168,,,,,,,,0.63,,,,,,,,,,0.456,,,0.372,,0.424,,0.954,,0.322,,0.22,0.522,0.318,0.252,,,,,,,0.506,,,,,,,,,,,,,,,,,,,,,,,,,,,,,,,,,,,,,,,,,,,,,,,,,,,,,0.304,,0.916,,,0.954,,,,,,,,,,,,,,,0.422,,,0.324,,,,,,,,,,,,,,0.508,0.05,0.0,,0.0,0.564,,0.0,,,,,,,,,,0.544,0.786,0.682,,0.0,0.886,,0.73,0.0,0.638,0.524,0.184,0.114,,0.0,0.34,0.236,0.076,0.0,0.456,0.858,,,,,,,,,,,,,,,,,,,,,,,,0.954,,,,,,,,,,,,,,,,,,,,,,,
S616,,,,0.21,,0.162,,0.162,0.085,,,,,,,,0.0,,,,,,,,,0.352,,,0.38,,0.0,,0.816,,0.258,0.854,0.188,0.72,0.0,0.0,,,,,,,0.278,,,,,,,,,,,,,,,,,,,,,,,,,,,,,,,,,,,,,,,,,,,,,,,,,,,,,0.246,,0.84,,,0.954,,0.268,,,,0.836,,,,,,,,,0.326,0.156,,0.116,,,,,,,,,0.728,,,,,0.24,0.0,0.0,0.126,0.008,0.314,0.0,0.004,0.916,0.47,0.63,0.844,0.45,0.642,0.644,0.434,0.588,0.4,0.348,0.498,0.122,0.138,0.446,0.232,0.324,0.196,0.368,0.954,0.002,0.0,0.0,0.0,0.144,0.118,0.056,0.602,0.0,0.6,0.0,0.884,,,,,,,,,,,,,,,,,,,,,,0.954,,,,,,,,,,,,,,,,,,,,,,,
C405,,,,0.0,,0.32,,0.244,0.233,,,,,,,0.372,0.006,,,,,,,,,0.0,,,0.022,,0.936,,0.0,,0.136,0.608,0.632,0.728,0.0,0.018,,,,,,,0.436,,,,,,,,,,,,,,,,,,,,,,,,,,,,,,,,,,,,,,,,,,,,,,,,,,,,,0.0,,0.19,,,0.0,,0.264,,,,0.49,,,,,,,,,0.384,0.0,,0.954,,,,,,,,,0.476,,,,,0.444,0.0,0.33,0.352,0.39,0.41,0.532,0.892,0.352,0.708,0.954,0.948,0.73,0.728,0.81,0.88,0.954,0.704,0.876,0.816,0.57,0.786,0.818,0.682,0.954,0.324,0.304,0.572,0.0,0.518,0.474,0.0,0.516,0.92,0.0,0.0,0.082,0.954,0.0,0.35,,,,,,,,,,,,,,,,,,,,,,0.47,,,,,,,,,,,,,,,,,,,,,,,
S572,,,,0.0,,0.52,,0.796,0.308,,,,,,,0.284,0.006,,,,,,,,,0.212,,,0.036,,0.736,,0.382,,0.554,0.448,0.676,0.776,0.0,0.0,,,,,,,0.566,,,,,,,,,,,,,,,,,,,,,,,,,,,,,,,,,,,,,,,,,,,,,,,,,,,,,0.588,,0.654,,,0.232,,0.212,,,,0.668,,,,,,,,,0.504,0.598,,0.722,,,,,,,,,0.878,,,,,0.354,0.56,0.486,0.408,0.002,0.548,0.426,0.7,0.332,0.672,0.894,0.954,0.868,0.68,0.948,0.754,0.922,0.604,0.742,0.808,0.664,0.488,0.856,0.408,0.77,0.462,0.606,0.884,0.43,0.316,0.338,0.0,0.49,0.69,0.708,0.62,0.366,0.852,0.052,0.608,,,,,,,,,,,,,,,,,,,,,,0.546,,,,,,,,,,,,,,,,,,,,,,,
C407,,,,0.154,,0.552,,0.508,0.397,,,,,,,0.376,0.006,,,,,,,,,0.448,,,0.344,,0.802,,,,0.282,0.55,0.43,0.758,0.066,0.0,,,,,,,0.61,,,,,,,,,,,,,,,,,,,,,,,,,,,,,,,,,,,,,,,,,,,,,,,,,,,,,0.226,,0.734,,,0.38,,,,,,0.892,,,,,,,,,0.19,,,0.954,,,,,,,,,0.85,,,,,0.398,0.82,0.712,0.75,0.076,0.902,0.702,0.954,0.25,0.704,0.954,0.898,0.69,0.664,0.944,0.468,0.662,0.462,0.564,0.372,0.208,0.188,0.356,0.06,0.364,0.45,0.394,,0.78,0.528,0.23,0.0,0.316,,0.414,0.422,0.012,0.854,0.0,0.696,,,,,,,,,,,,,,,,,,,,,,0.638,,,,,,,,,,,,,,,,,,,,,,,
S573,,,,0.206,,0.0,,0.0,0.485,,,,,,,0.0,0.0,,,,,,,,,0.58,,,0.154,,0.072,,0.954,,0.198,0.444,0.138,0.0,0.0,0.0,,,,,,,0.332,,,,,,,,,,,,,,,,,,,,,,,,,,,,,,,,,,,,,,,,,,,,,,,,,,,,,0.13,,0.954,,,0.954,,0.068,,,,0.954,,,,,,,,,0.272,0.108,,0.206,,,,,,,,,0.954,,,,,0.094,0.028,0.034,0.048,0.054,0.216,0.048,0.132,0.954,0.302,0.594,0.538,0.346,0.658,0.638,0.42,0.494,0.37,0.266,0.206,0.054,0.4,0.414,0.028,0.192,0.36,0.4,0.954,0.0,0.166,0.0,0.266,0.322,0.0,0.058,0.72,0.04,0.908,0.0,0.94,,,,,,,,,,,,,,,,,,,,,,0.954,,,,,,,,,,,,,,,,,,,,,,,
C451,,,,0.0,0.153,0.0,,0.002,0.059,,,,,,,0.274,0.416,,,,,,,0.0,,0.0,,,0.04,,0.026,,0.272,,,0.626,0.47,0.516,,0.0,,,,,,,,0.596,0.176,0.032,0.034,,,,,,,,,,,,,,,,,,,,,,,,,,,,,,,,,,,,,,,,,,,,,,,0.266,,0.14,,0.326,,,0.384,,0.028,,,,0.264,,,,,,,,,0.298,0.186,,0.072,,,,,,,,,0.372,,0.306,,,,,,,,,,,0.088,0.456,0.568,0.514,0.528,,0.54,0.554,0.53,0.406,0.382,0.384,0.386,,0.696,0.51,0.476,,0.144,0.24,,,,,,,,0.294,,0.044,,,,,,,,,,,,,,,,,,,,,,,,,0.534,0.618,0.592,0.512,0.508,0.704,0.61,0.52,0.47,0.478,0.112,0.12,0.202,0.246,0.322,0.146,0.06,0.36,0.278,0.228,0.37,0.348,0.278
C413,,,,,,0.75,,0.79,0.678,,,,,,,0.45,0.568,,,,,,,,,0.954,,,,,0.954,,0.954,,0.892,0.818,0.726,0.954,0.076,0.0,,,,,,,0.954,,,,,,,,,,,,,,,,,,,,,,,,,,,,,,,,,,,,,,,,,,,,,,,,,,,,,0.568,,0.54,,,0.954,,,,,,0.776,,,,,,,,,0.674,,,0.954,,,,,,,,,0.78,,,,,0.854,0.562,0.558,0.434,0.1,0.892,0.26,0.954,0.728,0.788,0.852,0.932,0.934,0.954,0.856,0.954,0.954,0.874,0.892,0.71,0.954,0.854,0.884,0.794,0.954,0.892,0.892,0.482,,0.128,0.692,0.892,0.646,0.954,0.946,0.426,0.67,0.954,0.892,0.632,,,,,,,,,,,,,,,,,,,,,,0.914,,,,,,,,,,,,,,,,,,,,,,,
S575,,,,0.05,,0.676,,0.774,0.456,,,,,,,0.324,0.0,,,,,,,,,0.122,,,0.0,,0.728,,0.532,,0.25,0.39,0.178,0.712,0.0,0.0,,,,,,,0.152,,,,,,,,,,,,,,,,,,,,,,,,,,,,,,,,,,,,,,,,,,,,,,,,,,,,,0.052,,0.382,,,0.404,,0.134,,,,0.548,,,,,,,,,0.3,0.214,,0.164,,,,,,,,,0.632,,,,,0.562,0.0,0.0,0.144,0.016,0.272,0.074,0.102,0.412,0.482,0.436,0.53,0.454,0.438,0.604,0.164,0.278,0.434,0.244,0.432,0.258,0.354,0.566,0.042,0.256,0.278,0.544,0.55,0.0,0.0,0.0,0.0,0.224,0.0,0.014,0.03,0.182,0.544,0.0,0.454,,,,,,,,,,,,,,,,,,,,,,0.278,,,,,,,,,,,,,,,,,,,,,,,
S617,,,,0.198,,0.68,,0.55,0.605,,,,,,,0.246,0.112,,,,,,,,,0.576,,,0.114,,0.954,,0.194,,0.556,0.566,0.718,0.562,0.0,0.046,,,,,,,0.658,,,,,,,,,,,,,,,,,,,,,,,,,,,,,,,,,,,,,,,,,,,,,,,,,,,,,0.954,,0.954,,,0.462,,0.634,,,,0.682,,,,,,,,,0.0,0.69,,0.954,,,,,,,,,0.562,,,,,0.828,0.954,0.818,0.954,0.884,0.954,0.692,0.954,0.432,0.924,0.954,0.784,0.954,0.954,0.954,0.906,0.954,0.954,0.954,0.954,0.954,0.954,0.954,0.938,0.954,0.586,0.0,0.452,0.904,0.752,0.512,,0.628,0.954,0.784,,0.0,0.652,0.252,0.622,,,,,,,,,,,,,,,,,,,,,,0.494,,,,,,,,,,,,,,,,,,,,,,,
S618,,,,0.04,,0.596,,0.52,0.393,,,,,,,0.378,0.226,,,,,,,,,0.278,,,0.0,,0.866,,0.0,,0.178,0.686,0.33,0.646,0.358,0.202,,,,,,,0.624,,,,,,,,,,,,,,,,,,,,,,,,,,,,,,,,,,,,,,,,,,,,,,,,,,,,,0.598,,0.892,,,0.176,,0.106,,,,0.746,,,,,,,,,0.31,0.23,,0.382,,,,,,,,,0.954,,,,,0.954,0.954,0.954,0.954,,0.954,0.954,0.954,0.394,0.396,0.93,0.892,0.954,0.954,0.954,0.892,0.954,0.728,,0.036,0.0,0.954,0.378,0.0,0.31,,0.376,0.728,,,,,0.0,0.0,0.954,0.954,0.11,0.954,0.0,0.728,,,,,,,,,,,,,,,,,,,,,,0.582,,,,,,,,,,,,,,,,,,,,,,,
S576,,,,0.0,,0.0,,0.954,0.347,,,,,,,0.374,0.0,,,,,,,,,0.258,,,0.016,,,,0.72,,0.262,0.13,0.05,0.56,0.0,0.178,,,,,,,0.148,,,,,,,,,,,,,,,,,,,,,,,,,,,,,,,,,,,,,,,,,,,,,,,,,,,,,0.048,,0.598,,,0.494,,0.16,,,,0.894,,,,,,,,,0.476,0.062,,0.032,,,,,,,,,0.71,,,,,0.228,0.0,0.0,0.118,0.0,0.522,0.0,0.0,0.682,0.468,0.426,0.626,0.382,0.534,0.708,0.15,0.152,0.518,0.164,0.148,0.29,0.262,0.618,0.0,0.016,0.636,0.404,0.67,0.0,0.0,0.0,0.092,0.486,0.0,0.0,0.0,0.068,,0.0,0.676,,,,,,,,,,,,,,,,,,,,,,0.36,,,,,,,,,,,,,,,,,,,,,,,
S577,,,,0.084,,0.0,,0.954,0.394,,,,,,,0.268,0.644,,,,,,,,,0.014,,,0.106,,0.4,,0.75,,0.32,0.642,0.028,0.892,0.504,0.004,,,,,,,0.254,,,,,,,,,,,,,,,,,,,,,,,,,,,,,,,,,,,,,,,,,,,,,,,,,,,,,0.0,,0.258,,,0.224,,0.356,,,,0.712,,,,,,,,,0.344,0.692,,0.594,,,,,,,,,0.884,,,,,0.694,0.0,0.0,0.182,0.23,0.26,0.756,0.722,0.742,0.664,0.404,0.564,0.554,0.556,0.586,0.358,0.756,0.68,,0.258,0.584,0.256,0.652,0.576,0.454,0.856,0.784,0.642,0.68,0.406,,0.68,0.65,,0.03,0.076,0.59,0.846,0.418,0.572,,,,,,,,,,,,,,,,,,,,,,0.136,,,,,,,,,,,,,,,,,,,,,,,
S579,,,,,,,,,,,,,,,,,,,,,,,,,,0.178,,,,,,,0.764,,,,,,,,,,,,,,0.472,,,,,,,,,,,,,,,,,,,,,,,,,,,,,,,,,,,,,,,,,,,,,,,,,,,,,,,,,,0.48,,,,,,,,,,,,,,,,,,,,,,,,,,,,,,,,,,,,,,,,,,,,,,,,,,,,,,,,,,,,,,,,,,,,,,,,,,,,,,,,,,,,,,,,,,,,,0.258,,,,,,,,,,,,,,,,,,,,,,,
C586,,,,,,,,,,,,,,,,,,,,,,,,,,0.23,,,,,,,0.126,,,,,,,,,,,,,,0.588,,,,,,,,,,,,,,,,,,,,,,,,,,,,,,,,,,,,,,,,,,,,,,,,,,,,,,,,,,0.0,,,,,,,,,,,,,,,,,,,,,,,,,,,,,,,,,,,,,,,,,,,,,,,,,,,,,,,,,,,,,,,,,,,,,,,,,,,,,,,,,,,,,,,,,,,,,0.514,,,,,,,,,,,,,,,,,,,,,,,
C421,,,,0.096,0.323,0.422,,0.194,0.28,,,,,,,0.412,0.07,,,,,,,,,0.294,,,0.32,,0.314,,0.416,,,0.588,0.566,0.57,,0.0,,,,,,,0.548,0.954,0.258,0.188,,,,,,,,,,,,,,,,,,,,,,,,,,,,,,,,,,,,,,,,,,,,,,,,0.288,,0.754,,0.392,,,0.482,,,,,,0.29,,,,,,,,,0.618,,,,,,,,,,,,0.0,,0.48,,,,,,,,,,,0.642,0.644,0.712,0.928,0.672,,0.88,0.5,0.612,0.62,0.45,0.486,0.484,,0.744,0.352,0.39,,0.484,0.594,,,,,,,,0.266,,0.402,,,,,,,,,,,,,,,,,,,,,,,,0.736,0.918,0.866,0.89,0.844,0.898,0.872,0.942,0.882,0.562,0.362,0.404,0.172,0.308,0.086,0.586,0.41,0.072,0.45,0.0,0.124,0.48,,
C436,,,,0.028,0.647,0.538,,0.16,0.276,,,,,,,0.396,0.246,,,,,,,0.372,,0.184,,,0.0,,0.448,,0.146,,,0.666,0.402,0.872,,0.004,,,,,,,,0.7,0.256,0.0,0.396,,,,,,,,,,,,,,,,,,,,,,,,,,,,,,,,,,,,,,,,,,,,,,,0.0,,0.674,,0.162,,,0.344,,0.554,,,,0.0,,,,,,,,,0.648,0.266,,0.404,,,,,,,,,0.0,,0.23,,,,,,,,,,,0.22,0.362,0.138,0.954,0.292,,,0.28,,0.502,0.62,0.306,0.47,,0.682,0.146,0.488,,0.652,0.2,,,,,,,,0.3,,0.132,,,,,,,,,,,,,,,,,,,,,,,,,0.878,0.954,0.744,0.69,0.862,0.954,0.82,0.954,0.172,0.396,0.796,0.408,0.202,0.076,0.278,0.346,0.29,0.558,0.0,0.504,0.282,0.498,0.182
C423,,,,0.024,0.267,0.394,,0.22,0.343,,,,,,,0.252,0.02,,,,,,,,,0.134,,,0.1,,0.428,,0.75,,,0.434,0.14,0.568,,0.0,,,,,,,0.3,0.766,0.232,0.0,,,,,,,,,,,,,,,,,,,,,,,,,,,,,,,,,,,,,,,,,,,,,,,,0.548,,0.27,,,,,0.714,,0.144,,,,0.624,,,,,,,,,0.414,0.444,,0.438,,,,,,,,,0.618,,0.858,,,,,,,,,,,0.628,0.774,0.682,0.582,0.6,,0.842,0.508,0.648,0.652,0.33,0.34,0.178,,0.666,0.218,0.436,,0.654,0.498,,,,,,,,0.696,,0.662,,,,,,,,,,,,,,,,,,,,,,,,0.728,0.564,0.884,0.73,0.946,0.61,0.458,0.704,0.58,0.572,0.21,0.426,0.172,0.302,0.154,0.79,0.356,0.112,0.548,0.02,0.326,0.722,,
C424,,,,0.11,0.414,0.364,,0.148,0.216,,,,,,,0.608,0.088,,,,,,,,,0.42,,,0.212,,0.53,,0.748,,,0.276,0.446,0.468,,0.0,,,,,,,0.442,0.814,0.278,0.3,,,,,,,,,,,,,,,,,,,,,,,,,,,,,,,,,,,,,,,,,,,,,,,,0.812,,0.268,,0.564,,,0.796,,0.248,,,,0.732,,,,,,,,,0.524,0.578,,0.508,,,,,,,,,0.888,,0.782,,,,,,,,,,,0.612,,0.764,0.236,0.552,,0.932,0.468,0.728,0.502,0.468,0.652,0.454,,0.9,0.328,0.53,,0.494,0.814,,,,,,,,,,0.74,,,,,,,,,,,,,,,,,,,,,,,,0.824,0.6,0.452,0.694,0.282,0.674,0.768,0.648,0.576,0.216,0.274,0.27,0.202,0.358,0.008,0.884,0.416,0.208,0.732,0.0,0.386,0.768,,
C426,,,,0.0,0.01,0.09,,0.0,0.156,,,,,,,0.166,0.308,,,,,,,,,0.0,,,0.098,,0.652,,0.772,,,0.814,0.138,0.602,,0.608,,,,,,,0.132,0.502,0.086,0.142,,,,,,,,,,,,,,,,,,,,,,,,,,,,,,,,,,,,,,,,,,,,,,,,0.502,,0.194,,0.596,,,0.766,,0.14,,,,0.796,,,,,,,,,0.258,0.61,,0.638,,,,,,,,,0.812,,0.768,,,,,,,,,,,0.66,0.47,0.628,0.446,0.77,,0.7,0.562,0.694,0.564,0.128,0.0,0.248,,0.308,0.322,0.674,,0.612,0.762,,,,,,,,0.462,,0.596,,,,,,,,,,,,,,,,,,,,,,,,0.818,0.754,0.432,0.508,,0.536,0.52,0.652,0.772,0.4,0.234,0.482,0.116,0.138,,0.8,0.032,0.228,0.404,0.234,0.578,0.828,,
C468,,,,0.0,0.077,0.158,,0.0,0.234,,,,,,,0.17,0.268,,,,,,,0.47,,0.0,,,0.146,,0.832,,0.84,,,0.696,0.0,0.514,,,,,,,,,,0.734,0.132,0.682,0.14,,,,,,,,,,,,,,,,,,,,,,,,,,,,,,,,,,,,,,,,,,,,,,,0.95,,0.522,,0.954,,,0.726,,,,,,0.954,,,,,,,,,0.54,0.27,,0.954,,,,,,,,,0.942,,0.954,,,,,,,,,,,0.912,0.832,0.796,0.754,0.76,,0.744,0.696,0.954,0.67,0.098,0.0,0.012,,0.14,0.0,0.672,,0.464,0.928,,,,,,,,0.954,,,,,,,,,,,,,,,,,,,,,,,,,,,0.806,0.938,0.782,0.762,0.908,0.884,0.902,0.954,0.678,0.254,0.738,0.678,0.106,0.492,0.754,0.556,0.722,0.764,0.568,0.954,0.742,0.786,0.764
C425,,,,0.416,0.914,0.758,,0.522,0.0,,,,,,,0.38,0.842,,,,,,,,,0.454,,,0.184,,0.83,,0.838,,,0.874,0.604,0.002,,0.076,,,,,,,0.494,0.426,0.226,0.256,,,,,,,,,,,,,,,,,,,,,,,,,,,,,,,,,,,,,,,,,,,,,,,,0.0,,0.0,,0.0,,,0.84,,0.422,,,,0.0,,,,,,,,,0.0,0.954,,,,,,,,,,,0.0,,0.0,,,,,,,,,,,0.0,0.0,0.0,0.0,0.0,,0.0,0.0,0.0,0.0,0.954,0.954,0.954,,0.954,0.0,,,,0.0,,,,,,,,0.0,,0.656,,,,,,,,,,,,,,,,,,,,,,,,0.704,0.954,,0.954,0.0,,0.954,0.954,0.954,0.076,0.0,,0.954,,0.0,0.898,0.954,0.954,0.892,0.946,0.954,0.71,,
C427,,,,0.04,0.847,0.662,,0.574,0.376,,,,,,,0.594,0.222,,,,,,,,,0.31,,,0.062,,0.768,,0.218,,,0.762,0.484,0.692,,0.044,,,,,,,0.574,0.826,0.242,0.016,,,,,,,,,,,,,,,,,,,,,,,,,,,,,,,,,,,,,,,,,,,,,,,,0.72,,0.598,,0.59,,,0.448,,0.334,,,,0.768,,,,,,,,,0.544,0.704,,0.648,,,,,,,,,0.91,,0.86,,,,,,,,,,,0.496,0.79,0.822,0.514,0.782,,0.758,0.628,0.848,0.724,0.834,0.522,0.716,,0.772,0.45,0.786,,0.744,0.854,,,,,,,,0.308,,0.302,,,,,,,,,,,,,,,,,,,,,,,,0.644,0.88,0.664,0.876,0.522,0.862,0.826,0.884,0.852,0.476,0.412,0.7,0.358,0.222,0.114,0.458,0.116,0.144,0.602,0.044,0.754,0.322,,
C443,,,,0.158,0.45,0.236,,0.046,0.163,,,,,,,0.818,0.104,,,,,,,0.306,,0.4,,,0.306,,0.366,,0.954,,,0.0,0.344,0.954,,0.0,,,,,,,,0.954,0.286,0.25,0.316,,,,,,,,,,,,,,,,,,,,,,,,,,,,,,,,,,,,,,,,,,,,,,,0.954,,0.402,,0.954,,,0.934,,0.314,,,,0.954,,,,,,,,,0.874,0.202,,0.58,,,,,,,,,0.954,,0.954,,,,,,,,,,,0.954,0.912,0.11,0.328,0.11,,0.954,0.126,0.548,0.954,0.586,0.708,0.512,,0.948,0.518,0.8,,0.844,0.954,,,,,,,,0.954,,0.858,,,,,,,,,,,,,,,,,,,,,,,,,0.954,0.954,0.924,0.93,0.954,0.954,0.902,0.954,0.228,0.5,0.928,0.274,0.348,0.132,0.954,0.486,0.356,0.908,0.228,0.598,0.876,0.954,0.954
C428,,,,0.0,0.566,0.602,,0.0,0.269,,,,,,,0.264,0.502,,,,,,,,,0.128,,,0.104,,0.532,,0.41,,,0.848,0.576,0.876,,0.0,,,,,,,0.79,0.858,0.182,0.286,,,,,,,,,,,,,,,,,,,,,,,,,,,,,,,,,,,,,,,,,,,,,,,,0.524,,0.454,,,,,0.664,,0.218,,,,0.862,,,,,,,,,0.502,0.644,,0.518,,,,,,,,,0.922,,0.882,,,,,,,,,,,0.562,0.828,0.742,0.72,0.704,,0.658,0.676,0.79,0.768,0.496,0.248,0.35,,0.592,0.276,0.532,,0.71,0.816,,,,,,,,,,0.81,,,,,,,,,,,,,,,,,,,,,,,,0.866,0.914,0.868,0.904,0.812,0.918,0.884,0.906,0.88,0.89,0.414,0.768,0.354,0.166,0.124,0.422,0.31,0.216,0.37,0.126,0.61,0.386,,
C434,,,,0.0,0.178,0.316,,0.17,0.103,,,,,,,0.324,0.144,,,,,,,,,0.298,,,0.1,,0.28,,0.392,,,0.452,0.422,0.784,,0.0,,,,,,,0.52,0.286,0.24,0.014,,,,,,,,,,,,,,,,,,,,,,,,,,,,,,,,,,,,,,,,,,,,,,,,0.746,,0.424,,0.816,,,0.398,,0.346,,,,0.882,,,,,,,,,0.48,0.334,,0.298,,,,,,,,,0.674,,,,,,,,,,,,,0.706,0.85,0.954,0.536,0.762,,0.864,0.746,0.67,0.812,0.664,0.558,0.558,,0.682,0.484,0.56,,0.76,0.886,,,,,,,,0.556,,0.132,,,,,,,,,,,,,,,,,,,,,,,,0.61,0.674,0.334,0.192,0.104,0.396,0.308,0.362,0.352,0.61,0.296,0.624,0.262,0.412,0.0,0.276,0.152,0.17,0.37,0.154,0.18,0.276,,
C433,,,,0.0,0.0,0.232,,0.0,0.013,,,,,,,0.052,0.43,,,,,,,,,0.18,,,0.114,,0.056,,0.774,,,0.954,0.246,0.854,,0.0,,,,,,,0.096,0.708,0.394,0.0,,,,,,,,,,,,,,,,,,,,,,,,,,,,,,,,,,,,,,,,,,,,,,,,0.892,,0.248,,,,,0.814,,0.152,,,,0.702,,,,,,,,,0.246,0.464,,0.202,,,,,,,,,0.954,,,,,,,,,,,,,0.568,0.828,0.692,0.212,0.234,,0.352,0.428,0.54,0.868,0.336,0.45,0.022,,0.222,0.222,0.268,,0.614,0.752,,,,,,,,,,0.48,,,,,,,,,,,,,,,,,,,,,,,,0.796,0.588,0.534,0.676,0.438,0.778,0.79,0.768,0.682,0.462,0.522,0.614,0.0,0.266,0.046,0.702,0.068,0.0,0.0,0.0,0.0,0.61,,
C429,,,,0.0,0.254,0.0,,0.344,0.344,,,,,,,0.44,0.074,,,,,,,,,0.05,,,0.0,,0.768,,0.088,,,0.77,0.514,0.954,,0.204,,,,,,,0.28,0.844,0.154,0.0,,,,,,,,,,,,,,,,,,,,,,,,,,,,,,,,,,,,,,,,,,,,,,,,0.492,,,,0.22,,,0.082,,0.256,,,,0.832,,,,,,,,,0.28,0.634,,0.868,,,,,,,,,0.936,,0.948,,,,,,,,,,,0.314,0.916,0.768,0.77,0.8,,0.83,0.78,0.882,0.87,0.628,0.33,0.694,,0.7,0.502,0.882,,0.844,0.904,,,,,,,,0.08,,0.104,,,,,,,,,,,,,,,,,,,,,,,,0.318,0.836,0.878,0.838,0.724,0.858,0.898,0.866,0.94,0.78,0.552,0.854,0.0,0.168,0.188,0.13,0.014,0.336,0.526,0.018,0.838,0.088,,
C430,,,,0.0,0.778,0.022,,0.25,0.21,,,,,,,0.262,0.126,,,,,,,,,0.548,,,0.058,,0.52,,0.066,,,0.592,0.086,0.946,,0.0,,,,,,,0.05,0.534,0.232,0.156,,,,,,,,,,,,,,,,,,,,,,,,,,,,,,,,,,,,,,,,,,,,,,,,0.804,,0.254,,0.078,,,0.634,,0.164,,,,0.71,,,,,,,,,0.36,0.262,,0.806,,,,,,,,,0.808,,0.92,,,,,,,,,,,0.174,0.772,0.508,0.612,0.7,,0.598,0.658,0.92,0.83,0.282,0.362,0.19,,0.428,0.36,0.798,,0.698,0.826,,,,,,,,0.282,,0.082,,,,,,,,,,,,,,,,,,,,,,,,0.156,0.882,0.616,0.502,0.626,0.772,0.642,0.654,0.946,0.558,0.328,0.896,0.012,0.218,0.252,0.22,0.328,0.282,0.388,0.142,0.758,0.108,,
C431,,,,0.194,0.453,0.7,,0.342,0.344,,,,,,,0.21,0.0,,,,,,,,,0.658,,,0.248,,0.584,,0.728,,,0.484,0.718,0.88,,0.0,,,,,,,0.672,0.812,0.662,0.0,,,,,,,,,,,,,,,,,,,,,,,,,,,,,,,,,,,,,,,,,,,,,,,,0.63,,0.394,,,,,0.804,,0.548,,,,0.9,,,,,,,,,0.572,0.954,,0.792,,,,,,,,,0.954,,0.786,,,,,,,,,,,0.478,0.916,0.824,0.2,0.268,,0.508,0.292,,0.828,0.692,0.726,0.14,,0.728,0.0,0.556,,,0.656,,,,,,,,,,0.306,,,,,,,,,,,,,,,,,,,,,,,,0.794,0.586,0.304,0.662,0.22,0.61,0.732,0.766,0.716,0.526,0.5,0.2,0.0,0.534,0.0,0.686,0.0,0.0,0.0,0.0,0.0,0.098,,
C432,,,,0.09,0.722,0.488,,0.218,0.202,,,,,,,0.464,0.194,,,,,,,,,0.39,,,0.0,,0.648,,0.162,,,0.746,0.626,0.882,,0.0,,,,,,,0.488,0.844,0.276,0.0,,,,,,,,,,,,,,,,,,,,,,,,,,,,,,,,,,,,,,,,,,,,,,,,0.536,,0.32,,0.0,,,,,0.232,,,,0.67,,,,,,,,,0.592,0.414,,0.86,,,,,,,,,0.924,,0.744,,,,,,,,,,,0.416,0.908,0.794,0.658,0.704,,0.706,0.764,0.922,0.928,0.786,0.62,0.66,,0.668,0.562,0.88,,0.7,0.786,,,,,,,,0.342,,0.094,,,,,,,,,,,,,,,,,,,,,,,,0.466,0.938,0.916,0.916,0.854,0.87,0.896,0.916,0.942,0.682,0.546,0.708,0.0,0.224,0.21,0.27,0.306,0.224,0.516,0.142,0.76,0.172,,
C496,,,,0.116,0.442,0.664,,0.412,0.081,,,,,,,0.354,0.114,,,,,,,0.196,,0.158,,,0.04,,0.0,,0.852,,,0.5,,0.952,,,,,,,,,,0.0,0.326,0.0,0.176,,,,,,,,,,,,,,,,,,,,,,,,,,,,,,,,,,,,,,,,,,,,,,,0.846,,0.084,,0.706,,,0.954,,0.204,,,,0.878,,,,,,,,,0.434,0.246,,0.588,,,,,,,,,0.94,,0.954,,,,,,,,,,,0.954,0.954,0.896,0.1,0.284,,0.45,0.612,0.806,0.954,0.71,0.758,0.018,,0.54,0.516,0.902,,0.772,0.92,,,,,,,,0.654,,,,,,,,,,,,,,,,,,,,,,,,,,,0.882,0.746,0.658,0.664,0.882,0.916,0.898,0.9,0.508,0.528,0.952,0.53,0.15,0.326,0.442,0.52,0.0,0.194,0.296,0.648,0.586,0.882,0.932
C437,,,,0.02,0.382,0.148,,0.0,0.354,,,,,,,0.212,0.272,,,,,,,0.076,,0.394,,,0.08,,0.81,,0.196,,,0.75,0.366,0.8,,0.0,,,,,,,,0.636,0.184,0.0,0.132,,,,,,,,,,,,,,,,,,,,,,,,,,,,,,,,,,,,,,,,,,,,,,,0.748,,0.954,,0.948,,,0.436,,0.64,,,,0.81,,,,,,,,,0.678,0.314,,0.876,,,,,,,,,0.782,,0.754,,,,,,,,,,,0.868,0.954,0.846,0.954,0.88,,0.89,0.836,0.904,0.928,0.57,0.26,0.532,,0.66,0.722,0.702,,0.728,0.698,,,,,,,,0.954,,0.028,,,,,,,,,,,,,,,,,,,,,,,,,0.7,0.84,0.704,0.724,0.902,0.884,0.634,0.818,0.954,0.954,0.76,,0.182,0.328,0.232,0.576,0.572,,0.75,0.702,0.162,0.306,0.128
C438,,,,0.0,0.505,0.696,,0.226,0.708,,,,,,,0.348,0.396,,,,,,,0.376,,0.686,,,0.02,,0.74,,0.172,,,0.464,0.0,0.888,,0.0,,,,,,,,0.508,0.158,0.194,0.512,,,,,,,,,,,,,,,,,,,,,,,,,,,,,,,,,,,,,,,,,,,,,,,0.648,,0.876,,0.904,,,0.868,,0.512,,,,,,,,,,,,,0.518,0.7,,0.918,,,,,,,,,0.872,,0.92,,,,,,,,,,,0.0,0.87,0.914,0.752,0.904,,0.818,0.78,0.954,0.892,0.878,0.436,0.626,,0.56,0.65,0.954,,0.81,0.752,,,,,,,,0.508,,0.0,,,,,,,,,,,,,,,,,,,,,,,,,0.892,0.954,0.61,0.76,0.954,0.852,0.82,0.954,0.612,0.196,0.892,0.876,0.054,0.148,0.19,0.432,0.714,0.626,0.69,0.954,0.084,0.476,0.07
C439,,,,0.03,0.712,0.666,,0.138,0.613,,,,,,,0.498,0.158,,,,,,,,,0.116,,,0.146,,0.51,,0.352,,,0.872,0.616,0.822,,0.586,,,,,,,0.626,0.424,0.316,0.51,,,,,,,,,,,,,,,,,,,,,,,,,,,,,,,,,,,,,,,,,,,,,,,,0.954,,0.386,,0.636,,,0.0,,,,,,0.122,,,,,,,,,,0.054,,0.0,,,,,,,,,0.06,,,,,,,,,,,,,0.088,0.0,0.0,0.062,0.0,,0.452,0.0,0.0,0.41,0.524,0.0,0.954,,0.954,0.454,0.884,,,0.534,,,,,,,,0.278,,0.0,,,,,,,,,,,,,,,,,,,,,,,,0.11,0.708,0.954,,0.526,,0.954,0.884,0.788,0.0,0.0,0.954,0.466,0.022,0.0,0.954,0.844,0.746,0.954,,0.954,0.91,,
C590,,,,,,,,,,,,,,,,,,,,,,,,0.0,,0.566,,,,,,,0.46,,,,,,,0.0,,,,,,,,,0.4,0.278,,,,,,,,,,,,,,,,,,,,,,,,,,,,,,,,,,,,,,,,,,,,,,,,,,,,,,,0.694,,,,,,,,,,,,,,,,,,,,,,,,,,,,,,,,,,,,,,,,,,,,,,,,,,,,,,,,,,,,,,,,,,,,,0.184,,,,,,,,,,,,,,,,,,,,,,,,,,,,,,,,,,,,,,,0.418,,,,,,0.634,0.664,0.514
C440,,,,,0.098,0.0,,0.954,0.282,,,,,,,0.648,0.574,,,,,,,0.866,,0.586,,,0.582,,0.374,,0.59,,,0.232,0.072,0.954,,0.0,,,,,,,,0.288,0.506,0.356,0.156,,,,,,,,,,,,,,,,,,,,,,,,,,,,,,,,,,,,,,,,,,,,,,,0.0,,0.104,,0.0,,,0.434,,0.954,,,,0.51,,,,,,,,,0.0,0.954,,0.954,,,,,,,,,0.0,,0.0,,,,,,,,,,,0.562,,,,0.0,,,0.016,0.0,0.23,0.892,,0.0,,,,,,0.954,0.0,,,,,,,,0.0,,0.008,,,,,,,,,,,,,,,,,,,,,,,,,0.84,,0.758,0.562,,0.884,0.85,0.592,0.0,,0.0,,,0.0,0.192,0.954,0.0,0.394,0.0,,0.0,0.252,0.294
C591,,,,,,,,,,,,,,,,,,,,,,,,0.38,,0.154,,,,,,,0.264,,,,,,,0.0,,,,,,,,,0.21,0.026,0.406,,,,,,,,,,,,,,,,,,,,,,,,,,,,,,,,,,,,,,,,,,,,,,,,,,,,,,0.236,,,,,,,,,,,,,,,,,,,,,,,,,,,,,,,,,,,,,,,,,,,,,,,,,,,,,,,,,,,,,,,,,,,,,0.204,,,,,,,,,,,,,,,,,,,,,,,,,,,,,,,,,,,,,,,0.252,,,,,,0.36,0.564,0.288
C453,,,,0.104,0.679,0.776,,0.476,0.607,,,,,,,0.51,0.464,,,,,,,0.342,,0.334,,,0.228,,0.678,,0.256,,,0.906,0.514,0.932,,0.0,,,,,,,,0.804,0.26,0.0,0.3,,,,,,,,,,,,,,,,,,,,,,,,,,,,,,,,,,,,,,,,,,,,,,,0.954,,0.952,,0.954,,,0.324,,0.74,,,,0.89,,,,,,,,,0.954,0.728,,0.954,,,,,,,,,0.77,,0.954,,,,,,,,,,,0.572,0.954,0.954,0.954,0.954,,0.954,0.954,0.954,0.954,0.644,0.686,0.766,,0.918,0.718,0.954,,0.954,0.954,,,,,,,,0.828,,0.26,,,,,,,,,,,,,,,,,,,,,,,,,0.794,0.954,0.914,0.88,0.936,0.892,0.596,0.954,0.69,0.354,,0.0,0.232,0.228,0.326,0.278,0.614,0.502,0.558,0.954,0.032,0.71,0.58
C441,,,,0.01,0.385,0.394,,0.132,0.289,,,,,,,0.378,0.046,,,,,,,0.106,,,,,0.1,,0.822,,0.184,,,0.832,0.532,0.872,,0.002,,,,,,,,0.918,0.252,0.0,0.112,,,,,,,,,,,,,,,,,,,,,,,,,,,,,,,,,,,,,,,,,,,,,,,0.518,,0.9,,,,,0.39,,0.954,,,,0.634,,,,,,,,,0.86,0.73,,0.954,,,,,,,,,,,0.766,,,,,,,,,,,0.0,0.792,0.954,0.954,0.954,,0.828,0.954,0.954,0.91,0.954,0.504,0.94,,0.924,0.706,0.954,,0.814,0.566,,,,,,,,,,0.12,,,,,,,,,,,,,,,,,,,,,,,,,0.954,0.954,0.954,0.954,0.954,0.876,0.954,0.954,0.462,0.758,0.728,0.874,0.374,0.294,0.272,0.378,0.564,0.856,0.922,0.954,0.266,0.326,0.18
C442,,,,0.0,0.184,0.184,,0.0,0.175,,,,,,,0.26,0.322,,,,,,,0.182,,0.07,,,0.116,,0.454,,0.894,,,0.586,0.27,0.892,,0.0,,,,,,,,0.61,0.142,0.254,0.238,,,,,,,,,,,,,,,,,,,,,,,,,,,,,,,,,,,,,,,,,,,,,,,0.718,,0.842,,0.954,,,0.882,,0.378,,,,0.954,,,,,,,,,0.228,0.488,,0.214,,,,,,,,,0.954,,0.952,,,,,,,,,,,0.954,0.954,0.564,0.954,0.804,,0.66,0.884,0.892,0.734,0.954,,0.706,,0.0,0.762,0.0,,0.892,0.954,,,,,,,,0.854,,0.768,,,,,,,,,,,,,,,,,,,,,,,,,0.954,,0.884,0.784,0.42,,0.892,0.476,,0.134,,0.08,0.292,0.0,0.926,0.246,0.0,0.0,0.046,0.0,0.888,0.926,0.904
C444,,,,0.018,0.432,0.344,,0.22,0.274,,,,,,,0.48,0.09,,,,,,,0.274,,,,,0.654,,0.582,,0.188,,,0.48,0.854,0.826,,0.0,,,,,,,,0.852,0.12,0.136,0.714,,,,,,,,,,,,,,,,,,,,,,,,,,,,,,,,,,,,,,,,,,,,,,,0.72,,0.576,,0.66,,,0.708,,0.036,,,,0.51,,,,,,,,,0.57,0.226,,0.738,,,,,,,,,0.25,,0.946,,,,,,,,,,,0.154,0.84,0.722,0.666,0.43,,0.834,0.658,0.822,0.756,0.704,0.668,0.186,,0.844,0.584,0.836,,0.834,0.886,,,,,,,,0.466,,0.422,,,,,,,,,,,,,,,,,,,,,,,,,0.748,0.924,0.61,0.816,0.87,0.884,0.788,0.954,0.634,0.476,0.744,0.54,0.176,0.288,0.272,0.37,0.0,0.452,0.402,0.786,0.38,0.686,0.558
C446,,,,0.432,0.193,0.012,,0.914,0.087,,,,,,,0.954,0.054,,,,,,,0.0,,0.674,,,0.588,,0.862,,0.008,,,0.0,0.29,0.0,,0.2,,,,,,,,0.374,0.196,0.114,0.4,,,,,,,,,,,,,,,,,,,,,,,,,,,,,,,,,,,,,,,,,,,,,,,0.862,,0.5,,0.954,,,0.158,,0.366,,,,0.954,,,,,,,,,0.524,0.134,,0.42,,,,,,,,,0.828,,0.954,,,,,,,,,,,0.95,0.948,0.278,0.442,0.426,,0.622,0.582,0.718,0.954,0.638,0.75,0.722,,0.862,0.874,0.868,,0.882,0.954,,,,,,,,0.934,,0.106,,,,,,,,,,,,,,,,,,,,,,,,,0.954,0.954,0.954,0.954,0.954,0.954,0.954,0.942,0.564,0.866,0.922,0.0,0.26,0.24,0.042,0.006,0.042,0.166,0.142,0.398,0.012,0.234,0.0
C447,,,,0.002,0.481,0.432,,0.07,0.096,,,,,,,0.0,0.058,,,,,,,0.256,,0.074,,,0.0,,0.332,,0.06,,,0.466,0.222,0.874,,0.0,,,,,,,,0.86,0.22,0.0,0.394,,,,,,,,,,,,,,,,,,,,,,,,,,,,,,,,,,,,,,,,,,,,,,,0.6,,0.466,,0.524,,,0.1,,0.024,,,,0.208,,,,,,,,,0.338,0.0,,0.558,,,,,,,,,0.142,,0.69,,,,,,,,,,,0.034,0.87,0.766,0.59,0.626,,0.628,0.586,0.83,0.88,0.784,0.296,0.302,,0.702,0.442,0.872,,0.744,0.778,,,,,,,,0.196,,0.036,,,,,,,,,,,,,,,,,,,,,,,,,0.954,0.954,0.9,0.934,0.948,0.954,0.946,0.954,0.474,0.408,0.864,0.4,0.216,0.242,0.172,0.114,0.048,0.542,0.0,0.562,0.14,0.402,0.08
C445,,,,0.148,0.074,0.0,,0.73,0.163,,,,,,,0.858,0.648,,,,,,,0.766,,0.358,,,0.764,,0.116,,0.818,,,0.17,0.16,0.954,,0.01,,,,,,,,0.758,0.766,0.0,0.068,,,,,,,,,,,,,,,,,,,,,,,,,,,,,,,,,,,,,,,,,,,,,,,0.856,,0.712,,0.954,,,0.474,,0.326,,,,0.832,,,,,,,,,0.59,0.098,,0.594,,,,,,,,,0.62,,0.924,,,,,,,,,,,0.528,0.954,0.782,0.5,0.728,,0.86,0.52,0.794,0.954,0.726,0.68,0.63,,0.86,0.382,0.722,,0.954,0.954,,,,,,,,0.694,,0.392,,,,,,,,,,,,,,,,,,,,,,,,,0.954,0.932,0.62,0.602,0.702,0.804,0.44,0.922,0.432,0.28,,0.0,0.388,0.0,0.426,0.0,0.12,0.332,0.0,0.29,0.306,0.53,0.798
C448,,,,0.014,0.84,0.644,,0.51,0.326,,,,,,,0.64,0.242,,,,,,,0.41,,0.094,,,0.408,,0.492,,0.566,,,0.744,0.146,0.658,,0.0,,,,,,,,0.862,0.218,0.192,0.05,,,,,,,,,,,,,,,,,,,,,,,,,,,,,,,,,,,,,,,,,,,,,,,0.0,,0.702,,0.93,,,0.554,,0.478,,,,0.87,,,,,,,,,0.596,0.17,,0.862,,,,,,,,,0.0,,0.954,,,,,,,,,,,0.0,0.954,0.928,0.15,0.876,,0.0,0.556,0.944,0.954,0.908,0.822,0.802,,0.85,0.526,0.954,,0.954,,,,,,,,,,,0.34,,,,,,,,,,,,,,,,,,,,,,,,,0.936,0.812,0.732,0.286,0.826,0.786,0.642,0.928,0.214,0.176,0.868,0.704,0.204,0.0,0.428,0.566,0.584,0.606,0.102,0.846,,0.838,0.0
C449,,,,0.042,0.882,0.798,,0.628,0.488,,,,,,,0.516,0.166,,,,,,,0.322,,0.416,,,0.346,,0.61,,0.412,,,0.908,0.564,0.828,,0.0,,,,,,,,0.954,0.214,0.0,0.166,,,,,,,,,,,,,,,,,,,,,,,,,,,,,,,,,,,,,,,,,,,,,,,0.834,,0.802,,0.932,,,0.542,,0.688,,,,0.836,,,,,,,,,0.656,0.266,,0.826,,,,,,,,,0.556,,0.848,,,,,,,,,,,0.568,0.876,0.89,0.558,0.92,,0.836,0.802,0.884,0.904,0.904,0.694,0.82,,0.848,0.608,0.826,,0.93,0.924,,,,,,,,0.518,,0.266,,,,,,,,,,,,,,,,,,,,,,,,,0.938,0.892,0.898,0.648,0.904,0.842,0.832,0.902,0.612,0.468,0.826,0.818,0.196,0.106,0.43,0.578,0.708,0.66,0.102,0.798,0.618,0.59,0.364
C450,,,,0.12,0.343,0.43,,0.022,0.524,,,,,,,0.2,0.386,,,,,,,0.314,,0.494,,,0.59,,0.81,,0.176,,,0.582,0.4,0.832,,0.0,,,,,,,,0.432,0.196,,0.342,,,,,,,,,,,,,,,,,,,,,,,,,,,,,,,,,,,,,,,,,,,,,,,0.462,,0.73,,0.842,,,0.622,,0.396,,,,0.844,,,,,,,,,0.338,0.148,,0.9,,,,,,,,,0.43,,0.954,,,,,,,,,,,0.338,0.836,0.894,0.572,0.792,,0.63,0.724,0.954,0.802,0.67,0.122,0.288,,0.458,0.422,0.944,,0.756,0.772,,,,,,,,,,0.058,,,,,,,,,,,,,,,,,,,,,,,,,0.84,0.954,0.494,0.8,0.902,0.948,0.74,0.954,0.438,0.216,0.89,0.648,0.168,0.206,0.206,0.188,0.628,0.616,0.558,0.954,0.374,0.508,0.134
C489,,,,0.276,,0.944,,0.944,,,,,,,,0.912,,,,,,,,0.498,,0.652,,,0.058,,0.54,,0.642,,,,0.596,0.66,,,,,,,,,,0.714,0.424,0.21,0.21,,,,,,,,,,,,,,,,,,,,,,,,,,,,,,,,,,,,,,,,,,,,,,,,,0.736,,0.898,,,0.768,,,,,,,,,,,,,,,0.798,,,0.864,,,,,,,,,,,0.952,,,,,,,,,,,0.412,,,,,,,,,0.88,0.936,0.942,,,0.75,,0.954,,0.342,0.236,,,,,,,,0.434,,,,,,,,,,,,,,,,,,,,,,,,,,,0.58,0.742,0.73,0.578,,0.946,,0.936,,0.816,0.196,0.954,0.212,0.136,0.184,0.616,,0.634,,0.882,0.03,0.648,0.564
C454,,,,0.0,0.248,0.242,,0.0,0.247,,,,,,,0.126,0.096,,,,,,,0.068,,0.28,,,0.0,,0.746,,0.046,,,0.776,0.086,0.926,,0.0,,,,,,,,0.662,0.234,0.0,0.112,,,,,,,,,,,,,,,,,,,,,,,,,,,,,,,,,,,,,,,,,,,,,,,0.272,,0.428,,0.404,,,0.404,,0.168,,,,0.324,,,,,,,,,0.23,0.054,,0.896,,,,,,,,,0.046,,0.93,,,,,,,,,,,0.0,0.928,0.83,0.756,0.724,,0.77,0.662,0.95,0.932,0.654,0.078,0.486,,0.626,0.366,0.916,,0.858,0.846,,,,,,,,0.028,,0.036,,,,,,,,,,,,,,,,,,,,,,,,,0.908,0.858,0.632,0.528,0.794,0.684,0.71,0.954,0.73,0.494,0.914,0.426,0.238,0.35,0.216,0.044,0.418,0.362,0.172,0.91,0.118,0.15,0.054
C456,,,,0.014,0.56,0.37,,0.21,0.227,,,,,,,0.406,0.304,,,,,,,0.276,,0.15,,,0.09,,0.6,,0.21,,,0.71,0.53,0.948,,0.012,,,,,,,,0.848,0.186,0.212,0.246,,,,,,,,,,,,,,,,,,,,,,,,,,,,,,,,,,,,,,,,,,,,,,,0.774,,0.582,,0.652,,,0.296,,0.34,,,,0.512,,,,,,,,,0.486,0.328,,0.802,,,,,,,,,0.382,,0.844,,,,,,,,,,,0.196,0.954,0.798,0.656,0.776,,0.762,0.62,0.892,0.954,0.828,0.654,0.716,,0.812,0.736,0.884,,0.938,0.93,,,,,,,,0.33,,0.21,,,,,,,,,,,,,,,,,,,,,,,,,0.938,0.938,0.846,0.792,0.914,0.882,0.886,0.954,0.61,0.608,0.92,0.562,0.27,0.256,0.308,0.388,0.45,0.568,0.416,0.808,0.484,0.402,0.298
C469,,,,0.604,0.272,0.646,,0.542,0.356,,,,,,,0.208,0.0,,,,,,,0.538,,0.592,,,0.578,,0.454,,0.834,,,0.442,0.0,0.0,,,,,,,,,,0.276,0.244,0.0,0.0,,,,,,,,,,,,,,,,,,,,,,,,,,,,,,,,,,,,,,,,,,,,,,,0.592,,0.298,,0.71,,,0.3,,0.54,,,,0.772,,,,,,,,,0.482,0.63,,0.746,,,,,,,,,0.586,,0.654,,,,,,,,,,,0.574,0.248,0.644,0.0,0.704,,,0.382,0.322,0.626,0.592,0.542,0.548,,0.584,0.222,0.316,,0.588,0.0,,,,,,,,0.266,,,,,,,,,,,,,,,,,,,,,,,,,,,0.578,0.366,0.326,0.0,0.556,0.472,0.636,0.818,0.0,0.0,0.0,0.32,0.35,0.0,0.438,0.212,0.0,0.364,0.0,0.0,0.0,,0.0
C470,,,,0.0,0.653,0.6,,0.532,0.341,,,,,,,0.458,0.1,,,,,,,0.424,,0.374,,,0.266,,0.542,,0.588,,,0.58,0.164,0.476,,,,,,,,,,0.628,0.198,0.264,0.06,,,,,,,,,,,,,,,,,,,,,,,,,,,,,,,,,,,,,,,,,,,,,,,0.562,,0.502,,0.738,,,0.512,,0.478,,,,0.79,,,,,,,,,0.562,0.31,,0.67,,,,,,,,,0.504,,0.81,,,,,,,,,,,0.378,0.728,0.704,0.394,0.684,,0.532,0.55,0.662,0.736,0.664,0.606,0.636,,0.744,0.554,0.658,,0.708,0.616,,,,,,,,0.44,,,,,,,,,,,,,,,,,,,,,,,,,,,0.71,0.8,0.668,0.452,0.77,0.722,0.662,0.768,0.392,0.204,0.636,0.4,0.326,0.082,0.572,0.338,0.448,0.438,0.08,0.566,0.412,0.56,0.516
C595,,,,,,,,,,,,,,,,,,,,,,,,0.028,,0.184,,,,,,,0.088,,,,,,,,,,,,,,,,0.138,0.064,0.08,,,,,,,,,,,,,,,,,,,,,,,,,,,,,,,,,,,,,,,,,,,,,,,,,,,,,,0.26,,,,,,,,,,,,,,,,,,,,,,,,,,,,,,,,,,,,,,,,,,,,,,,,,,,,,,,,,,,,,,,,,,,,,,,,,,,,,,,,,,,,,,,,,,,,,,,,,,,,,,,,,,,,0.276,,,,,,0.392,0.208,0.202
C457,,,,,,,,,,,,,,,,,,,,,,,,,,0.55,,,,,,,0.928,,,,,,,,,,,,,,,,0.328,0.0,0.0,,,,,,,,,,,,,,,,,,,,,,,,,,,,,,,,,,,,,,,,,,,,,,,,,,,,,,0.43,,,,,,,,,,,,,,,,,,,,,,,,,,,,,,,,,,,,,,,,,,,,,,,,,,,,,,,,,,,,,,,,,,,,,,,,,,,,,,,,,,,,,,,,,,,,,,,,,,,,,,,,,,,,0.54,,,,,,0.0,,0.314
C458,,,,0.348,0.205,0.626,,0.366,0.003,,,,,,,0.388,0.0,,,,,,,0.548,,0.454,,,0.232,,0.446,,0.464,,,0.464,0.0,0.002,,,,,,,,,,0.262,0.31,0.156,0.0,,,,,,,,,,,,,,,,,,,,,,,,,,,,,,,,,,,,,,,,,,,,,,,0.518,,0.552,,0.692,,,0.358,,0.552,,,,0.836,,,,,,,,,0.686,0.438,,0.806,,,,,,,,,0.552,,0.7,,,,,,,,,,,0.408,0.578,0.784,0.058,0.652,,0.684,0.486,0.456,0.686,0.73,0.42,0.552,,0.784,0.32,0.494,,0.74,0.852,,,,,,,,0.0,,,,,,,,,,,,,,,,,,,,,,,,,,,0.792,0.752,0.684,0.034,0.802,0.862,0.678,0.912,0.1,0.09,0.4,0.538,0.362,0.0,0.578,0.0,0.358,0.396,0.0,0.0,0.0,0.19,0.07
C459,,,,0.166,0.717,0.404,,0.446,0.253,,,,,,,0.278,0.386,,,,,,,0.44,,0.62,,,0.34,,,,0.312,,,0.648,0.194,0.384,,,,,,,,,,0.934,0.284,0.306,0.322,,,,,,,,,,,,,,,,,,,,,,,,,,,,,,,,,,,,,,,,,,,,,,,0.622,,0.466,,0.406,,,0.554,,0.356,,,,0.408,,,,,,,,,0.486,0.3,,0.694,,,,,,,,,0.262,,0.824,,,,,,,,,,,0.0,0.604,0.75,0.638,0.646,,0.508,0.548,0.842,0.366,0.616,0.202,0.318,,0.416,0.168,0.778,,0.204,0.362,,,,,,,,0.34,,,,,,,,,,,,,,,,,,,,,,,,,,,0.82,0.924,0.81,0.824,0.912,0.86,0.846,0.954,0.416,0.22,0.34,0.322,0.218,0.188,0.38,0.31,0.344,0.488,0.222,0.702,0.416,0.158,0.0
C460,,,,0.338,0.199,0.38,,0.328,0.01,,,,,,,0.852,0.236,,,,,,,0.416,,0.448,,,0.288,,0.516,,0.686,,,0.31,0.018,0.246,,,,,,,,,,0.716,0.186,0.0,0.006,,,,,,,,,,,,,,,,,,,,,,,,,,,,,,,,,,,,,,,,,,,,,,,0.902,,0.362,,0.884,,,0.73,,0.484,,,,0.954,,,,,,,,,0.782,0.29,,0.674,,,,,,,,,0.95,,,,,,,,,,,,,,0.396,0.572,0.102,0.464,,0.792,0.276,0.484,0.514,0.674,0.62,0.668,,0.826,0.434,0.69,,0.546,0.954,,,,,,,,,,,,,,,,,,,,,,,,,,,,,,,,,,,0.782,0.756,0.802,0.254,0.884,0.874,0.698,0.954,0.02,0.182,0.212,0.318,0.478,0.0,0.474,0.27,0.236,0.644,0.006,0.4,,0.674,0.682
C461,,,,0.41,0.623,0.676,,0.582,0.429,,,,,,,0.47,0.12,,,,,,,0.466,,0.484,,,0.382,,0.69,,0.65,,,0.876,0.152,0.466,,,,,,,,,,0.648,0.284,0.234,0.134,,,,,,,,,,,,,,,,,,,,,,,,,,,,,,,,,,,,,,,,,,,,,,,0.814,,0.738,,0.644,,,0.632,,0.572,,,,0.852,,,,,,,,,0.748,0.306,,0.91,,,,,,,,,0.672,,0.926,,,,,,,,,,,0.542,0.732,0.866,0.708,0.842,,0.878,0.722,0.822,0.714,0.81,0.736,0.708,,0.826,0.508,0.802,,0.676,0.682,,,,,,,,0.702,,,,,,,,,,,,,,,,,,,,,,,,,,,0.872,0.81,0.78,0.654,0.946,0.94,0.792,0.95,0.592,0.474,0.476,0.654,0.39,0.15,0.642,0.504,0.324,0.568,0.1,0.688,0.632,0.308,0.336
C464,,,,0.0,0.808,0.494,,0.416,0.268,,,,,,,0.332,0.178,,,,,,,0.304,,0.48,,,0.188,,0.478,,0.234,,,0.72,0.336,0.356,,,,,,,,,,0.62,0.202,0.138,0.062,,,,,,,,,,,,,,,,,,,,,,,,,,,,,,,,,,,,,,,,,,,,,,,0.838,,,,0.846,,,0.46,,0.408,,,,0.772,,,,,,,,,0.472,0.316,,0.644,,,,,,,,,0.674,,0.864,,,,,,,,,,,0.6,0.906,0.878,0.73,0.688,,0.872,0.798,0.88,0.694,0.796,0.452,0.45,,0.6,0.428,0.656,,0.076,0.524,,,,,,,,0.678,,,,,,,,,,,,,,,,,,,,,,,,,,,0.828,0.942,0.816,0.808,0.954,0.92,0.85,0.954,0.902,0.68,0.61,0.818,0.24,0.542,0.388,0.508,0.544,0.56,0.258,0.834,0.272,0.414,0.244
C465,,,,0.296,0.852,0.376,,0.362,0.402,,,,,,,0.0,0.394,,,,,,,0.256,,0.548,,,0.168,,0.382,,0.154,,,0.68,0.258,0.356,,,,,,,,,,0.892,0.212,0.22,0.114,,,,,,,,,,,,,,,,,,,,,,,,,,,,,,,,,,,,,,,,,,,,,,,0.71,,0.458,,0.686,,,0.332,,0.154,,,,0.48,,,,,,,,,0.332,0.104,,0.678,,,,,,,,,0.174,,0.652,,,,,,,,,,,0.244,0.65,0.846,0.732,0.824,,0.748,0.732,0.926,0.084,0.582,0.518,0.308,,0.726,0.206,0.462,,0.076,0.232,,,,,,,,0.482,,,,,,,,,,,,,,,,,,,,,,,,,,,0.744,0.886,0.564,0.628,0.734,0.784,0.602,0.822,0.61,0.044,0.824,,0.24,,0.344,0.174,,0.436,0.442,0.932,0.154,0.248,0.0
C463,,,,0.0,0.459,0.24,,0.206,0.361,,,,,,,0.406,0.066,,,,,,,0.28,,0.264,,,0.132,,0.462,,0.24,,,0.782,0.584,0.628,,,,,,,,,,0.846,0.196,0.0,0.244,,,,,,,,,,,,,,,,,,,,,,,,,,,,,,,,,,,,,,,,,,,,,,,0.5,,0.376,,0.318,,,0.45,,0.284,,,,0.434,,,,,,,,,0.546,0.266,,0.75,,,,,,,,,0.394,,0.834,,,,,,,,,,,0.126,0.66,0.7,0.74,0.686,,0.724,0.63,0.796,0.602,0.728,0.524,0.586,,0.708,0.502,0.764,,0.47,0.536,,,,,,,,0.276,,,,,,,,,,,,,,,,,,,,,,,,,,,0.734,0.764,0.68,0.64,0.806,0.774,0.782,0.92,0.596,0.4,0.452,0.288,0.224,0.23,0.242,0.202,0.24,0.472,0.16,0.652,0.366,0.554,0.56
C466,,,,0.0,0.566,0.106,,0.26,0.139,,,,,,,0.426,0.058,,,,,,,0.194,,0.23,,,0.066,,0.53,,0.128,,,0.584,0.398,0.616,,,,,,,,,,0.746,0.106,0.074,0.138,,,,,,,,,,,,,,,,,,,,,,,,,,,,,,,,,,,,,,,,,,,,,,,0.618,,0.268,,0.0,,,0.258,,0.258,,,,0.314,,,,,,,,,0.508,0.206,,0.84,,,,,,,,,0.284,,0.882,,,,,,,,,,,0.056,0.598,0.558,0.556,0.602,,0.644,0.51,0.796,0.59,0.732,0.51,0.472,,0.718,0.496,0.802,,0.58,0.552,,,,,,,,0.172,,,,,,,,,,,,,,,,,,,,,,,,,,,0.816,0.826,0.75,0.702,0.844,0.838,0.828,0.954,0.396,0.37,0.528,0.0,0.144,0.116,0.15,0.262,0.256,0.466,0.088,0.764,0.29,0.202,0.094
C467,,,,0.19,0.305,0.268,,0.174,0.08,,,,,,,0.232,0.058,,,,,,,0.21,,0.262,,,0.232,,0.438,,0.846,,,0.676,0.446,0.42,,,,,,,,,,0.576,0.276,0.294,0.012,,,,,,,,,,,,,,,,,,,,,,,,,,,,,,,,,,,,,,,,,,,,,,,0.762,,0.032,,0.862,,,0.72,,0.0,,,,0.73,,,,,,,,,0.0,0.0,,0.0,,,,,,,,,0.598,,0.636,,,,,,,,,,,0.45,0.488,0.606,0.954,0.902,,0.892,0.318,0.08,,0.15,0.0,0.0,,0.0,0.028,0.0,,0.268,0.806,,,,,,,,0.954,,,,,,,,,,,,,,,,,,,,,,,,,,,0.798,0.954,0.796,0.954,0.954,,0.682,0.954,0.954,0.954,,,0.0,0.954,0.846,,,,0.0,0.0,0.584,0.648,0.596
C491,,,,0.188,0.783,0.576,,0.602,0.384,,,,,,,0.684,0.222,,,,,,,0.218,,0.514,,,0.182,,0.576,,0.55,,,0.76,0.248,0.842,,,,,,,,,,0.798,0.356,0.084,0.31,,,,,,,,,,,,,,,,,,,,,,,,,,,,,,,,,,,,,,,,,,,,,,,0.562,,0.402,,0.542,,,0.672,,0.082,,,,0.484,,,,,,,,,0.486,0.152,,0.794,,,,,,,,,0.552,,0.846,,,,,,,,,,,0.154,0.946,0.842,0.5,0.768,,0.684,0.684,0.862,0.954,0.65,0.398,0.35,,0.62,0.528,0.852,,0.892,0.872,,,,,,,,0.342,,,,,,,,,,,,,,,,,,,,,,,,,,,0.906,0.856,0.64,0.674,0.76,0.842,0.826,0.91,0.612,0.466,0.954,0.454,0.128,0.188,0.396,0.314,0.244,0.444,0.214,0.802,0.332,0.602,0.51
C497,,,,0.194,0.688,0.636,,0.536,0.475,,,,,,,0.61,0.304,,,,,,,0.34,,0.482,,,0.168,,0.606,,0.312,,,0.676,0.194,0.95,,,,,,,,,,0.892,0.232,0.256,0.126,,,,,,,,,,,,,,,,,,,,,,,,,,,,,,,,,,,,,,,,,,,,,,,0.666,,0.342,,0.584,,,0.676,,0.288,,,,0.578,,,,,,,,,0.52,0.2,,0.848,,,,,,,,,0.504,,0.872,,,,,,,,,,,0.134,0.934,0.872,0.622,0.798,,0.582,0.728,0.94,0.954,0.78,0.508,0.414,,0.606,0.418,0.906,,0.884,0.83,,,,,,,,0.39,,,,,,,,,,,,,,,,,,,,,,,,,,,0.898,0.82,0.708,0.748,0.918,0.886,0.942,0.924,0.612,0.488,0.946,0.548,0.16,0.19,0.23,0.384,0.416,0.502,0.236,0.87,0.318,0.518,0.25
C471,,,,0.134,0.202,0.354,,0.26,0.006,,,,,,,0.168,0.048,,,,,,,0.328,,0.06,,,0.174,,0.332,,0.846,,,0.546,0.412,0.658,,,,,,,,,,0.646,0.186,0.048,0.044,,,,,,,,,,,,,,,,,,,,,,,,,,,,,,,,,,,,,,,,,,,,,,,0.898,,0.282,,0.616,,,0.87,,0.358,,,,0.954,,,,,,,,,0.502,0.226,,0.484,,,,,,,,,0.936,,0.954,,,,,,,,,,,0.952,0.502,0.628,0.11,0.524,,0.558,0.336,0.432,0.58,0.402,0.43,0.45,,0.668,0.298,0.32,,0.502,0.954,,,,,,,,0.63,,,,,,,,,,,,,,,,,,,,,,,,,,,0.688,0.712,0.644,0.414,0.74,0.744,0.668,0.824,0.226,0.28,0.388,0.206,0.294,0.022,0.908,0.036,0.0,0.304,0.0,0.0,0.83,0.836,0.832
C472,,,,0.0,0.064,0.192,,0.0,0.032,,,,,,,0.374,0.004,,,,,,,0.19,,0.054,,,0.044,,0.0,,0.308,,,0.434,0.122,0.706,,,,,,,,,,0.666,0.108,0.092,0.012,,,,,,,,,,,,,,,,,,,,,,,,,,,,,,,,,,,,,,,,,,,,,,,0.022,,0.52,,0.284,,,0.246,,0.068,,,,0.256,,,,,,,,,0.37,0.036,,0.04,,,,,,,,,0.142,,0.104,,,,,,,,,,,0.0,0.33,0.5,0.576,0.716,,0.544,0.336,0.354,0.502,0.316,0.212,0.264,,0.546,0.322,0.298,,0.308,0.246,,,,,,,,0.118,,,,,,,,,,,,,,,,,,,,,,,,,,,0.694,0.59,0.546,0.06,0.64,0.726,0.608,0.628,0.362,0.196,0.304,0.154,0.0,0.03,0.324,0.044,0.0,0.37,0.0,0.088,0.242,0.11,0.032
C474,,,,0.046,0.445,0.454,,0.094,0.422,,,,,,,0.248,0.316,,,,,,,0.342,,0.124,,,0.138,,0.768,,0.532,,,0.712,0.252,0.794,,,,,,,,,,0.898,0.192,0.358,0.346,,,,,,,,,,,,,,,,,,,,,,,,,,,,,,,,,,,,,,,,,,,,,,,0.776,,0.394,,0.718,,,0.698,,0.286,,,,0.708,,,,,,,,,0.346,0.628,,0.756,,,,,,,,,0.796,,0.858,,,,,,,,,,,0.458,0.836,0.794,0.614,0.704,,0.552,0.666,0.74,0.804,0.612,0.218,0.34,,0.528,0.576,0.742,,0.71,0.836,,,,,,,,0.374,,,,,,,,,,,,,,,,,,,,,,,,,,,0.854,0.786,0.864,0.71,0.864,0.826,0.922,0.886,0.498,0.298,0.746,0.53,0.292,0.29,0.514,0.254,0.398,0.448,0.442,0.686,0.696,0.704,0.538
C475,,,,0.04,0.363,0.522,,0.194,0.254,,,,,,,0.106,0.108,,,,,,,0.36,,0.096,,,0.044,,0.706,,0.554,,,0.706,0.23,0.866,,,,,,,,,,0.876,0.262,0.0,0.402,,,,,,,,,,,,,,,,,,,,,,,,,,,,,,,,,,,,,,,,,,,,,,,0.76,,0.238,,0.59,,,0.73,,0.164,,,,0.708,,,,,,,,,0.276,0.546,,0.614,,,,,,,,,0.736,,0.706,,,,,,,,,,,0.26,0.822,0.806,0.434,0.64,,0.49,0.618,0.682,0.864,0.68,0.432,0.39,,0.604,0.502,0.636,,0.596,0.74,,,,,,,,0.392,,,,,,,,,,,,,,,,,,,,,,,,,,,0.792,0.532,0.81,0.532,0.718,0.724,0.858,0.712,0.478,0.406,0.734,0.476,0.386,0.272,0.646,0.496,0.294,0.45,0.254,0.584,0.718,0.65,0.468
C476,,,,0.0,0.349,0.438,,0.248,0.197,,,,,,,0.29,0.006,,,,,,,0.208,,0.048,,,0.072,,0.364,,0.348,,,0.632,0.194,0.554,,,,,,,,,,0.678,0.162,0.0,0.106,,,,,,,,,,,,,,,,,,,,,,,,,,,,,,,,,,,,,,,,,,,,,,,0.486,,0.26,,0.41,,,0.386,,0.254,,,,0.524,,,,,,,,,0.396,0.348,,0.3,,,,,,,,,0.388,,0.41,,,,,,,,,,,0.222,0.378,0.632,0.284,0.564,,0.446,0.414,0.442,0.72,0.514,0.476,0.384,,0.648,0.25,0.398,,0.376,0.52,,,,,,,,0.0,,,,,,,,,,,,,,,,,,,,,,,,,,,0.688,0.604,0.65,0.344,0.636,0.742,0.692,0.692,0.288,0.386,0.502,0.394,0.21,0.12,0.366,0.364,0.252,0.426,0.0,0.188,0.39,0.216,0.142
C488,,,,0.09,0.749,0.39,,0.572,0.316,,,,,,,0.584,0.094,,,,,,,0.398,,0.428,,,0.106,,,,0.506,,,0.684,0.108,0.954,,,,,,,,,,0.812,0.282,0.168,0.34,,,,,,,,,,,,,,,,,,,,,,,,,,,,,,,,,,,,,,,,,,,,,,,0.784,,0.22,,0.612,,,0.754,,0.284,,,,0.56,,,,,,,,,0.604,0.11,,0.858,,,,,,,,,0.666,,0.954,,,,,,,,,,,0.362,0.722,0.776,0.676,0.806,,0.63,0.602,0.954,0.88,0.596,0.496,0.312,,0.68,0.32,0.894,,0.66,0.698,,,,,,,,0.578,,,,,,,,,,,,,,,,,,,,,,,,,,,0.848,0.904,0.816,0.768,0.942,0.94,0.954,0.954,0.63,0.42,0.736,0.3,0.168,0.212,0.432,0.346,0.074,0.542,0.058,0.848,0.312,0.674,0.534
C477,,,,0.0,0.1,0.594,,0.174,0.076,,,,,,,0.326,0.0,,,,,,,0.206,,0.18,,,0.014,,0.606,,0.474,,,0.908,0.2,0.242,,,,,,,,,,0.73,0.142,0.106,0.0,,,,,,,,,,,,,,,,,,,,,,,,,,,,,,,,,,,,,,,,,,,,,,,0.48,,0.076,,0.34,,,0.544,,0.18,,,,0.458,,,,,,,,,0.43,0.408,,0.274,,,,,,,,,0.628,,0.328,,,,,,,,,,,0.298,0.32,0.562,0.204,0.274,,0.372,0.226,0.18,0.4,0.492,0.554,0.332,,0.676,0.206,0.29,,0.068,0.358,,,,,,,,0.0,,,,,,,,,,,,,,,,,,,,,,,,,,,0.47,0.41,0.618,0.238,0.666,0.63,0.61,0.524,0.256,0.416,0.028,0.12,0.264,0.022,0.448,0.0,0.0,0.34,0.0,0.0,0.506,0.416,0.384
C478,,,,0.0,0.0,0.318,,0.074,0.056,,,,,,,0.238,0.02,,,,,,,0.128,,0.056,,,0.0,,0.242,,0.324,,,0.466,0.37,0.268,,,,,,,,,,0.604,0.134,0.0,0.002,,,,,,,,,,,,,,,,,,,,,,,,,,,,,,,,,,,,,,,,,,,,,,,0.572,,0.068,,0.342,,,0.38,,0.108,,,,0.406,,,,,,,,,0.096,0.3,,0.134,,,,,,,,,0.404,,,,,,,,,,,,,0.174,0.41,0.572,0.06,0.212,,0.238,0.18,0.144,0.576,0.106,0.0,0.14,,0.328,0.194,0.0,,0.318,0.52,,,,,,,,0.0,,,,,,,,,,,,,,,,,,,,,,,,,,,0.688,0.422,0.72,0.28,0.652,0.556,0.64,0.498,0.32,0.644,0.368,0.13,0.11,0.11,0.412,0.0,0.0,0.0,0.0,0.0,0.47,0.24,0.208
C483,,,,0.16,0.46,0.372,,0.344,0.247,,,,,,,0.47,0.188,,,,,,,0.388,,0.242,,,0.002,,0.376,,0.298,,,0.564,0.4,0.766,,,,,,,,,,0.62,0.158,0.0,0.194,,,,,,,,,,,,,,,,,,,,,,,,,,,,,,,,,,,,,,,,,,,,,,,0.564,,0.332,,0.446,,,0.444,,0.146,,,,0.484,,,,,,,,,0.464,0.142,,0.514,,,,,,,,,0.43,,0.654,,,,,,,,,,,0.106,0.666,0.658,0.51,0.658,,0.632,0.56,0.71,0.872,0.688,0.578,0.496,,0.722,0.51,0.752,,0.782,0.732,,,,,,,,0.312,,,,,,,,,,,,,,,,,,,,,,,,,,,0.838,0.738,0.604,0.578,0.808,0.766,0.758,0.802,0.44,0.502,0.796,0.332,0.108,0.15,0.316,0.352,0.236,0.42,0.108,0.584,0.342,0.276,0.166
C592,,,,,,,,,,,,,,,,,,,,,,,,0.348,,0.56,,,,,,,0.418,,,,,,,,,,,,,,,,0.198,0.228,0.202,,,,,,,,,,,,,,,,,,,,,,,,,,,,,,,,,,,,,,,,,,,,,,,,,,,,,,0.614,,,,,,,,,,,,,,,,,,,,,,,,,,,,,,,,,,,,,,,,,,,,,,,,,,,,,,,,,,,,,,,,,,,,,,,,,,,,,,,,,,,,,,,,,,,,,,,,,,,,,,,,,,,,0.486,,,,,,0.45,0.474,0.198
C479,,,,0.0,0.715,0.744,,0.422,0.596,,,,,,,0.486,0.376,,,,,,,0.256,,0.738,,,0.258,,0.73,,0.398,,,0.73,0.26,0.784,,,,,,,,,,0.244,0.198,0.282,0.136,,,,,,,,,,,,,,,,,,,,,,,,,,,,,,,,,,,,,,,,,,,,,,,0.64,,0.48,,0.698,,,0.61,,0.144,,,,0.364,,,,,,,,,0.506,0.508,,0.772,,,,,,,,,0.574,,0.816,,,,,,,,,,,0.378,0.66,0.736,0.678,0.568,,0.556,0.546,0.826,0.672,0.83,0.516,0.374,,0.482,0.428,0.824,,0.638,0.634,,,,,,,,0.568,,,,,,,,,,,,,,,,,,,,,,,,,,,0.844,0.898,0.778,0.774,0.816,0.794,0.872,0.912,0.216,0.31,0.68,0.63,0.212,0.296,0.322,0.488,0.47,0.61,0.406,0.714,0.108,0.61,0.476
C480,,,,0.0,0.375,0.452,,0.256,0.381,,,,,,,0.208,0.09,,,,,,,0.174,,0.262,,,0.09,,0.726,,0.248,,,0.688,0.44,0.864,,,,,,,,,,0.59,0.294,0.126,0.366,,,,,,,,,,,,,,,,,,,,,,,,,,,,,,,,,,,,,,,,,,,,,,,0.696,,0.404,,0.362,,,0.394,,0.202,,,,0.56,,,,,,,,,0.274,0.164,,0.722,,,,,,,,,0.592,,0.872,,,,,,,,,,,0.086,0.896,0.856,0.57,0.836,,0.782,0.7,0.864,0.88,0.748,0.53,0.638,,0.704,0.532,0.84,,0.89,0.898,,,,,,,,0.322,,,,,,,,,,,,,,,,,,,,,,,,,,,0.9,0.726,0.59,0.584,0.782,0.738,0.714,0.896,0.634,0.558,0.828,0.5,0.228,0.21,0.35,0.348,0.276,0.398,0.138,0.748,0.336,0.206,0.122
C485,,,,0.04,0.532,0.304,,0.342,0.253,,,,,,,0.474,0.288,,,,,,,0.254,,0.204,,,0.018,,0.166,,0.184,,,0.538,0.404,0.816,,,,,,,,,,0.736,0.184,0.042,0.138,,,,,,,,,,,,,,,,,,,,,,,,,,,,,,,,,,,,,,,,,,,,,,,0.546,,0.306,,0.382,,,0.5,,0.262,,,,0.488,,,,,,,,,0.45,0.174,,0.516,,,,,,,,,0.476,,0.682,,,,,,,,,,,0.202,0.68,0.7,0.466,0.652,,0.584,0.558,0.728,0.91,0.642,0.58,0.394,,0.754,0.606,0.81,,0.76,0.766,,,,,,,,0.412,,,,,,,,,,,,,,,,,,,,,,,,,,,0.848,0.832,0.67,,0.848,0.818,0.77,0.796,0.444,0.554,0.84,0.218,0.12,0.144,0.198,0.358,0.172,0.428,0.176,0.632,0.288,0.526,0.37
C481,,,,0.0,0.887,0.676,,0.336,0.571,,,,,,,0.39,0.252,,,,,,,0.506,,0.694,,,0.026,,0.5,,0.318,,,0.69,0.516,0.862,,,,,,,,,,0.928,0.19,0.0,0.67,,,,,,,,,,,,,,,,,,,,,,,,,,,,,,,,,,,,,,,,,,,,,,,0.912,,0.476,,0.672,,,0.856,,0.44,,,,0.772,,,,,,,,,0.482,0.246,,0.818,,,,,,,,,0.672,,0.92,,,,,,,,,,,0.23,0.948,0.86,0.69,0.868,,0.728,0.824,0.94,0.954,0.864,0.548,0.614,,0.662,0.612,0.874,,0.822,0.812,,,,,,,,0.398,,,,,,,,,,,,,,,,,,,,,,,,,,,0.916,0.9,0.898,0.886,0.952,0.924,0.954,0.954,0.69,0.576,0.904,0.644,0.2,0.18,0.332,0.308,0.386,0.384,0.12,0.756,0.234,0.71,0.44
C482,,,,0.154,0.124,0.152,,0.452,0.044,,,,,,,0.768,0.312,,,,,,,0.354,,0.344,,,0.072,,0.0,,0.808,,,0.666,0.07,0.95,,,,,,,,,,0.944,0.428,0.078,0.266,,,,,,,,,,,,,,,,,,,,,,,,,,,,,,,,,,,,,,,,,,,,,,,0.744,,0.07,,0.59,,,0.86,,0.178,,,,0.824,,,,,,,,,0.384,0.406,,0.456,,,,,,,,,0.798,,0.894,,,,,,,,,,,0.574,0.952,0.95,0.096,0.33,,0.724,0.766,0.776,0.936,0.642,0.62,0.158,,0.672,0.628,0.766,,0.756,0.814,,,,,,,,,,,,,,,,,,,,,,,,,,,,,,,,,,,0.842,0.574,0.794,0.498,0.93,0.784,0.948,0.922,0.566,0.58,0.9,0.224,0.21,0.158,0.624,0.236,0.0,0.352,0.0,0.534,0.702,0.926,0.954
C484,,,,0.044,0.0,0.25,,0.002,0.077,,,,,,,0.218,0.14,,,,,,,0.106,,0.036,,,0.0,,0.624,,0.922,,,0.46,0.082,0.924,,,,,,,,,,0.74,0.132,0.0,0.152,,,,,,,,,,,,,,,,,,,,,,,,,,,,,,,,,,,,,,,,,,,,,,,0.878,,0.132,,0.816,,,0.934,,0.06,,,,0.908,,,,,,,,,0.17,0.048,,0.838,,,,,,,,,0.95,,0.954,,,,,,,,,,,0.86,0.954,0.768,0.394,0.572,,0.516,0.724,0.89,0.954,0.29,0.038,0.072,,0.092,0.216,0.894,,0.908,0.94,,,,,,,,0.744,,,,,,,,,,,,,,,,,,,,,,,,,,,0.926,0.764,0.646,0.644,0.87,0.812,0.95,0.954,0.622,0.4,0.954,0.296,0.046,0.0,0.774,0.038,0.0,0.14,0.216,0.846,0.838,0.954,0.954
C487,,,,0.654,,,,,,,,,,,,,,,,,,,,,,0.946,,,0.284,,,,0.954,,,,0.104,,,,,,,,,,,0.216,0.8,0.348,0.178,,,,,,,,,,,,,,,,,,,,,,,,,,,,,,,,,,,,,,,,,,,,,,,,,,,,,,0.954,,,,,,,,,,,,,,,,,,,,,,,,,,,,,,,,,,,,,,,,0.854,,,,,,,,,,,,,,,,,,,,,,,,,,,,,,,,,,,,,,,,,,,,,,,,,,,,,,,,0.28,,,,,,,0.722,,,0.214,0.0,0.0,,,,,,0.0,,0.954
C490,,,,0.108,0.151,0.578,,0.0,0.239,,,,,,,0.544,0.078,,,,,,,0.3,,0.246,,,0.122,,0.512,,0.386,,,0.626,0.636,0.83,,,,,,,,,,0.916,0.262,0.0,0.164,,,,,,,,,,,,,,,,,,,,,,,,,,,,,,,,,,,,,,,,,,,,,,,0.452,,0.414,,0.636,,,0.404,,0.0,,,,0.524,,,,,,,,,0.478,0.022,,0.608,,,,,,,,,0.28,,0.734,,,,,,,,,,,0.152,0.544,0.774,,0.69,,0.592,0.55,0.85,0.638,0.868,0.732,0.618,,0.872,0.752,0.906,,0.662,0.514,,,,,,,,0.17,,,,,,,,,,,,,,,,,,,,,,,,,,,0.9,0.934,0.914,0.908,0.954,0.948,0.954,0.954,0.586,0.69,0.592,0.414,0.212,0.212,0.338,0.024,0.058,0.286,0.0,0.598,0.252,0.476,0.372
C492,,,,0.034,0.315,0.396,,0.314,0.193,,,,,,,0.584,0.142,,,,,,,0.3,,0.208,,,0.024,,0.682,,0.062,,,0.712,0.45,0.666,,,,,,,,,,0.824,0.182,0.33,0.21,,,,,,,,,,,,,,,,,,,,,,,,,,,,,,,,,,,,,,,,,,,,,,,0.564,,0.218,,0.226,,,0.08,,0.29,,,,0.396,,,,,,,,,0.524,0.114,,0.85,,,,,,,,,0.468,,0.936,,,,,,,,,,,0.148,0.9,0.7,0.69,0.806,,0.782,0.738,0.948,0.912,0.708,0.424,0.532,,0.66,0.482,0.912,,0.778,0.868,,,,,,,,0.16,,,,,,,,,,,,,,,,,,,,,,,,,,,0.88,0.698,0.634,0.664,0.822,0.8,0.788,0.92,0.678,0.464,0.86,0.282,0.122,0.142,0.182,0.166,0.208,0.508,0.332,0.864,0.364,0.362,0.198
C493,,,,0.28,0.004,0.27,,0.288,0.039,,,,,,,0.398,0.1,,,,,,,0.336,,0.242,,,0.038,,0.184,,0.64,,,0.292,0.03,0.806,,,,,,,,,,0.702,0.068,0.214,0.068,,,,,,,,,,,,,,,,,,,,,,,,,,,,,,,,,,,,,,,,,,,,,,,0.402,,0.046,,0.268,,,0.49,,0.222,,,,0.534,,,,,,,,,0.388,0.16,,0.086,,,,,,,,,0.53,,0.396,,,,,,,,,,,0.426,0.84,0.528,0.05,0.3,,0.502,0.448,0.506,0.954,0.322,0.282,0.064,,0.482,0.28,0.426,,0.894,0.862,,,,,,,,0.282,,,,,,,,,,,,,,,,,,,,,,,,,,,0.914,0.472,0.596,0.362,0.756,0.77,0.696,0.65,0.278,0.42,0.88,0.164,0.126,0.0,0.232,0.234,0.0,0.316,0.11,0.308,0.29,0.5,0.574
C593,,,,,,,,,,,,,,,,,,,,,,,,,,0.354,,,,,,,0.428,,,,,,,,,,,,,,,,0.282,0.338,,,,,,,,,,,,,,,,,,,,,,,,,,,,,,,,,,,,,,,,,,,,,,,,,,,,,,,0.592,,,,,,,,,,,,,,,,,,,,,,,,,,,,,,,,,,,,,,,,,,,,,,,,,,,,,,,,,,,,,,,,,,,,,,,,,,,,,,,,,,,,,,,,,,,,,,,,,,,,,,,,,,,,0.286,,,,,,0.26,,
C494,,,,0.116,0.0,0.418,,0.138,0.19,,,,,,,0.902,0.306,,,,,,,0.16,,0.472,,,0.218,,0.748,,0.954,,,0.864,0.14,0.858,,,,,,,,,,0.856,0.28,0.208,0.164,,,,,,,,,,,,,,,,,,,,,,,,,,,,,,,,,,,,,,,,,,,,,,,0.91,,0.206,,0.858,,,0.954,,0.472,,,,0.954,,,,,,,,,0.928,0.356,,0.954,,,,,,,,,0.954,,0.954,,,,,,,,,,,0.954,0.954,0.954,0.596,0.954,,0.954,0.842,0.954,0.954,0.58,0.216,0.144,,0.866,0.354,0.954,,0.83,0.936,,,,,,,,0.618,,,,,,,,,,,,,,,,,,,,,,,,,,,0.906,0.802,0.898,0.794,0.954,0.954,0.954,0.954,0.834,0.416,0.948,0.444,0.24,0.238,0.67,0.124,0.122,0.826,0.206,0.954,0.818,0.946,0.954
C495,,,,0.204,0.0,0.65,,0.0,0.022,,,,,,,0.6,0.394,,,,,,,0.234,,0.266,,,0.06,,0.0,,0.384,,,0.954,0.392,0.658,,,,,,,,,,0.58,0.106,0.0,0.022,,,,,,,,,,,,,,,,,,,,,,,,,,,,,,,,,,,,,,,,,,,,,,,0.158,,0.098,,0.174,,,0.34,,0.286,,,,0.514,,,,,,,,,0.49,0.35,,0.228,,,,,,,,,,,0.152,,,,,,,,,,,0.324,0.426,0.858,0.076,0.32,,0.41,0.568,0.562,0.86,0.946,0.936,0.488,,0.866,0.908,0.896,,0.198,0.302,,,,,,,,0.0,,,,,,,,,,,,,,,,,,,,,,,,,,,0.416,0.432,0.528,0.274,0.888,0.874,0.764,0.702,0.448,0.888,0.482,0.344,0.05,0.04,0.058,0.49,0.0,0.278,0.0,0.39,0.0,0.408,0.496
C498,,,,0.0,0.294,0.368,,0.158,0.071,,,,,,,0.356,0.014,,,,,,,0.062,,0.012,,,0.0,,0.644,,0.534,,,0.362,0.0,0.658,,,,,,,,,,0.784,0.224,0.0,0.01,,,,,,,,,,,,,,,,,,,,,,,,,,,,,,,,,,,,,,,,,,,,,,,0.918,,0.016,,0.32,,,0.612,,0.04,,,,0.618,,,,,,,,,0.084,0.156,,0.09,,,,,,,,,0.784,,0.0,,,,,,,,,,,0.28,0.474,0.582,0.02,0.324,,0.406,0.39,0.384,0.818,0.284,0.376,0.078,,0.414,0.136,0.336,,0.896,0.806,,,,,,,,0.0,,,,,,,,,,,,,,,,,,,,,,,,,,,0.788,0.324,0.722,0.152,0.612,0.452,0.58,0.46,0.452,0.226,0.668,0.122,0.466,0.006,0.608,0.264,0.002,0.154,0.0,0.15,0.764,0.738,0.764
C499,,,,0.008,0.267,0.212,,0.186,0.248,,,,,,,0.348,0.11,,,,,,,0.338,,0.076,,,0.054,,0.558,,0.204,,,0.49,0.262,0.82,,,,,,,,,,0.732,0.176,0.05,0.352,,,,,,,,,,,,,,,,,,,,,,,,,,,,,,,,,,,,,,,,,,,,,,,0.396,,0.036,,0.17,,,0.338,,0.09,,,,0.38,,,,,,,,,0.276,0.066,,0.558,,,,,,,,,0.33,,0.688,,,,,,,,,,,0.124,0.844,0.528,0.432,0.642,,0.584,0.57,0.794,0.88,0.634,0.516,0.512,,0.646,0.408,0.8,,0.8,0.828,,,,,,,,0.184,,,,,,,,,,,,,,,,,,,,,,,,,,,0.834,0.46,0.6,0.44,0.642,0.614,0.636,0.73,0.512,0.436,0.784,0.078,0.192,0.12,0.326,0.164,0.154,0.296,0.014,0.568,0.43,0.552,0.228
C500,,,,0.016,0.231,0.184,,0.106,0.088,,,,,,,0.284,0.086,,,,,,,0.318,,0.078,,,0.09,,0.534,,0.19,,,0.422,0.302,0.812,,,,,,,,,,0.798,0.13,0.0,0.322,,,,,,,,,,,,,,,,,,,,,,,,,,,,,,,,,,,,,,,,,,,,,,,0.576,,0.048,,0.224,,,0.368,,0.124,,,,0.402,,,,,,,,,0.256,0.116,,0.54,,,,,,,,,0.418,,0.694,,,,,,,,,,,0.182,0.886,0.536,0.394,0.646,,0.586,0.574,0.768,0.886,0.588,0.568,0.526,,0.698,0.544,0.764,,0.868,0.924,,,,,,,,0.246,,,,,,,,,,,,,,,,,,,,,,,,,,,0.89,0.47,0.698,0.472,0.704,0.622,0.676,0.75,0.454,0.562,0.806,0.0,0.254,0.128,0.332,0.058,0.152,0.39,0.032,0.6,0.386,0.502,0.328
C594,,,,,,,,,,,,,,,,,,,,,,,,0.064,,0.046,,,,,,,0.0,,,,,,,,,,,,,,,,0.37,0.0,0.002,,,,,,,,,,,,,,,,,,,,,,,,,,,,,,,,,,,,,,,,,,,,,,,,,,,,,,0.066,,,,,,,,,,,,,,,,,,,,,,,,,,,,,,,,,,,,,,,,,,,,,,,,,,,,,,,,,,,,,,,,,,,,,,,,,,,,,,,,,,,,,,,,,,,,,,,,,,,,,,,,,,,,0.712,,,,,,0.244,0.528,0.556
C501,,,,0.0,0.421,0.662,,0.2,0.327,,,,,,,0.428,0.57,,,,,,,0.312,,0.324,,,0.0,,0.77,,0.092,,,0.754,0.218,0.61,,,,,,,,,,0.612,0.174,0.108,0.37,,,,,,,,,,,,,,,,,,,,,,,,,,,,,,,,,,,,,,,,,,,,,,,0.554,,0.612,,0.668,,,0.492,,0.152,,,,0.348,,,,,,,,,0.408,0.566,,0.828,,,,,,,,,0.644,,0.872,,,,,,,,,,,0.07,0.84,0.866,0.758,0.912,,0.854,0.842,0.912,0.686,0.73,0.384,0.45,,0.642,0.718,0.872,,0.62,0.618,,,,,,,,0.184,,,,,,,,,,,,,,,,,,,,,,,,,,,0.752,0.754,0.398,0.37,0.772,0.62,0.79,0.9,0.762,0.408,0.602,0.664,0.16,0.188,0.15,0.224,0.35,0.458,0.552,0.838,0.344,0.502,0.318
C502,,,,0.002,0.036,0.514,,0.0,0.331,,,,,,,0.408,0.046,,,,,,,0.0,,0.0,,,0.0,,0.954,,0.0,,,0.118,0.0,0.186,,,,,,,,,,0.702,0.884,0.0,0.0,,,,,,,,,,,,,,,,,,,,,,,,,,,,,,,,,,,,,,,,,,,,,,,0.954,,0.0,,0.0,,,0.104,,0.152,,,,0.176,,,,,,,,,0.014,0.36,,0.036,,,,,,,,,0.294,,0.0,,,,,,,,,,,0.0,0.284,,0.0,0.252,,0.536,,0.55,0.334,0.462,0.568,0.188,,0.472,0.316,0.486,,0.656,0.632,,,,,,,,0.0,,,,,,,,,,,,,,,,,,,,,,,,,,,0.436,0.0,0.734,0.0,0.124,0.0,0.204,0.0,0.09,0.004,0.0,0.066,0.868,0.0,0.3,0.32,0.0,0.0,0.014,0.118,0.388,0.434,0.742
C503,,,,0.006,0.656,0.482,,0.306,0.339,,,,,,,0.55,0.398,,,,,,,0.378,,0.342,,,0.0,,0.576,,0.238,,,0.814,0.202,0.896,,,,,,,,,,0.81,0.22,0.0,0.432,,,,,,,,,,,,,,,,,,,,,,,,,,,,,,,,,,,,,,,,,,,,,,,0.82,,0.312,,0.514,,,0.46,,0.244,,,,0.566,,,,,,,,,0.526,0.17,,0.512,,,,,,,,,0.484,,0.774,,,,,,,,,,,0.176,0.942,0.814,0.682,0.826,,0.832,0.728,0.82,0.936,0.628,0.394,0.47,,0.684,0.41,0.638,,0.954,0.952,,,,,,,,0.444,,,,,,,,,,,,,,,,,,,,,,,,,,,0.944,0.814,0.784,0.696,0.818,0.786,0.808,0.9,0.646,0.482,0.908,0.368,0.26,0.216,0.272,0.248,0.308,0.556,0.138,0.484,0.236,0.504,0.354
HC1,,,,,,,,,,,,,,,,,,,,,,,,,,,,,,,,,,,,,,,,,,,,,,,,,,,,,,,,,,,,,,,,,,,,,,,,,,,,,,,,,,,,,,,,,,,,,,,,,,,,,,,,,,,,,,,,,,,,,,,,,,,,,,,,,,,,,,,,,,,,,,,,,,,,,,,,,,,,,,,,,,,,,,,,,,,,,,,,,,,,,,,,,,,,,,,,,,,,,,,,,,,,,,,,,,,,,,,,,,,,,
HC2,,,,,,,,,,,,,,,,,,,,,,,,,,,,,,,,,,,,,,,,,,,,,,,,,,,,,,,,,,,,,,,,,,,,,,,,,,,,,,,,,,,,,,,,,,,,,,,,,,,,,,,,,,,,,,,,,,,,,,,,,,,,,,,,,,,,,,,,,,,,,,,,,,,,,,,,,,,,,,,,,,,,,,,,,,,,,,,,,,,,,,,,,,,,,,,,,,,,,,,,,,,,,,,,,,,,,,,,,,,,,
HC3,,,,,,,,,,,,,,,,,,,,,,,,,,,,,,,,,,,,,,,,,,,,,,,,,,,,,,,,,,,,,,,,,,,,,,,,,,,,,,,,,,,,,,,,,,,,,,,,,,,,,,,,,,,,,,,,,,,,,,,,,,,,,,,,,,,,,,,,,,,,,,,,,,,,,,,,,,,,,,,,,,,,,,,,,,,,,,,,,,,,,,,,,,,,,,,,,,,,,,,,,,,,,,,,,,,,,,,,,,,,,
HC4,,,,,,,,,,,,,,,,,,,,,,,,,,,,,,,,,,,,,,,,,,,,,,,,,,,,,,,,,,,,,,,,,,,,,,,,,,,,,,,,,,,,,,,,,,,,,,,,,,,,,,,,,,,,,,,,,,,,,,,,,,,,,,,,,,,,,,,,,,,,,,,,,,,,,,,,,,,,,,,,,,,,,,,,,,,,,,,,,,,,,,,,,,,,,,,,,,,,,,,,,,,,,,,,,,,,,,,,,,,,,
