,Sample_ID,ASXL1,ASXL2,ATG2B,ATM,BCOR,BCORL1,BIRC6,BRAF,CBL,CCND3,CEBPA,CHD2,CHEK2,CREBBP,CSF3R,DNMT3A,DOCK8,EP300,ERBB4,ETV6,EZH2,FAT1,FAT4,FLT3,FLT3.D835,FLT3.ITD,GATA2,GNAS,IDH1,IDH2,IKZF1,JAK2,JAK3,KIT,KMT2A,KMT2C,KMT2D,KRAS,MED12,MLL,MPL,MYC,NF1,NOTCH1,NPM1,NRAS,PCLO,PDGFRA,PHF6,PTCH1,PTPN11,RAD21,RBBP6,RELN,RIT1,RTEL1,RUNX1,SETBP1,SETD2,SF3B1,SMC1A,SPEN,SRSF2,STAG2,SUZ12,SYNE1,TET2,TP53,U2AF1,USH2A,WT1,ZRSR2
0,C541,Mutated,Wild-Type,Wild-Type,Wild-Type,Wild-Type,Wild-Type,Wild-Type,Wild-Type,Wild-Type,Wild-Type,Wild-Type,Wild-Type,Wild-Type,Wild-Type,Wild-Type,Wild-Type,Wild-Type,Wild-Type,Wild-Type,Mutated,Wild-Type,Wild-Type,Wild-Type,Wild-Type,Wild-Type,Wild-Type,Wild-Type,Wild-Type,Wild-Type,Wild-Type,Mutated,Wild-Type,Wild-Type,Wild-Type,Wild-Type,Wild-Type,Wild-Type,Wild-Type,Wild-Type,Wild-Type,Wild-Type,Wild-Type,Wild-Type,Wild-Type,Wild-Type,Wild-Type,Wild-Type,Wild-Type,Wild-Type,Wild-Type,Wild-Type,Wild-Type,Wild-Type,Wild-Type,Wild-Type,Wild-Type,Wild-Type,Wild-Type,Wild-Type,Wild-Type,Wild-Type,Wild-Type,Wild-Type,Wild-Type,Wild-Type,Wild-Type,Mutated,Wild-Type,Wild-Type,Wild-Type,Wild-Type,Wild-Type
1,C20,Wild-Type,Wild-Type,Wild-Type,Wild-Type,Mutated,Wild-Type,Wild-Type,Wild-Type,Wild-Type,Wild-Type,Wild-Type,Wild-Type,Wild-Type,Wild-Type,Wild-Type,Wild-Type,Wild-Type,Wild-Type,Wild-Type,Wild-Type,Wild-Type,Wild-Type,Wild-Type,Mutated,Mutated,Wild-Type,Mutated,Wild-Type,Wild-Type,Wild-Type,Mutated,Wild-Type,Wild-Type,Wild-Type,Wild-Type,Wild-Type,Wild-Type,Wild-Type,Wild-Type,Wild-Type,Wild-Type,Wild-Type,Wild-Type,Wild-Type,Wild-Type,Wild-Type,Wild-Type,Wild-Type,Wild-Type,Wild-Type,Mutated,Wild-Type,Wild-Type,Wild-Type,Wild-Type,Wild-Type,Wild-Type,Mutated,Wild-Type,Mutated,Wild-Type,Wild-Type,Wild-Type,Wild-Type,Wild-Type,Wild-Type,Wild-Type,Wild-Type,Wild-Type,Wild-Type,Wild-Type,Wild-Type
2,S80,Wild-Type,Wild-Type,Wild-Type,Wild-Type,Wild-Type,Wild-Type,Wild-Type,Wild-Type,Wild-Type,Mutated,Wild-Type,Wild-Type,Mutated,Wild-Type,Wild-Type,Mutated,Wild-Type,Wild-Type,Wild-Type,Wild-Type,Wild-Type,Wild-Type,Wild-Type,Mutated,Wild-Type,Mutated,Wild-Type,Wild-Type,Wild-Type,Wild-Type,Wild-Type,Wild-Type,Wild-Type,Wild-Type,Wild-Type,Wild-Type,Wild-Type,Wild-Type,Wild-Type,Wild-Type,Wild-Type,Wild-Type,Wild-Type,Wild-Type,Mutated,Wild-Type,Wild-Type,Wild-Type,Wild-Type,Wild-Type,Wild-Type,Wild-Type,Wild-Type,Wild-Type,Wild-Type,Wild-Type,Wild-Type,Wild-Type,Wild-Type,Wild-Type,Wild-Type,Wild-Type,Wild-Type,Wild-Type,Wild-Type,Wild-Type,Wild-Type,Wild-Type,Wild-Type,Wild-Type,Wild-Type,Wild-Type
3,S117,Wild-Type,Wild-Type,Wild-Type,Wild-Type,Wild-Type,Wild-Type,Wild-Type,Wild-Type,Wild-Type,Wild-Type,Wild-Type,Wild-Type,Wild-Type,Wild-Type,Wild-Type,Mutated,Wild-Type,Wild-Type,Wild-Type,Wild-Type,Wild-Type,Wild-Type,Wild-Type,Wild-Type,Wild-Type,Wild-Type,Wild-Type,Wild-Type,Wild-Type,Wild-Type,Wild-Type,Wild-Type,Wild-Type,Wild-Type,Wild-Type,Wild-Type,Wild-Type,Wild-Type,Wild-Type,Wild-Type,Wild-Type,Wild-Type,Wild-Type,Wild-Type,Mutated,Wild-Type,Wild-Type,Wild-Type,Wild-Type,Wild-Type,Mutated,Wild-Type,Wild-Type,Wild-Type,Wild-Type,Wild-Type,Wild-Type,Wild-Type,Wild-Type,Wild-Type,Wild-Type,Wild-Type,Wild-Type,Wild-Type,Wild-Type,Wild-Type,Wild-Type,Wild-Type,Wild-Type,Wild-Type,Wild-Type,Wild-Type
4,S119,,,,,,,,,,,,,,,,,,,,,,,,Wild-Type,,Wild-Type,,,,,,,,,,,,,,,,,,,Wild-Type,,,,,,,,,,,,,,,,,,,,,,,,,,,
5,S134,Wild-Type,Wild-Type,Wild-Type,Wild-Type,Wild-Type,Wild-Type,Wild-Type,Wild-Type,Wild-Type,Wild-Type,Wild-Type,Wild-Type,Wild-Type,Wild-Type,Wild-Type,Wild-Type,Wild-Type,Wild-Type,Wild-Type,Wild-Type,Wild-Type,Wild-Type,Wild-Type,Mutated,Mutated,Wild-Type,Wild-Type,Wild-Type,Wild-Type,Wild-Type,Wild-Type,Wild-Type,Wild-Type,Wild-Type,Wild-Type,Wild-Type,Wild-Type,Wild-Type,Wild-Type,Wild-Type,Wild-Type,Wild-Type,Wild-Type,Wild-Type,Wild-Type,Wild-Type,Wild-Type,Wild-Type,Wild-Type,Wild-Type,Wild-Type,Wild-Type,Wild-Type,Wild-Type,Wild-Type,Wild-Type,Wild-Type,Wild-Type,Wild-Type,Wild-Type,Wild-Type,Wild-Type,Wild-Type,Wild-Type,Wild-Type,Wild-Type,Wild-Type,Wild-Type,Wild-Type,Wild-Type,Wild-Type,Wild-Type
6,S135,Wild-Type,Wild-Type,Wild-Type,Wild-Type,Wild-Type,Wild-Type,Wild-Type,Wild-Type,Wild-Type,Wild-Type,Wild-Type,Wild-Type,Wild-Type,Wild-Type,Wild-Type,Wild-Type,Wild-Type,Wild-Type,Wild-Type,Wild-Type,Wild-Type,Wild-Type,Wild-Type,Mutated,Wild-Type,Mutated,Wild-Type,Wild-Type,Wild-Type,Wild-Type,Wild-Type,Wild-Type,Wild-Type,Wild-Type,Wild-Type,Wild-Type,Wild-Type,Wild-Type,Wild-Type,Wild-Type,Wild-Type,Wild-Type,Wild-Type,Wild-Type,Wild-Type,Wild-Type,Wild-Type,Wild-Type,Wild-Type,Wild-Type,Wild-Type,Wild-Type,Wild-Type,Wild-Type,Wild-Type,Wild-Type,Wild-Type,Wild-Type,Wild-Type,Wild-Type,Wild-Type,Wild-Type,Wild-Type,Wild-Type,Wild-Type,Wild-Type,Wild-Type,Wild-Type,Wild-Type,Wild-Type,Mutated,Wild-Type
7,C1,Wild-Type,Wild-Type,Wild-Type,Wild-Type,Wild-Type,Wild-Type,Wild-Type,Wild-Type,Wild-Type,Wild-Type,Wild-Type,Wild-Type,Wild-Type,Wild-Type,Wild-Type,Mutated,Wild-Type,Wild-Type,Wild-Type,Wild-Type,Wild-Type,Wild-Type,Wild-Type,Mutated,Wild-Type,Mutated,Wild-Type,Wild-Type,Wild-Type,Wild-Type,Wild-Type,Wild-Type,Wild-Type,Wild-Type,Wild-Type,Wild-Type,Wild-Type,Wild-Type,Wild-Type,Wild-Type,Wild-Type,Wild-Type,Wild-Type,Wild-Type,Mutated,Wild-Type,Wild-Type,Wild-Type,Wild-Type,Wild-Type,Wild-Type,Wild-Type,Wild-Type,Wild-Type,Wild-Type,Wild-Type,Wild-Type,Wild-Type,Wild-Type,Wild-Type,Wild-Type,Wild-Type,Wild-Type,Wild-Type,Wild-Type,Wild-Type,Mutated,Wild-Type,Wild-Type,Wild-Type,Mutated,Wild-Type
8,S136,Mutated,Wild-Type,Wild-Type,Wild-Type,Wild-Type,Wild-Type,Wild-Type,Wild-Type,Wild-Type,Wild-Type,Wild-Type,Wild-Type,Wild-Type,Wild-Type,Wild-Type,Wild-Type,Wild-Type,Wild-Type,Wild-Type,Wild-Type,Wild-Type,Wild-Type,Wild-Type,Mutated,Mutated,Mutated,Wild-Type,Wild-Type,Wild-Type,Wild-Type,Wild-Type,Wild-Type,Wild-Type,Wild-Type,Mutated,Wild-Type,Wild-Type,Wild-Type,Wild-Type,Wild-Type,Wild-Type,Wild-Type,Wild-Type,Wild-Type,Mutated,Wild-Type,Wild-Type,Wild-Type,Wild-Type,Wild-Type,Wild-Type,Wild-Type,Wild-Type,Wild-Type,Wild-Type,Wild-Type,Wild-Type,Wild-Type,Wild-Type,Wild-Type,Wild-Type,Wild-Type,Wild-Type,Wild-Type,Wild-Type,Wild-Type,Wild-Type,Wild-Type,Wild-Type,Wild-Type,Wild-Type,Wild-Type
9,S137,Wild-Type,Wild-Type,Wild-Type,Wild-Type,Wild-Type,Wild-Type,Wild-Type,Wild-Type,Wild-Type,Wild-Type,Wild-Type,Wild-Type,Wild-Type,Wild-Type,Wild-Type,Wild-Type,Wild-Type,Wild-Type,Wild-Type,Wild-Type,Mutated,Wild-Type,Wild-Type,Mutated,Wild-Type,Wild-Type,Wild-Type,Wild-Type,Wild-Type,Wild-Type,Wild-Type,Wild-Type,Wild-Type,Wild-Type,Wild-Type,Wild-Type,Wild-Type,Wild-Type,Wild-Type,Wild-Type,Wild-Type,Wild-Type,Wild-Type,Wild-Type,Wild-Type,Wild-Type,Wild-Type,Wild-Type,Wild-Type,Wild-Type,Wild-Type,Wild-Type,Wild-Type,Wild-Type,Wild-Type,Wild-Type,Mutated,Wild-Type,Wild-Type,Wild-Type,Wild-Type,Wild-Type,Wild-Type,Mutated,Wild-Type,Wild-Type,Wild-Type,Wild-Type,Wild-Type,Wild-Type,Wild-Type,Mutated
10,S138,Wild-Type,Wild-Type,Wild-Type,Wild-Type,Wild-Type,Wild-Type,Wild-Type,Wild-Type,Wild-Type,Wild-Type,Wild-Type,Wild-Type,Wild-Type,Wild-Type,Wild-Type,Wild-Type,Wild-Type,Wild-Type,Wild-Type,Wild-Type,Wild-Type,Wild-Type,Wild-Type,Wild-Type,Wild-Type,Wild-Type,Wild-Type,Wild-Type,Mutated,Wild-Type,Wild-Type,Wild-Type,Wild-Type,Wild-Type,Wild-Type,Wild-Type,Wild-Type,Wild-Type,Wild-Type,Wild-Type,Wild-Type,Wild-Type,Wild-Type,Wild-Type,Wild-Type,Mutated,Wild-Type,Wild-Type,Wild-Type,Wild-Type,Wild-Type,Wild-Type,Wild-Type,Wild-Type,Wild-Type,Wild-Type,Mutated,Wild-Type,Wild-Type,Wild-Type,Wild-Type,Wild-Type,Mutated,Wild-Type,Wild-Type,Wild-Type,Wild-Type,Wild-Type,Wild-Type,Wild-Type,Wild-Type,Wild-Type
11,S139,Wild-Type,Wild-Type,Wild-Type,Wild-Type,Wild-Type,Wild-Type,Wild-Type,Wild-Type,Wild-Type,Wild-Type,Wild-Type,Wild-Type,Wild-Type,Wild-Type,Wild-Type,Wild-Type,Wild-Type,Wild-Type,Wild-Type,Wild-Type,Wild-Type,Wild-Type,Wild-Type,Wild-Type,Wild-Type,Wild-Type,Wild-Type,Wild-Type,Wild-Type,Wild-Type,Wild-Type,Wild-Type,Wild-Type,Wild-Type,Wild-Type,Wild-Type,Wild-Type,Mutated,Wild-Type,Wild-Type,Wild-Type,Wild-Type,Wild-Type,Wild-Type,Wild-Type,Wild-Type,Wild-Type,Wild-Type,Wild-Type,Wild-Type,Wild-Type,Wild-Type,Wild-Type,Wild-Type,Wild-Type,Wild-Type,Wild-Type,Wild-Type,Wild-Type,Wild-Type,Wild-Type,Wild-Type,Wild-Type,Wild-Type,Wild-Type,Wild-Type,Wild-Type,Wild-Type,Wild-Type,Wild-Type,Wild-Type,Wild-Type
12,S143,Wild-Type,Wild-Type,Wild-Type,Wild-Type,Wild-Type,Wild-Type,Wild-Type,Wild-Type,Mutated,Wild-Type,Wild-Type,Wild-Type,Wild-Type,Wild-Type,Wild-Type,Wild-Type,Wild-Type,Wild-Type,Wild-Type,Wild-Type,Mutated,Wild-Type,Wild-Type,Wild-Type,Wild-Type,Wild-Type,Mutated,Wild-Type,Wild-Type,Wild-Type,Wild-Type,Wild-Type,Wild-Type,Wild-Type,Wild-Type,Wild-Type,Wild-Type,Wild-Type,Wild-Type,Wild-Type,Wild-Type,Wild-Type,Wild-Type,Wild-Type,Wild-Type,Wild-Type,Wild-Type,Wild-Type,Wild-Type,Wild-Type,Wild-Type,Wild-Type,Wild-Type,Wild-Type,Wild-Type,Wild-Type,Mutated,Wild-Type,Wild-Type,Wild-Type,Wild-Type,Wild-Type,Wild-Type,Wild-Type,Wild-Type,Wild-Type,Wild-Type,Wild-Type,Wild-Type,Wild-Type,Wild-Type,Wild-Type
13,S146,Wild-Type,Wild-Type,Wild-Type,Wild-Type,Wild-Type,Wild-Type,Wild-Type,Wild-Type,Wild-Type,Wild-Type,Wild-Type,Wild-Type,Wild-Type,Wild-Type,Wild-Type,Wild-Type,Wild-Type,Wild-Type,Wild-Type,Wild-Type,Wild-Type,Wild-Type,Wild-Type,Wild-Type,Wild-Type,Wild-Type,Mutated,Wild-Type,Wild-Type,Wild-Type,Wild-Type,Wild-Type,Wild-Type,Wild-Type,Wild-Type,Wild-Type,Wild-Type,Wild-Type,Wild-Type,Wild-Type,Wild-Type,Wild-Type,Wild-Type,Wild-Type,Wild-Type,Mutated,Wild-Type,Wild-Type,Wild-Type,Wild-Type,Wild-Type,Wild-Type,Wild-Type,Wild-Type,Wild-Type,Wild-Type,Wild-Type,Wild-Type,Wild-Type,Mutated,Wild-Type,Wild-Type,Wild-Type,Wild-Type,Wild-Type,Wild-Type,Wild-Type,Wild-Type,Wild-Type,Wild-Type,Wild-Type,Wild-Type
14,C512,,,,,,,,,,,,,,,,,,,,,,,,,,,,,,,,,,,,,,,,,,,,,,,,,,,,,,,,,,,,,,,,,,,,,,,,
15,S583,Mutated,Wild-Type,Wild-Type,Wild-Type,Mutated,Wild-Type,Wild-Type,Wild-Type,Wild-Type,Wild-Type,Wild-Type,Wild-Type,Wild-Type,Wild-Type,Mutated,Wild-Type,Wild-Type,Wild-Type,Wild-Type,Wild-Type,Wild-Type,Wild-Type,Wild-Type,Wild-Type,Wild-Type,Wild-Type,Wild-Type,Wild-Type,Wild-Type,Wild-Type,Wild-Type,Wild-Type,Wild-Type,Wild-Type,Wild-Type,Wild-Type,Wild-Type,Wild-Type,Wild-Type,Wild-Type,Wild-Type,Wild-Type,Wild-Type,Wild-Type,Wild-Type,Wild-Type,Wild-Type,Wild-Type,Wild-Type,Wild-Type,Wild-Type,Wild-Type,Wild-Type,Wild-Type,Wild-Type,Wild-Type,Mutated,Wild-Type,Wild-Type,Wild-Type,Wild-Type,Wild-Type,Wild-Type,Wild-Type,Wild-Type,Wild-Type,Wild-Type,Wild-Type,Wild-Type,Wild-Type,Wild-Type,Wild-Type
16,S147,Wild-Type,Wild-Type,Wild-Type,Wild-Type,Wild-Type,Wild-Type,Wild-Type,Wild-Type,Wild-Type,Wild-Type,Wild-Type,Wild-Type,Wild-Type,Wild-Type,Wild-Type,Wild-Type,Wild-Type,Wild-Type,Wild-Type,Wild-Type,Wild-Type,Wild-Type,Wild-Type,Wild-Type,Wild-Type,Wild-Type,Wild-Type,Wild-Type,Wild-Type,Wild-Type,Wild-Type,Wild-Type,Wild-Type,Mutated,Wild-Type,Wild-Type,Wild-Type,Wild-Type,Wild-Type,Wild-Type,Wild-Type,Wild-Type,Wild-Type,Wild-Type,Wild-Type,Wild-Type,Wild-Type,Wild-Type,Wild-Type,Wild-Type,Wild-Type,Wild-Type,Wild-Type,Wild-Type,Wild-Type,Wild-Type,Wild-Type,Wild-Type,Wild-Type,Wild-Type,Wild-Type,Wild-Type,Wild-Type,Wild-Type,Wild-Type,Wild-Type,Wild-Type,Wild-Type,Wild-Type,Wild-Type,Wild-Type,Wild-Type
17,C12,,,,,,,,,,,,,,,,,,,,,,,,,,,,,,,,,,,,,,,,,,,,,,,,,,,,,,,,,,,,,,,,,,,,,,,,
18,C16,,,,,,,,,,,,,,,,,,,,,,,,Wild-Type,,Wild-Type,,,,,,,,,,,,,,,,,,,,,,,,,,,,,,,,,,,,,,,,,,,,,,
19,C13,,,,,,,,,,,,,,,,,,,,,,,,,,,,,,,,,,,,,,,,,,,,,,,,,,,,,,,,,,,,,,,,,,,,,,,,
20,S149,Wild-Type,Wild-Type,Wild-Type,Wild-Type,Wild-Type,Wild-Type,Wild-Type,Wild-Type,Wild-Type,Wild-Type,Wild-Type,Wild-Type,Wild-Type,Mutated,Wild-Type,Wild-Type,Wild-Type,Wild-Type,Wild-Type,Wild-Type,Mutated,Wild-Type,Wild-Type,Wild-Type,Wild-Type,Wild-Type,Wild-Type,Wild-Type,Wild-Type,Wild-Type,Wild-Type,Wild-Type,Wild-Type,Mutated,Wild-Type,Wild-Type,Wild-Type,Wild-Type,Wild-Type,Wild-Type,Wild-Type,Wild-Type,Wild-Type,Wild-Type,Wild-Type,Wild-Type,Wild-Type,Wild-Type,Wild-Type,Wild-Type,Wild-Type,Wild-Type,Wild-Type,Wild-Type,Wild-Type,Wild-Type,Wild-Type,Wild-Type,Wild-Type,Wild-Type,Wild-Type,Wild-Type,Wild-Type,Wild-Type,Wild-Type,Wild-Type,Mutated,Wild-Type,Wild-Type,Wild-Type,Wild-Type,Wild-Type
21,S150,Wild-Type,Wild-Type,Wild-Type,Wild-Type,Wild-Type,Wild-Type,Wild-Type,Wild-Type,Wild-Type,Wild-Type,Wild-Type,Wild-Type,Wild-Type,Wild-Type,Wild-Type,Wild-Type,Wild-Type,Wild-Type,Wild-Type,Wild-Type,Wild-Type,Wild-Type,Wild-Type,Wild-Type,Wild-Type,Wild-Type,Wild-Type,Wild-Type,Wild-Type,Wild-Type,Mutated,Wild-Type,Wild-Type,Wild-Type,Wild-Type,Wild-Type,Wild-Type,Wild-Type,Wild-Type,Wild-Type,Wild-Type,Wild-Type,Wild-Type,Wild-Type,Wild-Type,Wild-Type,Wild-Type,Wild-Type,Wild-Type,Wild-Type,Wild-Type,Wild-Type,Wild-Type,Wild-Type,Wild-Type,Wild-Type,Wild-Type,Wild-Type,Wild-Type,Wild-Type,Wild-Type,Wild-Type,Wild-Type,Wild-Type,Wild-Type,Wild-Type,Wild-Type,Wild-Type,Wild-Type,Wild-Type,Wild-Type,Wild-Type
22,S151,Wild-Type,Wild-Type,Wild-Type,Wild-Type,Wild-Type,Wild-Type,Wild-Type,Wild-Type,Wild-Type,Wild-Type,Wild-Type,Wild-Type,Wild-Type,Wild-Type,Wild-Type,Mutated,Wild-Type,Wild-Type,Wild-Type,Wild-Type,Wild-Type,Wild-Type,Wild-Type,Mutated,Wild-Type,Mutated,Wild-Type,Wild-Type,Wild-Type,Wild-Type,Wild-Type,Wild-Type,Wild-Type,Wild-Type,Wild-Type,Wild-Type,Wild-Type,Wild-Type,Wild-Type,Wild-Type,Wild-Type,Wild-Type,Wild-Type,Wild-Type,Mutated,Wild-Type,Wild-Type,Wild-Type,Wild-Type,Wild-Type,Wild-Type,Wild-Type,Wild-Type,Wild-Type,Wild-Type,Wild-Type,Wild-Type,Wild-Type,Wild-Type,Wild-Type,Wild-Type,Wild-Type,Wild-Type,Wild-Type,Wild-Type,Wild-Type,Wild-Type,Wild-Type,Wild-Type,Wild-Type,Wild-Type,Wild-Type
23,S153,Mutated,Wild-Type,Wild-Type,Wild-Type,Wild-Type,Wild-Type,Wild-Type,Wild-Type,Wild-Type,Wild-Type,Wild-Type,Wild-Type,Wild-Type,Mutated,Wild-Type,Wild-Type,Wild-Type,Wild-Type,Wild-Type,Wild-Type,Wild-Type,Wild-Type,Wild-Type,Wild-Type,Wild-Type,Wild-Type,Wild-Type,Wild-Type,Wild-Type,Wild-Type,Wild-Type,Wild-Type,Wild-Type,Wild-Type,Wild-Type,Wild-Type,Wild-Type,Wild-Type,Wild-Type,Wild-Type,Wild-Type,Wild-Type,Wild-Type,Wild-Type,Wild-Type,Mutated,Wild-Type,Wild-Type,Wild-Type,Wild-Type,Wild-Type,Wild-Type,Wild-Type,Wild-Type,Wild-Type,Wild-Type,Wild-Type,Mutated,Wild-Type,Wild-Type,Wild-Type,Wild-Type,Mutated,Wild-Type,Wild-Type,Wild-Type,Wild-Type,Wild-Type,Wild-Type,Wild-Type,Wild-Type,Wild-Type
24,S154,Mutated,Wild-Type,Wild-Type,Wild-Type,Wild-Type,Wild-Type,Wild-Type,Wild-Type,Wild-Type,Wild-Type,Wild-Type,Wild-Type,Wild-Type,Wild-Type,Wild-Type,Mutated,Wild-Type,Wild-Type,Wild-Type,Wild-Type,Wild-Type,Wild-Type,Wild-Type,Mutated,Wild-Type,Mutated,Wild-Type,Wild-Type,Wild-Type,Wild-Type,Wild-Type,Wild-Type,Wild-Type,Wild-Type,Wild-Type,Wild-Type,Wild-Type,Wild-Type,Wild-Type,Wild-Type,Wild-Type,Wild-Type,Wild-Type,Wild-Type,Wild-Type,Wild-Type,Wild-Type,Wild-Type,Wild-Type,Wild-Type,Wild-Type,Wild-Type,Wild-Type,Wild-Type,Wild-Type,Wild-Type,Wild-Type,Wild-Type,Wild-Type,Wild-Type,Wild-Type,Wild-Type,Wild-Type,Wild-Type,Wild-Type,Wild-Type,Wild-Type,Wild-Type,Wild-Type,Wild-Type,Wild-Type,Wild-Type
25,S155,Wild-Type,Wild-Type,Wild-Type,Wild-Type,Wild-Type,Wild-Type,Wild-Type,Wild-Type,Wild-Type,Wild-Type,Wild-Type,Wild-Type,Wild-Type,Wild-Type,Wild-Type,Wild-Type,Wild-Type,Wild-Type,Wild-Type,Wild-Type,Wild-Type,Wild-Type,Wild-Type,Wild-Type,Wild-Type,Wild-Type,Wild-Type,Wild-Type,Wild-Type,Wild-Type,Wild-Type,Wild-Type,Wild-Type,Wild-Type,Wild-Type,Wild-Type,Wild-Type,Wild-Type,Wild-Type,Mutated,Wild-Type,Wild-Type,Wild-Type,Wild-Type,Wild-Type,Wild-Type,Wild-Type,Wild-Type,Wild-Type,Wild-Type,Wild-Type,Wild-Type,Wild-Type,Wild-Type,Wild-Type,Wild-Type,Wild-Type,Wild-Type,Wild-Type,Wild-Type,Wild-Type,Wild-Type,Wild-Type,Wild-Type,Wild-Type,Wild-Type,Wild-Type,Wild-Type,Wild-Type,Wild-Type,Wild-Type,Wild-Type
26,C22,,,,,,,,,,,,,,,,,,,,,,,,,,,,,,,,,,,,,,,,,,,,,,,,,,,,,,,,,,,,,,,,,,,,,,,,
27,C23,,,,,,,,,,,,,,,,,,,,,,,,Wild-Type,,Wild-Type,,,,,,,,,,,,,,,,,,,,,,,,,,,,,,,,,,,,,,,,,,,,,,
28,C26,Wild-Type,Wild-Type,Wild-Type,Wild-Type,Wild-Type,Wild-Type,Wild-Type,Wild-Type,Wild-Type,Wild-Type,Wild-Type,Wild-Type,Wild-Type,Wild-Type,Wild-Type,Wild-Type,Wild-Type,Wild-Type,Wild-Type,Wild-Type,Wild-Type,Wild-Type,Wild-Type,Wild-Type,Wild-Type,Wild-Type,Wild-Type,Wild-Type,Wild-Type,Wild-Type,Wild-Type,Wild-Type,Wild-Type,Wild-Type,Wild-Type,Wild-Type,Wild-Type,Wild-Type,Wild-Type,Wild-Type,Wild-Type,Wild-Type,Wild-Type,Wild-Type,Wild-Type,Wild-Type,Wild-Type,Wild-Type,Wild-Type,Wild-Type,Mutated,Wild-Type,Wild-Type,Wild-Type,Wild-Type,Wild-Type,Wild-Type,Wild-Type,Wild-Type,Wild-Type,Wild-Type,Wild-Type,Wild-Type,Wild-Type,Wild-Type,Wild-Type,Wild-Type,Wild-Type,Wild-Type,Wild-Type,Wild-Type,Wild-Type
29,C18,,,,,,,,,,,,,,,,,,,,,,,,,,,,,,,,,,,,,,,,,,,,,,,,,,,,,,,,,,,,,,,,,,,,,,,,
30,S158,Wild-Type,Wild-Type,Wild-Type,Wild-Type,Wild-Type,Wild-Type,Wild-Type,Wild-Type,Wild-Type,Wild-Type,Wild-Type,Wild-Type,Wild-Type,Mutated,Wild-Type,Wild-Type,Wild-Type,Wild-Type,Wild-Type,Wild-Type,Wild-Type,Wild-Type,Wild-Type,Wild-Type,Wild-Type,Wild-Type,Wild-Type,Wild-Type,Wild-Type,Wild-Type,Wild-Type,Wild-Type,Wild-Type,Wild-Type,Wild-Type,Wild-Type,Wild-Type,Mutated,Wild-Type,Wild-Type,Wild-Type,Wild-Type,Wild-Type,Wild-Type,Wild-Type,Wild-Type,Wild-Type,Wild-Type,Wild-Type,Wild-Type,Wild-Type,Wild-Type,Wild-Type,Wild-Type,Wild-Type,Wild-Type,Wild-Type,Wild-Type,Wild-Type,Wild-Type,Wild-Type,Wild-Type,Wild-Type,Wild-Type,Wild-Type,Wild-Type,Mutated,Wild-Type,Wild-Type,Wild-Type,Wild-Type,Wild-Type
31,S159,Wild-Type,Wild-Type,Wild-Type,Wild-Type,Wild-Type,Wild-Type,Wild-Type,Wild-Type,Wild-Type,Wild-Type,Mutated,Wild-Type,Wild-Type,Wild-Type,Wild-Type,Wild-Type,Wild-Type,Wild-Type,Wild-Type,Wild-Type,Wild-Type,Wild-Type,Wild-Type,Wild-Type,Wild-Type,Wild-Type,Wild-Type,Wild-Type,Wild-Type,Wild-Type,Wild-Type,Wild-Type,Wild-Type,Wild-Type,Wild-Type,Wild-Type,Wild-Type,Wild-Type,Wild-Type,Wild-Type,Wild-Type,Wild-Type,Wild-Type,Wild-Type,Wild-Type,Wild-Type,Wild-Type,Wild-Type,Wild-Type,Wild-Type,Wild-Type,Wild-Type,Wild-Type,Wild-Type,Wild-Type,Wild-Type,Wild-Type,Wild-Type,Wild-Type,Wild-Type,Wild-Type,Wild-Type,Wild-Type,Wild-Type,Wild-Type,Wild-Type,Wild-Type,Wild-Type,Wild-Type,Wild-Type,Wild-Type,Wild-Type
32,S160,Wild-Type,Wild-Type,Wild-Type,Wild-Type,Wild-Type,Wild-Type,Wild-Type,Wild-Type,Wild-Type,Wild-Type,Wild-Type,Wild-Type,Wild-Type,Wild-Type,Wild-Type,Wild-Type,Wild-Type,Wild-Type,Wild-Type,Wild-Type,Wild-Type,Wild-Type,Wild-Type,Wild-Type,Wild-Type,Wild-Type,Wild-Type,Wild-Type,Wild-Type,Wild-Type,Wild-Type,Wild-Type,Wild-Type,Wild-Type,Wild-Type,Wild-Type,Wild-Type,Mutated,Wild-Type,Wild-Type,Wild-Type,Wild-Type,Wild-Type,Wild-Type,Wild-Type,Mutated,Wild-Type,Wild-Type,Wild-Type,Wild-Type,Wild-Type,Wild-Type,Wild-Type,Wild-Type,Wild-Type,Wild-Type,Wild-Type,Wild-Type,Wild-Type,Wild-Type,Wild-Type,Wild-Type,Wild-Type,Wild-Type,Wild-Type,Wild-Type,Wild-Type,Wild-Type,Wild-Type,Wild-Type,Wild-Type,Wild-Type
33,S161,Wild-Type,Wild-Type,Wild-Type,Wild-Type,Wild-Type,Wild-Type,Wild-Type,Wild-Type,Mutated,Wild-Type,Wild-Type,Wild-Type,Wild-Type,Wild-Type,Wild-Type,Wild-Type,Wild-Type,Wild-Type,Wild-Type,Wild-Type,Wild-Type,Wild-Type,Wild-Type,Wild-Type,Wild-Type,Wild-Type,Wild-Type,Wild-Type,Wild-Type,Wild-Type,Wild-Type,Wild-Type,Wild-Type,Wild-Type,Wild-Type,Wild-Type,Wild-Type,Wild-Type,Wild-Type,Wild-Type,Wild-Type,Wild-Type,Wild-Type,Wild-Type,Wild-Type,Wild-Type,Wild-Type,Wild-Type,Wild-Type,Wild-Type,Wild-Type,Wild-Type,Wild-Type,Wild-Type,Wild-Type,Wild-Type,Wild-Type,Wild-Type,Wild-Type,Mutated,Wild-Type,Wild-Type,Wild-Type,Wild-Type,Wild-Type,Wild-Type,Mutated,Wild-Type,Wild-Type,Wild-Type,Wild-Type,Wild-Type
34,S163,Wild-Type,Wild-Type,Wild-Type,Wild-Type,Wild-Type,Wild-Type,Wild-Type,Wild-Type,Wild-Type,Wild-Type,Wild-Type,Wild-Type,Wild-Type,Wild-Type,Wild-Type,Wild-Type,Wild-Type,Wild-Type,Wild-Type,Wild-Type,Wild-Type,Wild-Type,Wild-Type,Mutated,Wild-Type,Mutated,Wild-Type,Wild-Type,Wild-Type,Wild-Type,Wild-Type,Wild-Type,Wild-Type,Wild-Type,Wild-Type,Wild-Type,Wild-Type,Wild-Type,Wild-Type,Wild-Type,Wild-Type,Wild-Type,Wild-Type,Wild-Type,Wild-Type,Wild-Type,Wild-Type,Wild-Type,Wild-Type,Wild-Type,Wild-Type,Wild-Type,Wild-Type,Wild-Type,Wild-Type,Wild-Type,Wild-Type,Wild-Type,Wild-Type,Wild-Type,Wild-Type,Wild-Type,Wild-Type,Wild-Type,Wild-Type,Wild-Type,Wild-Type,Wild-Type,Wild-Type,Wild-Type,Wild-Type,Wild-Type
35,C31,Wild-Type,Wild-Type,Wild-Type,Wild-Type,Wild-Type,Wild-Type,Wild-Type,Wild-Type,Wild-Type,Wild-Type,Wild-Type,Wild-Type,Wild-Type,Wild-Type,Wild-Type,Wild-Type,Wild-Type,Wild-Type,Wild-Type,Wild-Type,Wild-Type,Wild-Type,Wild-Type,Mutated,Wild-Type,Mutated,Wild-Type,Wild-Type,Wild-Type,Wild-Type,Wild-Type,Wild-Type,Wild-Type,Wild-Type,Wild-Type,Wild-Type,Wild-Type,Wild-Type,Wild-Type,Wild-Type,Wild-Type,Wild-Type,Wild-Type,Wild-Type,Wild-Type,Wild-Type,Wild-Type,Wild-Type,Wild-Type,Wild-Type,Wild-Type,Wild-Type,Wild-Type,Wild-Type,Wild-Type,Wild-Type,Wild-Type,Wild-Type,Wild-Type,Wild-Type,Wild-Type,Wild-Type,Wild-Type,Wild-Type,Wild-Type,Wild-Type,Wild-Type,Wild-Type,Wild-Type,Wild-Type,Wild-Type,Wild-Type
36,S165,Mutated,Wild-Type,Wild-Type,Wild-Type,Wild-Type,Wild-Type,Wild-Type,Wild-Type,Wild-Type,Wild-Type,Wild-Type,Wild-Type,Wild-Type,Wild-Type,Wild-Type,Wild-Type,Wild-Type,Wild-Type,Wild-Type,Wild-Type,Wild-Type,Wild-Type,Wild-Type,Mutated,Wild-Type,Mutated,Wild-Type,Wild-Type,Wild-Type,Wild-Type,Wild-Type,Wild-Type,Wild-Type,Wild-Type,Wild-Type,Wild-Type,Wild-Type,Wild-Type,Wild-Type,Wild-Type,Wild-Type,Wild-Type,Wild-Type,Wild-Type,Wild-Type,Wild-Type,Wild-Type,Wild-Type,Wild-Type,Wild-Type,Wild-Type,Wild-Type,Wild-Type,Wild-Type,Wild-Type,Wild-Type,Wild-Type,Wild-Type,Wild-Type,Wild-Type,Wild-Type,Wild-Type,Wild-Type,Wild-Type,Wild-Type,Wild-Type,Wild-Type,Wild-Type,Wild-Type,Wild-Type,Wild-Type,Wild-Type
37,S166,Wild-Type,Wild-Type,Wild-Type,Wild-Type,Mutated,Wild-Type,Wild-Type,Wild-Type,Wild-Type,Wild-Type,Wild-Type,Wild-Type,Wild-Type,Wild-Type,Wild-Type,Wild-Type,Wild-Type,Wild-Type,Wild-Type,Wild-Type,Wild-Type,Wild-Type,Wild-Type,Wild-Type,Wild-Type,Wild-Type,Wild-Type,Wild-Type,Wild-Type,Wild-Type,Wild-Type,Wild-Type,Wild-Type,Wild-Type,Wild-Type,Wild-Type,Wild-Type,Wild-Type,Wild-Type,Mutated,Wild-Type,Wild-Type,Wild-Type,Wild-Type,Wild-Type,Wild-Type,Wild-Type,Wild-Type,Wild-Type,Wild-Type,Wild-Type,Wild-Type,Wild-Type,Wild-Type,Wild-Type,Wild-Type,Mutated,Wild-Type,Wild-Type,Wild-Type,Wild-Type,Wild-Type,Wild-Type,Wild-Type,Wild-Type,Wild-Type,Wild-Type,Wild-Type,Wild-Type,Wild-Type,Wild-Type,Mutated
38,S585,Wild-Type,Wild-Type,Wild-Type,Wild-Type,Wild-Type,Wild-Type,Wild-Type,Wild-Type,Wild-Type,Wild-Type,Wild-Type,Wild-Type,Wild-Type,Wild-Type,Wild-Type,Wild-Type,Wild-Type,Wild-Type,Wild-Type,Wild-Type,Wild-Type,Wild-Type,Wild-Type,Wild-Type,Wild-Type,Wild-Type,Wild-Type,Wild-Type,Wild-Type,Wild-Type,Wild-Type,Wild-Type,Wild-Type,Wild-Type,Wild-Type,Wild-Type,Wild-Type,Wild-Type,Wild-Type,Wild-Type,Wild-Type,Wild-Type,Wild-Type,Wild-Type,Wild-Type,Mutated,Wild-Type,Wild-Type,Wild-Type,Wild-Type,Wild-Type,Wild-Type,Wild-Type,Wild-Type,Wild-Type,Wild-Type,Wild-Type,Wild-Type,Wild-Type,Mutated,Wild-Type,Wild-Type,Wild-Type,Wild-Type,Wild-Type,Wild-Type,Wild-Type,Wild-Type,Wild-Type,Wild-Type,Mutated,Wild-Type
39,S173,Mutated,Wild-Type,Wild-Type,Wild-Type,Wild-Type,Wild-Type,Wild-Type,Wild-Type,Wild-Type,Wild-Type,Wild-Type,Wild-Type,Wild-Type,Wild-Type,Wild-Type,Wild-Type,Wild-Type,Wild-Type,Wild-Type,Wild-Type,Wild-Type,Wild-Type,Wild-Type,Wild-Type,Wild-Type,Wild-Type,Wild-Type,Wild-Type,Wild-Type,Wild-Type,Wild-Type,Wild-Type,Wild-Type,Wild-Type,Wild-Type,Wild-Type,Wild-Type,Wild-Type,Wild-Type,Wild-Type,Wild-Type,Wild-Type,Wild-Type,Wild-Type,Wild-Type,Wild-Type,Wild-Type,Wild-Type,Wild-Type,Wild-Type,Wild-Type,Wild-Type,Wild-Type,Wild-Type,Wild-Type,Wild-Type,Wild-Type,Wild-Type,Wild-Type,Wild-Type,Wild-Type,Wild-Type,Wild-Type,Wild-Type,Wild-Type,Wild-Type,Wild-Type,Wild-Type,Wild-Type,Wild-Type,Wild-Type,Wild-Type
40,S174,Wild-Type,Wild-Type,Wild-Type,Wild-Type,Wild-Type,Mutated,Wild-Type,Wild-Type,Wild-Type,Wild-Type,Wild-Type,Wild-Type,Wild-Type,Wild-Type,Wild-Type,Wild-Type,Wild-Type,Wild-Type,Wild-Type,Wild-Type,Wild-Type,Wild-Type,Wild-Type,Wild-Type,Wild-Type,Wild-Type,Wild-Type,Wild-Type,Wild-Type,Wild-Type,Wild-Type,Wild-Type,Wild-Type,Wild-Type,Wild-Type,Wild-Type,Wild-Type,Wild-Type,Wild-Type,Wild-Type,Wild-Type,Wild-Type,Wild-Type,Wild-Type,Wild-Type,Wild-Type,Wild-Type,Wild-Type,Wild-Type,Wild-Type,Wild-Type,Wild-Type,Wild-Type,Wild-Type,Wild-Type,Wild-Type,Wild-Type,Wild-Type,Wild-Type,Wild-Type,Wild-Type,Wild-Type,Wild-Type,Wild-Type,Wild-Type,Wild-Type,Wild-Type,Wild-Type,Wild-Type,Wild-Type,Wild-Type,Wild-Type
41,C35,,,,,,,,,,,,,,,,,,,,,,,,,,,,,,,,,,,,,,,,,,,,,,,,,,,,,,,,,,,,,,,,,,,,,,,,
42,S175,Wild-Type,Wild-Type,Wild-Type,Wild-Type,Wild-Type,Wild-Type,Wild-Type,Wild-Type,Wild-Type,Wild-Type,Mutated,Wild-Type,Wild-Type,Wild-Type,Wild-Type,Wild-Type,Wild-Type,Wild-Type,Wild-Type,Wild-Type,Wild-Type,Wild-Type,Wild-Type,Wild-Type,Wild-Type,Wild-Type,Mutated,Wild-Type,Wild-Type,Wild-Type,Wild-Type,Wild-Type,Wild-Type,Wild-Type,Wild-Type,Wild-Type,Wild-Type,Wild-Type,Wild-Type,Wild-Type,Wild-Type,Wild-Type,Wild-Type,Wild-Type,Wild-Type,Wild-Type,Wild-Type,Wild-Type,Wild-Type,Wild-Type,Wild-Type,Mutated,Wild-Type,Wild-Type,Wild-Type,Wild-Type,Wild-Type,Wild-Type,Wild-Type,Wild-Type,Wild-Type,Wild-Type,Wild-Type,Wild-Type,Wild-Type,Wild-Type,Mutated,Wild-Type,Wild-Type,Wild-Type,Mutated,Wild-Type
43,S180,Mutated,Wild-Type,Wild-Type,Wild-Type,Wild-Type,Wild-Type,Wild-Type,Wild-Type,Wild-Type,Wild-Type,Wild-Type,Wild-Type,Wild-Type,Wild-Type,Wild-Type,Wild-Type,Wild-Type,Wild-Type,Wild-Type,Wild-Type,Wild-Type,Wild-Type,Wild-Type,Wild-Type,Wild-Type,Wild-Type,Wild-Type,Wild-Type,Wild-Type,Wild-Type,Wild-Type,Wild-Type,Wild-Type,Wild-Type,Wild-Type,Wild-Type,Wild-Type,Wild-Type,Wild-Type,Wild-Type,Wild-Type,Wild-Type,Wild-Type,Wild-Type,Wild-Type,Wild-Type,Wild-Type,Wild-Type,Wild-Type,Wild-Type,Wild-Type,Wild-Type,Wild-Type,Wild-Type,Wild-Type,Wild-Type,Wild-Type,Wild-Type,Wild-Type,Wild-Type,Wild-Type,Wild-Type,Wild-Type,Wild-Type,Wild-Type,Wild-Type,Mutated,Wild-Type,Wild-Type,Wild-Type,Wild-Type,Wild-Type
44,S181,Wild-Type,Wild-Type,Wild-Type,Wild-Type,Wild-Type,Wild-Type,Wild-Type,Wild-Type,Wild-Type,Wild-Type,Wild-Type,Wild-Type,Wild-Type,Wild-Type,Wild-Type,Wild-Type,Wild-Type,Wild-Type,Wild-Type,Wild-Type,Wild-Type,Wild-Type,Wild-Type,Wild-Type,Wild-Type,Wild-Type,Wild-Type,Wild-Type,Wild-Type,Mutated,Wild-Type,Wild-Type,Wild-Type,Wild-Type,Wild-Type,Wild-Type,Wild-Type,Wild-Type,Wild-Type,Wild-Type,Wild-Type,Wild-Type,Wild-Type,Mutated,Mutated,Wild-Type,Wild-Type,Wild-Type,Wild-Type,Wild-Type,Mutated,Wild-Type,Wild-Type,Wild-Type,Wild-Type,Wild-Type,Wild-Type,Wild-Type,Wild-Type,Wild-Type,Wild-Type,Wild-Type,Wild-Type,Wild-Type,Wild-Type,Wild-Type,Wild-Type,Wild-Type,Wild-Type,Wild-Type,Wild-Type,Wild-Type
45,S182,Wild-Type,Wild-Type,Wild-Type,Wild-Type,Wild-Type,Wild-Type,Wild-Type,Wild-Type,Wild-Type,Wild-Type,Wild-Type,Wild-Type,Wild-Type,Wild-Type,Wild-Type,Wild-Type,Wild-Type,Wild-Type,Wild-Type,Wild-Type,Wild-Type,Wild-Type,Wild-Type,Wild-Type,Wild-Type,Wild-Type,Wild-Type,Wild-Type,Wild-Type,Wild-Type,Wild-Type,Wild-Type,Wild-Type,Wild-Type,Wild-Type,Wild-Type,Wild-Type,Wild-Type,Wild-Type,Wild-Type,Wild-Type,Wild-Type,Wild-Type,Wild-Type,Wild-Type,Mutated,Wild-Type,Wild-Type,Wild-Type,Wild-Type,Wild-Type,Wild-Type,Wild-Type,Wild-Type,Wild-Type,Wild-Type,Wild-Type,Wild-Type,Wild-Type,Wild-Type,Wild-Type,Wild-Type,Wild-Type,Wild-Type,Wild-Type,Wild-Type,Wild-Type,Mutated,Wild-Type,Wild-Type,Wild-Type,Wild-Type
46,S184,Wild-Type,Wild-Type,Wild-Type,Wild-Type,Wild-Type,Wild-Type,Wild-Type,Wild-Type,Wild-Type,Wild-Type,Wild-Type,Wild-Type,Wild-Type,Wild-Type,Wild-Type,Wild-Type,Wild-Type,Wild-Type,Wild-Type,Wild-Type,Wild-Type,Wild-Type,Wild-Type,Mutated,Wild-Type,Mutated,Wild-Type,Wild-Type,Mutated,Wild-Type,Wild-Type,Wild-Type,Wild-Type,Wild-Type,Mutated,Wild-Type,Wild-Type,Wild-Type,Wild-Type,Wild-Type,Wild-Type,Wild-Type,Wild-Type,Wild-Type,Wild-Type,Wild-Type,Wild-Type,Wild-Type,Wild-Type,Wild-Type,Wild-Type,Wild-Type,Wild-Type,Wild-Type,Wild-Type,Wild-Type,Wild-Type,Wild-Type,Wild-Type,Wild-Type,Wild-Type,Wild-Type,Wild-Type,Wild-Type,Wild-Type,Wild-Type,Wild-Type,Mutated,Wild-Type,Wild-Type,Wild-Type,Wild-Type
47,C88,Wild-Type,Wild-Type,Wild-Type,Wild-Type,Wild-Type,Wild-Type,Wild-Type,Wild-Type,Wild-Type,Wild-Type,Wild-Type,Wild-Type,Wild-Type,Wild-Type,Wild-Type,Wild-Type,Wild-Type,Wild-Type,Wild-Type,Wild-Type,Wild-Type,Wild-Type,Wild-Type,Mutated,Wild-Type,Mutated,Wild-Type,Wild-Type,Mutated,Wild-Type,Wild-Type,Wild-Type,Wild-Type,Wild-Type,Mutated,Wild-Type,Wild-Type,Wild-Type,Wild-Type,Wild-Type,Wild-Type,Wild-Type,Wild-Type,Wild-Type,Wild-Type,Wild-Type,Wild-Type,Wild-Type,Wild-Type,Wild-Type,Wild-Type,Wild-Type,Wild-Type,Wild-Type,Wild-Type,Wild-Type,Wild-Type,Wild-Type,Wild-Type,Wild-Type,Wild-Type,Wild-Type,Wild-Type,Wild-Type,Wild-Type,Wild-Type,Wild-Type,Mutated,Wild-Type,Wild-Type,Wild-Type,Wild-Type
48,S185,Mutated,Wild-Type,Wild-Type,Wild-Type,Wild-Type,Wild-Type,Wild-Type,Wild-Type,Wild-Type,Wild-Type,Wild-Type,Wild-Type,Wild-Type,Wild-Type,Wild-Type,Wild-Type,Wild-Type,Wild-Type,Wild-Type,Wild-Type,Wild-Type,Wild-Type,Wild-Type,Wild-Type,Wild-Type,Wild-Type,Wild-Type,Wild-Type,Wild-Type,Wild-Type,Wild-Type,Mutated,Wild-Type,Wild-Type,Wild-Type,Wild-Type,Wild-Type,Wild-Type,Wild-Type,Wild-Type,Wild-Type,Wild-Type,Wild-Type,Wild-Type,Wild-Type,Wild-Type,Wild-Type,Wild-Type,Wild-Type,Wild-Type,Wild-Type,Wild-Type,Wild-Type,Wild-Type,Wild-Type,Wild-Type,Mutated,Wild-Type,Wild-Type,Wild-Type,Wild-Type,Wild-Type,Mutated,Wild-Type,Wild-Type,Wild-Type,Wild-Type,Wild-Type,Wild-Type,Wild-Type,Wild-Type,Wild-Type
49,C41,Mutated,Wild-Type,Wild-Type,Wild-Type,Wild-Type,Wild-Type,Wild-Type,Wild-Type,Wild-Type,Wild-Type,Wild-Type,Wild-Type,Wild-Type,Wild-Type,Wild-Type,Wild-Type,Wild-Type,Wild-Type,Wild-Type,Wild-Type,Wild-Type,Wild-Type,Wild-Type,Wild-Type,Wild-Type,Wild-Type,Mutated,Wild-Type,Mutated,Wild-Type,Wild-Type,Wild-Type,Wild-Type,Wild-Type,Wild-Type,Wild-Type,Wild-Type,Wild-Type,Wild-Type,Wild-Type,Wild-Type,Wild-Type,Wild-Type,Wild-Type,Wild-Type,Wild-Type,Wild-Type,Wild-Type,Wild-Type,Wild-Type,Wild-Type,Wild-Type,Wild-Type,Wild-Type,Wild-Type,Wild-Type,Wild-Type,Wild-Type,Wild-Type,Wild-Type,Wild-Type,Wild-Type,Mutated,Wild-Type,Wild-Type,Wild-Type,Mutated,Wild-Type,Wild-Type,Wild-Type,Wild-Type,Wild-Type
50,S186,Wild-Type,Wild-Type,Wild-Type,Wild-Type,Wild-Type,Wild-Type,Wild-Type,Wild-Type,Wild-Type,Wild-Type,Wild-Type,Wild-Type,Wild-Type,Wild-Type,Wild-Type,Wild-Type,Wild-Type,Wild-Type,Wild-Type,Wild-Type,Wild-Type,Wild-Type,Wild-Type,Mutated,Wild-Type,Mutated,Wild-Type,Wild-Type,Wild-Type,Wild-Type,Wild-Type,Wild-Type,Wild-Type,Wild-Type,Wild-Type,Wild-Type,Wild-Type,Wild-Type,Wild-Type,Mutated,Wild-Type,Wild-Type,Wild-Type,Wild-Type,Wild-Type,Wild-Type,Wild-Type,Wild-Type,Wild-Type,Wild-Type,Wild-Type,Wild-Type,Wild-Type,Wild-Type,Wild-Type,Wild-Type,Wild-Type,Wild-Type,Wild-Type,Wild-Type,Wild-Type,Wild-Type,Wild-Type,Wild-Type,Wild-Type,Wild-Type,Wild-Type,Wild-Type,Wild-Type,Wild-Type,Wild-Type,Wild-Type
51,S187,Mutated,Wild-Type,Wild-Type,Wild-Type,Wild-Type,Wild-Type,Wild-Type,Wild-Type,Wild-Type,Wild-Type,Mutated,Wild-Type,Wild-Type,Wild-Type,Wild-Type,Wild-Type,Wild-Type,Wild-Type,Wild-Type,Wild-Type,Wild-Type,Wild-Type,Wild-Type,Wild-Type,Wild-Type,Wild-Type,Mutated,Wild-Type,Wild-Type,Wild-Type,Wild-Type,Wild-Type,Wild-Type,Wild-Type,Wild-Type,Wild-Type,Wild-Type,Wild-Type,Wild-Type,Wild-Type,Wild-Type,Wild-Type,Wild-Type,Wild-Type,Wild-Type,Mutated,Wild-Type,Wild-Type,Wild-Type,Wild-Type,Wild-Type,Wild-Type,Wild-Type,Wild-Type,Wild-Type,Wild-Type,Wild-Type,Wild-Type,Wild-Type,Wild-Type,Wild-Type,Wild-Type,Wild-Type,Wild-Type,Wild-Type,Wild-Type,Wild-Type,Wild-Type,Wild-Type,Wild-Type,Wild-Type,Wild-Type
52,S188,Wild-Type,Wild-Type,Wild-Type,Wild-Type,Wild-Type,Wild-Type,Wild-Type,Wild-Type,Wild-Type,Wild-Type,Wild-Type,Wild-Type,Wild-Type,Wild-Type,Wild-Type,Wild-Type,Wild-Type,Wild-Type,Wild-Type,Wild-Type,Wild-Type,Wild-Type,Wild-Type,Mutated,Wild-Type,Mutated,Wild-Type,Wild-Type,Wild-Type,Wild-Type,Wild-Type,Wild-Type,Wild-Type,Wild-Type,Wild-Type,Wild-Type,Wild-Type,Wild-Type,Wild-Type,Wild-Type,Wild-Type,Wild-Type,Wild-Type,Wild-Type,Wild-Type,Wild-Type,Wild-Type,Wild-Type,Wild-Type,Wild-Type,Wild-Type,Wild-Type,Wild-Type,Wild-Type,Wild-Type,Wild-Type,Mutated,Wild-Type,Wild-Type,Wild-Type,Wild-Type,Wild-Type,Wild-Type,Wild-Type,Mutated,Wild-Type,Wild-Type,Wild-Type,Wild-Type,Wild-Type,Wild-Type,Wild-Type
53,S190,Wild-Type,Wild-Type,Wild-Type,Wild-Type,Wild-Type,Mutated,Wild-Type,Wild-Type,Wild-Type,Wild-Type,Wild-Type,Wild-Type,Wild-Type,Wild-Type,Wild-Type,Wild-Type,Wild-Type,Wild-Type,Wild-Type,Wild-Type,Wild-Type,Wild-Type,Wild-Type,Mutated,Wild-Type,Wild-Type,Wild-Type,Wild-Type,Wild-Type,Wild-Type,Wild-Type,Wild-Type,Wild-Type,Wild-Type,Wild-Type,Wild-Type,Wild-Type,Wild-Type,Wild-Type,Wild-Type,Wild-Type,Wild-Type,Wild-Type,Wild-Type,Mutated,Wild-Type,Wild-Type,Wild-Type,Wild-Type,Wild-Type,Wild-Type,Wild-Type,Wild-Type,Wild-Type,Wild-Type,Wild-Type,Wild-Type,Wild-Type,Wild-Type,Mutated,Wild-Type,Wild-Type,Wild-Type,Wild-Type,Wild-Type,Wild-Type,Wild-Type,Wild-Type,Wild-Type,Wild-Type,Mutated,Wild-Type
54,S191,Wild-Type,Wild-Type,Wild-Type,Wild-Type,Wild-Type,Wild-Type,Wild-Type,Wild-Type,Wild-Type,Wild-Type,Wild-Type,Wild-Type,Wild-Type,Wild-Type,Wild-Type,Wild-Type,Wild-Type,Wild-Type,Wild-Type,Wild-Type,Wild-Type,Wild-Type,Wild-Type,Mutated,Wild-Type,Wild-Type,Wild-Type,Wild-Type,Wild-Type,Wild-Type,Wild-Type,Wild-Type,Wild-Type,Wild-Type,Wild-Type,Wild-Type,Wild-Type,Wild-Type,Wild-Type,Wild-Type,Wild-Type,Wild-Type,Wild-Type,Wild-Type,Mutated,Wild-Type,Wild-Type,Wild-Type,Mutated,Wild-Type,Wild-Type,Wild-Type,Wild-Type,Wild-Type,Wild-Type,Wild-Type,Wild-Type,Wild-Type,Wild-Type,Mutated,Wild-Type,Wild-Type,Wild-Type,Wild-Type,Wild-Type,Wild-Type,Wild-Type,Wild-Type,Wild-Type,Wild-Type,Mutated,Wild-Type
55,S193,Wild-Type,Wild-Type,Wild-Type,Wild-Type,Wild-Type,Wild-Type,Wild-Type,Wild-Type,Wild-Type,Wild-Type,Wild-Type,Wild-Type,Wild-Type,Wild-Type,Wild-Type,Wild-Type,Wild-Type,Wild-Type,Wild-Type,Wild-Type,Wild-Type,Wild-Type,Wild-Type,Wild-Type,Wild-Type,Wild-Type,Wild-Type,Wild-Type,Wild-Type,Wild-Type,Wild-Type,Wild-Type,Wild-Type,Wild-Type,Mutated,Wild-Type,Wild-Type,Wild-Type,Wild-Type,Wild-Type,Wild-Type,Wild-Type,Wild-Type,Wild-Type,Mutated,Wild-Type,Wild-Type,Wild-Type,Wild-Type,Wild-Type,Wild-Type,Wild-Type,Wild-Type,Wild-Type,Wild-Type,Wild-Type,Wild-Type,Wild-Type,Wild-Type,Wild-Type,Wild-Type,Wild-Type,Wild-Type,Wild-Type,Wild-Type,Wild-Type,Mutated,Wild-Type,Wild-Type,Wild-Type,Wild-Type,Wild-Type
56,S195,Wild-Type,Wild-Type,Wild-Type,Wild-Type,Wild-Type,Wild-Type,Wild-Type,Wild-Type,Wild-Type,Wild-Type,Wild-Type,Wild-Type,Wild-Type,Wild-Type,Wild-Type,Wild-Type,Wild-Type,Wild-Type,Wild-Type,Wild-Type,Wild-Type,Wild-Type,Wild-Type,Mutated,Wild-Type,Mutated,Wild-Type,Wild-Type,Wild-Type,Wild-Type,Wild-Type,Wild-Type,Wild-Type,Wild-Type,Wild-Type,Wild-Type,Wild-Type,Wild-Type,Wild-Type,Wild-Type,Wild-Type,Wild-Type,Wild-Type,Wild-Type,Mutated,Wild-Type,Wild-Type,Wild-Type,Wild-Type,Wild-Type,Wild-Type,Wild-Type,Wild-Type,Wild-Type,Wild-Type,Wild-Type,Wild-Type,Wild-Type,Wild-Type,Wild-Type,Wild-Type,Wild-Type,Wild-Type,Wild-Type,Wild-Type,Wild-Type,Wild-Type,Wild-Type,Wild-Type,Wild-Type,Wild-Type,Wild-Type
57,S196,Wild-Type,Wild-Type,Wild-Type,Wild-Type,Wild-Type,Wild-Type,Wild-Type,Wild-Type,Wild-Type,Wild-Type,Wild-Type,Wild-Type,Wild-Type,Wild-Type,Wild-Type,Wild-Type,Wild-Type,Wild-Type,Wild-Type,Wild-Type,Wild-Type,Wild-Type,Wild-Type,Wild-Type,Wild-Type,Wild-Type,Wild-Type,Wild-Type,Wild-Type,Wild-Type,Wild-Type,Wild-Type,Wild-Type,Wild-Type,Wild-Type,Wild-Type,Wild-Type,Mutated,Wild-Type,Wild-Type,Wild-Type,Wild-Type,Wild-Type,Wild-Type,Wild-Type,Mutated,Wild-Type,Wild-Type,Wild-Type,Wild-Type,Wild-Type,Wild-Type,Wild-Type,Wild-Type,Wild-Type,Wild-Type,Wild-Type,Wild-Type,Wild-Type,Wild-Type,Wild-Type,Wild-Type,Wild-Type,Wild-Type,Wild-Type,Wild-Type,Wild-Type,Wild-Type,Wild-Type,Wild-Type,Wild-Type,Wild-Type
58,S197,Wild-Type,Wild-Type,Wild-Type,Wild-Type,Wild-Type,Wild-Type,Wild-Type,Wild-Type,Wild-Type,Wild-Type,Wild-Type,Wild-Type,Wild-Type,Wild-Type,Wild-Type,Mutated,Wild-Type,Wild-Type,Wild-Type,Wild-Type,Wild-Type,Wild-Type,Wild-Type,Mutated,Wild-Type,Mutated,Wild-Type,Wild-Type,Wild-Type,Wild-Type,Wild-Type,Wild-Type,Wild-Type,Wild-Type,Wild-Type,Wild-Type,Wild-Type,Wild-Type,Wild-Type,Wild-Type,Wild-Type,Wild-Type,Wild-Type,Wild-Type,Mutated,Wild-Type,Wild-Type,Wild-Type,Wild-Type,Wild-Type,Wild-Type,Wild-Type,Wild-Type,Wild-Type,Wild-Type,Wild-Type,Wild-Type,Wild-Type,Wild-Type,Wild-Type,Wild-Type,Wild-Type,Wild-Type,Wild-Type,Wild-Type,Wild-Type,Wild-Type,Wild-Type,Wild-Type,Wild-Type,Wild-Type,Wild-Type
59,S198,Wild-Type,Wild-Type,Wild-Type,Wild-Type,Wild-Type,Wild-Type,Wild-Type,Wild-Type,Wild-Type,Wild-Type,Wild-Type,Wild-Type,Wild-Type,Wild-Type,Wild-Type,Wild-Type,Wild-Type,Wild-Type,Wild-Type,Wild-Type,Wild-Type,Wild-Type,Wild-Type,Wild-Type,Wild-Type,Wild-Type,Wild-Type,Wild-Type,Wild-Type,Wild-Type,Wild-Type,Wild-Type,Wild-Type,Wild-Type,Wild-Type,Wild-Type,Wild-Type,Wild-Type,Wild-Type,Wild-Type,Wild-Type,Wild-Type,Wild-Type,Wild-Type,Wild-Type,Wild-Type,Wild-Type,Wild-Type,Wild-Type,Wild-Type,Wild-Type,Wild-Type,Wild-Type,Wild-Type,Wild-Type,Wild-Type,Wild-Type,Wild-Type,Wild-Type,Wild-Type,Wild-Type,Wild-Type,Wild-Type,Wild-Type,Wild-Type,Wild-Type,Wild-Type,Wild-Type,Wild-Type,Wild-Type,Wild-Type,Wild-Type
60,S199,Wild-Type,Wild-Type,Wild-Type,Wild-Type,Wild-Type,Wild-Type,Wild-Type,Wild-Type,Wild-Type,Wild-Type,Mutated,Wild-Type,Wild-Type,Wild-Type,Wild-Type,Wild-Type,Wild-Type,Wild-Type,Wild-Type,Wild-Type,Wild-Type,Wild-Type,Wild-Type,Wild-Type,Wild-Type,Wild-Type,Wild-Type,Wild-Type,Wild-Type,Wild-Type,Wild-Type,Wild-Type,Wild-Type,Wild-Type,Wild-Type,Wild-Type,Wild-Type,Wild-Type,Wild-Type,Wild-Type,Wild-Type,Wild-Type,Wild-Type,Wild-Type,Wild-Type,Wild-Type,Wild-Type,Wild-Type,Wild-Type,Wild-Type,Wild-Type,Wild-Type,Wild-Type,Wild-Type,Wild-Type,Wild-Type,Wild-Type,Wild-Type,Wild-Type,Wild-Type,Wild-Type,Wild-Type,Wild-Type,Wild-Type,Wild-Type,Wild-Type,Mutated,Wild-Type,Wild-Type,Wild-Type,Wild-Type,Wild-Type
61,S200,Wild-Type,Wild-Type,Wild-Type,Wild-Type,Wild-Type,Wild-Type,Wild-Type,Wild-Type,Wild-Type,Wild-Type,Mutated,Wild-Type,Wild-Type,Wild-Type,Wild-Type,Wild-Type,Wild-Type,Wild-Type,Wild-Type,Wild-Type,Wild-Type,Wild-Type,Wild-Type,Wild-Type,Wild-Type,Wild-Type,Mutated,Wild-Type,Wild-Type,Wild-Type,Wild-Type,Wild-Type,Wild-Type,Wild-Type,Wild-Type,Wild-Type,Wild-Type,Wild-Type,Wild-Type,Mutated,Wild-Type,Wild-Type,Wild-Type,Wild-Type,Wild-Type,Mutated,Wild-Type,Wild-Type,Wild-Type,Wild-Type,Wild-Type,Wild-Type,Wild-Type,Wild-Type,Wild-Type,Wild-Type,Wild-Type,Wild-Type,Wild-Type,Wild-Type,Wild-Type,Wild-Type,Wild-Type,Wild-Type,Wild-Type,Wild-Type,Wild-Type,Wild-Type,Wild-Type,Wild-Type,Wild-Type,Wild-Type
62,S201,Wild-Type,Wild-Type,Wild-Type,Wild-Type,Wild-Type,Wild-Type,Wild-Type,Wild-Type,Wild-Type,Wild-Type,Mutated,Wild-Type,Wild-Type,Wild-Type,Wild-Type,Wild-Type,Wild-Type,Wild-Type,Wild-Type,Wild-Type,Wild-Type,Wild-Type,Wild-Type,Wild-Type,Wild-Type,Wild-Type,Mutated,Wild-Type,Wild-Type,Wild-Type,Wild-Type,Wild-Type,Wild-Type,Wild-Type,Wild-Type,Wild-Type,Wild-Type,Wild-Type,Wild-Type,Wild-Type,Wild-Type,Wild-Type,Wild-Type,Wild-Type,Wild-Type,Wild-Type,Wild-Type,Wild-Type,Wild-Type,Wild-Type,Wild-Type,Wild-Type,Wild-Type,Wild-Type,Wild-Type,Wild-Type,Wild-Type,Wild-Type,Wild-Type,Wild-Type,Wild-Type,Wild-Type,Wild-Type,Wild-Type,Wild-Type,Wild-Type,Wild-Type,Wild-Type,Wild-Type,Wild-Type,Wild-Type,Wild-Type
63,S202,Mutated,Wild-Type,Wild-Type,Wild-Type,Wild-Type,Wild-Type,Wild-Type,Wild-Type,Mutated,Wild-Type,Wild-Type,Wild-Type,Wild-Type,Wild-Type,Wild-Type,Wild-Type,Wild-Type,Wild-Type,Wild-Type,Wild-Type,Mutated,Wild-Type,Wild-Type,Wild-Type,Wild-Type,Wild-Type,Wild-Type,Wild-Type,Wild-Type,Wild-Type,Wild-Type,Wild-Type,Wild-Type,Wild-Type,Wild-Type,Wild-Type,Wild-Type,Wild-Type,Wild-Type,Wild-Type,Wild-Type,Wild-Type,Wild-Type,Wild-Type,Wild-Type,Wild-Type,Wild-Type,Wild-Type,Wild-Type,Wild-Type,Wild-Type,Wild-Type,Wild-Type,Wild-Type,Wild-Type,Wild-Type,Mutated,Wild-Type,Wild-Type,Mutated,Wild-Type,Wild-Type,Wild-Type,Wild-Type,Wild-Type,Wild-Type,Wild-Type,Wild-Type,Wild-Type,Wild-Type,Wild-Type,Mutated
64,C160,,,,,,,,,,,,,,,,,,,,,,,,,,,,,,,,,,,,,,,,,,,,,,,,,,,,,,,,,,,,,,,,,,,,,,,,
65,C164,,,,,,,,,,,,,,,,,,,,,,,,,,,,,,,,,,,,,,,,,,,,,,,,,,,,,,,,,,,,,,,,,,,,,,,,
66,S210,Wild-Type,Wild-Type,Wild-Type,Wild-Type,Mutated,Wild-Type,Wild-Type,Wild-Type,Wild-Type,Wild-Type,Wild-Type,Wild-Type,Wild-Type,Wild-Type,Wild-Type,Wild-Type,Wild-Type,Wild-Type,Wild-Type,Wild-Type,Wild-Type,Wild-Type,Wild-Type,Wild-Type,Wild-Type,Wild-Type,Wild-Type,Wild-Type,Wild-Type,Wild-Type,Wild-Type,Wild-Type,Wild-Type,Wild-Type,Wild-Type,Wild-Type,Wild-Type,Wild-Type,Wild-Type,Wild-Type,Wild-Type,Wild-Type,Wild-Type,Wild-Type,Wild-Type,Wild-Type,Wild-Type,Wild-Type,Wild-Type,Wild-Type,Wild-Type,Wild-Type,Wild-Type,Wild-Type,Wild-Type,Wild-Type,Mutated,Wild-Type,Wild-Type,Wild-Type,Wild-Type,Wild-Type,Mutated,Wild-Type,Wild-Type,Wild-Type,Mutated,Wild-Type,Wild-Type,Wild-Type,Wild-Type,Wild-Type
67,S211,Mutated,Wild-Type,Wild-Type,Wild-Type,Wild-Type,Wild-Type,Wild-Type,Wild-Type,Wild-Type,Wild-Type,Mutated,Wild-Type,Wild-Type,Wild-Type,Wild-Type,Mutated,Wild-Type,Wild-Type,Wild-Type,Wild-Type,Wild-Type,Wild-Type,Wild-Type,Wild-Type,Wild-Type,Wild-Type,Wild-Type,Wild-Type,Mutated,Wild-Type,Wild-Type,Wild-Type,Wild-Type,Wild-Type,Wild-Type,Wild-Type,Wild-Type,Wild-Type,Wild-Type,Wild-Type,Wild-Type,Wild-Type,Wild-Type,Wild-Type,Wild-Type,Wild-Type,Wild-Type,Wild-Type,Wild-Type,Wild-Type,Wild-Type,Wild-Type,Wild-Type,Wild-Type,Wild-Type,Wild-Type,Wild-Type,Wild-Type,Wild-Type,Wild-Type,Wild-Type,Wild-Type,Wild-Type,Wild-Type,Wild-Type,Wild-Type,Wild-Type,Mutated,Wild-Type,Wild-Type,Wild-Type,Wild-Type
68,S212,Wild-Type,Wild-Type,Wild-Type,Wild-Type,Wild-Type,Wild-Type,Wild-Type,Wild-Type,Wild-Type,Wild-Type,Wild-Type,Wild-Type,Wild-Type,Wild-Type,Wild-Type,Wild-Type,Wild-Type,Wild-Type,Wild-Type,Wild-Type,Wild-Type,Wild-Type,Wild-Type,Mutated,Wild-Type,Wild-Type,Wild-Type,Wild-Type,Wild-Type,Wild-Type,Wild-Type,Wild-Type,Wild-Type,Wild-Type,Wild-Type,Wild-Type,Wild-Type,Wild-Type,Wild-Type,Wild-Type,Wild-Type,Wild-Type,Wild-Type,Wild-Type,Wild-Type,Wild-Type,Wild-Type,Wild-Type,Wild-Type,Wild-Type,Wild-Type,Wild-Type,Wild-Type,Mutated,Wild-Type,Wild-Type,Mutated,Wild-Type,Wild-Type,Mutated,Wild-Type,Wild-Type,Wild-Type,Wild-Type,Wild-Type,Wild-Type,Wild-Type,Wild-Type,Wild-Type,Wild-Type,Wild-Type,Wild-Type
69,S213,Wild-Type,Wild-Type,Wild-Type,Wild-Type,Wild-Type,Wild-Type,Wild-Type,Wild-Type,Wild-Type,Wild-Type,Mutated,Wild-Type,Wild-Type,Wild-Type,Wild-Type,Wild-Type,Wild-Type,Wild-Type,Wild-Type,Wild-Type,Wild-Type,Wild-Type,Wild-Type,Mutated,Wild-Type,Mutated,Wild-Type,Wild-Type,Wild-Type,Wild-Type,Wild-Type,Wild-Type,Wild-Type,Wild-Type,Wild-Type,Wild-Type,Wild-Type,Wild-Type,Wild-Type,Wild-Type,Wild-Type,Wild-Type,Wild-Type,Wild-Type,Wild-Type,Wild-Type,Wild-Type,Wild-Type,Wild-Type,Wild-Type,Wild-Type,Wild-Type,Wild-Type,Wild-Type,Wild-Type,Wild-Type,Wild-Type,Wild-Type,Wild-Type,Wild-Type,Wild-Type,Wild-Type,Wild-Type,Wild-Type,Wild-Type,Wild-Type,Wild-Type,Wild-Type,Wild-Type,Wild-Type,Wild-Type,Wild-Type
70,S214,Wild-Type,Wild-Type,Wild-Type,Wild-Type,Wild-Type,Wild-Type,Wild-Type,Wild-Type,Wild-Type,Wild-Type,Wild-Type,Wild-Type,Wild-Type,Wild-Type,Wild-Type,Wild-Type,Wild-Type,Wild-Type,Wild-Type,Wild-Type,Wild-Type,Wild-Type,Wild-Type,Mutated,Wild-Type,Wild-Type,Wild-Type,Wild-Type,Wild-Type,Wild-Type,Wild-Type,Wild-Type,Wild-Type,Wild-Type,Wild-Type,Wild-Type,Wild-Type,Wild-Type,Wild-Type,Wild-Type,Wild-Type,Wild-Type,Wild-Type,Wild-Type,Wild-Type,Wild-Type,Wild-Type,Wild-Type,Wild-Type,Wild-Type,Wild-Type,Wild-Type,Wild-Type,Wild-Type,Wild-Type,Wild-Type,Wild-Type,Wild-Type,Wild-Type,Wild-Type,Wild-Type,Wild-Type,Wild-Type,Mutated,Wild-Type,Wild-Type,Wild-Type,Wild-Type,Wild-Type,Wild-Type,Wild-Type,Wild-Type
71,S217,Mutated,Wild-Type,Wild-Type,Wild-Type,Wild-Type,Wild-Type,Wild-Type,Wild-Type,Wild-Type,Wild-Type,Wild-Type,Wild-Type,Wild-Type,Wild-Type,Mutated,Wild-Type,Wild-Type,Wild-Type,Wild-Type,Wild-Type,Wild-Type,Wild-Type,Wild-Type,Mutated,Wild-Type,Mutated,Wild-Type,Wild-Type,Wild-Type,Mutated,Wild-Type,Wild-Type,Wild-Type,Wild-Type,Wild-Type,Wild-Type,Wild-Type,Wild-Type,Wild-Type,Wild-Type,Wild-Type,Wild-Type,Wild-Type,Wild-Type,Wild-Type,Wild-Type,Wild-Type,Wild-Type,Mutated,Wild-Type,Wild-Type,Wild-Type,Wild-Type,Wild-Type,Wild-Type,Wild-Type,Mutated,Wild-Type,Wild-Type,Wild-Type,Mutated,Wild-Type,Wild-Type,Wild-Type,Wild-Type,Wild-Type,Wild-Type,Wild-Type,Mutated,Wild-Type,Wild-Type,Wild-Type
72,S218,Mutated,Wild-Type,Wild-Type,Wild-Type,Mutated,Wild-Type,Wild-Type,Wild-Type,Wild-Type,Wild-Type,Wild-Type,Wild-Type,Wild-Type,Wild-Type,Wild-Type,Wild-Type,Wild-Type,Wild-Type,Wild-Type,Wild-Type,Wild-Type,Wild-Type,Wild-Type,Mutated,Wild-Type,Wild-Type,Wild-Type,Wild-Type,Wild-Type,Wild-Type,Wild-Type,Wild-Type,Wild-Type,Wild-Type,Wild-Type,Wild-Type,Wild-Type,Wild-Type,Wild-Type,Wild-Type,Wild-Type,Wild-Type,Wild-Type,Wild-Type,Wild-Type,Mutated,Wild-Type,Wild-Type,Wild-Type,Wild-Type,Wild-Type,Wild-Type,Wild-Type,Wild-Type,Wild-Type,Wild-Type,Wild-Type,Wild-Type,Wild-Type,Wild-Type,Wild-Type,Wild-Type,Wild-Type,Wild-Type,Wild-Type,Wild-Type,Wild-Type,Wild-Type,Wild-Type,Wild-Type,Wild-Type,Wild-Type
73,C133,,,,,,,,,,,,,,,,,,,,,,,,Mutated,,Mutated,,,,,,,,,,,,,,,,,,,,,,,,,,,,,,,,,,,,,,,,,,,,,,
74,S229,Wild-Type,Wild-Type,Wild-Type,Wild-Type,Wild-Type,Wild-Type,Wild-Type,Wild-Type,Wild-Type,Wild-Type,Wild-Type,Wild-Type,Wild-Type,Wild-Type,Wild-Type,Wild-Type,Wild-Type,Wild-Type,Mutated,Wild-Type,Wild-Type,Wild-Type,Wild-Type,Mutated,Wild-Type,Wild-Type,Wild-Type,Wild-Type,Wild-Type,Wild-Type,Wild-Type,Wild-Type,Wild-Type,Wild-Type,Wild-Type,Wild-Type,Wild-Type,Wild-Type,Wild-Type,Wild-Type,Wild-Type,Wild-Type,Wild-Type,Wild-Type,Mutated,Wild-Type,Wild-Type,Wild-Type,Wild-Type,Wild-Type,Wild-Type,Wild-Type,Wild-Type,Wild-Type,Wild-Type,Wild-Type,Wild-Type,Wild-Type,Wild-Type,Wild-Type,Wild-Type,Wild-Type,Wild-Type,Wild-Type,Wild-Type,Wild-Type,Mutated,Wild-Type,Wild-Type,Wild-Type,Wild-Type,Wild-Type
75,S230,Wild-Type,Wild-Type,Wild-Type,Wild-Type,Wild-Type,Wild-Type,Wild-Type,Wild-Type,Wild-Type,Wild-Type,Wild-Type,Wild-Type,Wild-Type,Wild-Type,Wild-Type,Mutated,Wild-Type,Wild-Type,Wild-Type,Wild-Type,Wild-Type,Wild-Type,Wild-Type,Mutated,Wild-Type,Mutated,Wild-Type,Wild-Type,Mutated,Wild-Type,Wild-Type,Wild-Type,Wild-Type,Wild-Type,Wild-Type,Wild-Type,Wild-Type,Wild-Type,Wild-Type,Wild-Type,Wild-Type,Wild-Type,Wild-Type,Wild-Type,Wild-Type,Wild-Type,Wild-Type,Wild-Type,Wild-Type,Wild-Type,Wild-Type,Wild-Type,Wild-Type,Wild-Type,Wild-Type,Wild-Type,Wild-Type,Wild-Type,Wild-Type,Wild-Type,Wild-Type,Wild-Type,Mutated,Wild-Type,Wild-Type,Wild-Type,Wild-Type,Wild-Type,Wild-Type,Wild-Type,Wild-Type,Wild-Type
76,C61,Wild-Type,Wild-Type,Wild-Type,Wild-Type,Wild-Type,Wild-Type,Wild-Type,Wild-Type,Wild-Type,Wild-Type,Wild-Type,Wild-Type,Wild-Type,Wild-Type,Wild-Type,Wild-Type,Wild-Type,Wild-Type,Wild-Type,Wild-Type,Mutated,Wild-Type,Wild-Type,Wild-Type,Wild-Type,Wild-Type,Wild-Type,Wild-Type,Wild-Type,Wild-Type,Wild-Type,Wild-Type,Wild-Type,Wild-Type,Wild-Type,Wild-Type,Wild-Type,Wild-Type,Wild-Type,Wild-Type,Wild-Type,Wild-Type,Wild-Type,Wild-Type,Wild-Type,Wild-Type,Wild-Type,Wild-Type,Wild-Type,Wild-Type,Wild-Type,Wild-Type,Wild-Type,Wild-Type,Wild-Type,Wild-Type,Mutated,Wild-Type,Wild-Type,Wild-Type,Wild-Type,Wild-Type,Wild-Type,Wild-Type,Wild-Type,Wild-Type,Wild-Type,Wild-Type,Wild-Type,Wild-Type,Wild-Type,Wild-Type
77,S231,Wild-Type,Wild-Type,Wild-Type,Wild-Type,Wild-Type,Wild-Type,Wild-Type,Wild-Type,Wild-Type,Wild-Type,Wild-Type,Wild-Type,Wild-Type,Wild-Type,Wild-Type,Wild-Type,Wild-Type,Wild-Type,Wild-Type,Wild-Type,Wild-Type,Wild-Type,Wild-Type,Mutated,Wild-Type,Mutated,Wild-Type,Wild-Type,Wild-Type,Wild-Type,Mutated,Wild-Type,Wild-Type,Wild-Type,Wild-Type,Wild-Type,Wild-Type,Wild-Type,Wild-Type,Wild-Type,Wild-Type,Wild-Type,Wild-Type,Wild-Type,Mutated,Wild-Type,Wild-Type,Wild-Type,Wild-Type,Wild-Type,Wild-Type,Wild-Type,Wild-Type,Wild-Type,Wild-Type,Wild-Type,Wild-Type,Wild-Type,Wild-Type,Mutated,Wild-Type,Wild-Type,Wild-Type,Wild-Type,Wild-Type,Wild-Type,Wild-Type,Wild-Type,Wild-Type,Wild-Type,Wild-Type,Wild-Type
78,S232,Wild-Type,Wild-Type,Wild-Type,Wild-Type,Wild-Type,Wild-Type,Wild-Type,Wild-Type,Wild-Type,Wild-Type,Wild-Type,Wild-Type,Wild-Type,Wild-Type,Wild-Type,Wild-Type,Wild-Type,Wild-Type,Wild-Type,Wild-Type,Wild-Type,Wild-Type,Wild-Type,Wild-Type,Wild-Type,Wild-Type,Wild-Type,Wild-Type,Wild-Type,Wild-Type,Wild-Type,Wild-Type,Mutated,Wild-Type,Wild-Type,Wild-Type,Wild-Type,Wild-Type,Wild-Type,Wild-Type,Wild-Type,Wild-Type,Wild-Type,Wild-Type,Wild-Type,Wild-Type,Wild-Type,Wild-Type,Wild-Type,Wild-Type,Wild-Type,Wild-Type,Wild-Type,Wild-Type,Wild-Type,Wild-Type,Wild-Type,Wild-Type,Wild-Type,Wild-Type,Wild-Type,Wild-Type,Wild-Type,Wild-Type,Wild-Type,Wild-Type,Wild-Type,Mutated,Mutated,Wild-Type,Wild-Type,Wild-Type
79,S233,Wild-Type,Wild-Type,Wild-Type,Wild-Type,Wild-Type,Wild-Type,Wild-Type,Wild-Type,Wild-Type,Wild-Type,Mutated,Wild-Type,Wild-Type,Wild-Type,Wild-Type,Wild-Type,Wild-Type,Wild-Type,Wild-Type,Wild-Type,Wild-Type,Wild-Type,Wild-Type,Wild-Type,Wild-Type,Wild-Type,Mutated,Wild-Type,Wild-Type,Wild-Type,Wild-Type,Wild-Type,Wild-Type,Wild-Type,Wild-Type,Wild-Type,Wild-Type,Wild-Type,Wild-Type,Wild-Type,Wild-Type,Wild-Type,Wild-Type,Wild-Type,Wild-Type,Wild-Type,Wild-Type,Wild-Type,Wild-Type,Wild-Type,Wild-Type,Wild-Type,Wild-Type,Wild-Type,Wild-Type,Wild-Type,Wild-Type,Wild-Type,Wild-Type,Wild-Type,Wild-Type,Wild-Type,Wild-Type,Wild-Type,Wild-Type,Wild-Type,Wild-Type,Mutated,Wild-Type,Wild-Type,Wild-Type,Wild-Type
80,S235,Wild-Type,Wild-Type,Wild-Type,Wild-Type,Wild-Type,Wild-Type,Wild-Type,Wild-Type,Wild-Type,Mutated,Wild-Type,Wild-Type,Wild-Type,Wild-Type,Wild-Type,Mutated,Wild-Type,Wild-Type,Wild-Type,Wild-Type,Wild-Type,Wild-Type,Wild-Type,Mutated,Wild-Type,Wild-Type,Wild-Type,Wild-Type,Wild-Type,Mutated,Wild-Type,Wild-Type,Wild-Type,Wild-Type,Wild-Type,Wild-Type,Wild-Type,Wild-Type,Wild-Type,Wild-Type,Wild-Type,Wild-Type,Wild-Type,Wild-Type,Wild-Type,Wild-Type,Wild-Type,Wild-Type,Wild-Type,Wild-Type,Wild-Type,Wild-Type,Wild-Type,Wild-Type,Wild-Type,Wild-Type,Wild-Type,Wild-Type,Wild-Type,Wild-Type,Wild-Type,Wild-Type,Wild-Type,Wild-Type,Wild-Type,Wild-Type,Wild-Type,Wild-Type,Wild-Type,Wild-Type,Wild-Type,Wild-Type
81,S236,Wild-Type,Wild-Type,Wild-Type,Wild-Type,Wild-Type,Wild-Type,Wild-Type,Wild-Type,Wild-Type,Wild-Type,Wild-Type,Wild-Type,Wild-Type,Wild-Type,Wild-Type,Wild-Type,Wild-Type,Wild-Type,Wild-Type,Wild-Type,Wild-Type,Wild-Type,Wild-Type,Wild-Type,Wild-Type,Wild-Type,Wild-Type,Wild-Type,Wild-Type,Wild-Type,Wild-Type,Wild-Type,Wild-Type,Wild-Type,Wild-Type,Wild-Type,Wild-Type,Wild-Type,Wild-Type,Wild-Type,Wild-Type,Wild-Type,Wild-Type,Wild-Type,Wild-Type,Mutated,Wild-Type,Wild-Type,Wild-Type,Wild-Type,Wild-Type,Wild-Type,Wild-Type,Wild-Type,Wild-Type,Wild-Type,Wild-Type,Wild-Type,Wild-Type,Wild-Type,Wild-Type,Wild-Type,Wild-Type,Wild-Type,Wild-Type,Wild-Type,Wild-Type,Wild-Type,Wild-Type,Wild-Type,Wild-Type,Wild-Type
82,C69,Wild-Type,Wild-Type,Wild-Type,Wild-Type,Wild-Type,Wild-Type,Wild-Type,Wild-Type,Wild-Type,Wild-Type,Wild-Type,Wild-Type,Wild-Type,Wild-Type,Wild-Type,Wild-Type,Wild-Type,Wild-Type,Wild-Type,Wild-Type,Wild-Type,Wild-Type,Wild-Type,Mutated,Wild-Type,Mutated,Wild-Type,Wild-Type,Wild-Type,Mutated,Wild-Type,Wild-Type,Wild-Type,Wild-Type,Wild-Type,Wild-Type,Wild-Type,Wild-Type,Wild-Type,Wild-Type,Wild-Type,Wild-Type,Wild-Type,Wild-Type,Mutated,Wild-Type,Wild-Type,Wild-Type,Wild-Type,Wild-Type,Mutated,Wild-Type,Wild-Type,Wild-Type,Wild-Type,Wild-Type,Wild-Type,Wild-Type,Wild-Type,Wild-Type,Wild-Type,Wild-Type,Wild-Type,Wild-Type,Wild-Type,Wild-Type,Wild-Type,Wild-Type,Wild-Type,Wild-Type,Wild-Type,Wild-Type
83,S237,Wild-Type,Wild-Type,Wild-Type,Wild-Type,Wild-Type,Wild-Type,Wild-Type,Wild-Type,Wild-Type,Wild-Type,Wild-Type,Wild-Type,Wild-Type,Wild-Type,Wild-Type,Wild-Type,Wild-Type,Wild-Type,Wild-Type,Wild-Type,Wild-Type,Wild-Type,Wild-Type,Mutated,Mutated,Wild-Type,Wild-Type,Wild-Type,Wild-Type,Wild-Type,Wild-Type,Wild-Type,Wild-Type,Wild-Type,Wild-Type,Wild-Type,Wild-Type,Wild-Type,Wild-Type,Wild-Type,Wild-Type,Wild-Type,Wild-Type,Wild-Type,Mutated,Wild-Type,Wild-Type,Wild-Type,Wild-Type,Wild-Type,Wild-Type,Wild-Type,Wild-Type,Wild-Type,Wild-Type,Wild-Type,Wild-Type,Wild-Type,Wild-Type,Wild-Type,Mutated,Wild-Type,Wild-Type,Wild-Type,Wild-Type,Wild-Type,Wild-Type,Wild-Type,Wild-Type,Wild-Type,Wild-Type,Wild-Type
84,S238,Wild-Type,Wild-Type,Wild-Type,Wild-Type,Wild-Type,Wild-Type,Wild-Type,Wild-Type,Wild-Type,Wild-Type,Wild-Type,Wild-Type,Wild-Type,Wild-Type,Wild-Type,Mutated,Wild-Type,Wild-Type,Wild-Type,Wild-Type,Wild-Type,Wild-Type,Wild-Type,Wild-Type,Wild-Type,Wild-Type,Wild-Type,Wild-Type,Wild-Type,Wild-Type,Wild-Type,Wild-Type,Wild-Type,Wild-Type,Wild-Type,Wild-Type,Wild-Type,Wild-Type,Wild-Type,Wild-Type,Wild-Type,Wild-Type,Wild-Type,Wild-Type,Mutated,Mutated,Wild-Type,Wild-Type,Wild-Type,Wild-Type,Mutated,Wild-Type,Wild-Type,Wild-Type,Wild-Type,Wild-Type,Wild-Type,Wild-Type,Wild-Type,Wild-Type,Wild-Type,Wild-Type,Wild-Type,Wild-Type,Wild-Type,Wild-Type,Mutated,Wild-Type,Wild-Type,Wild-Type,Wild-Type,Wild-Type
85,S239,Wild-Type,Wild-Type,Wild-Type,Wild-Type,Wild-Type,Wild-Type,Wild-Type,Wild-Type,Wild-Type,Wild-Type,Wild-Type,Wild-Type,Wild-Type,Wild-Type,Wild-Type,Wild-Type,Wild-Type,Wild-Type,Wild-Type,Wild-Type,Wild-Type,Wild-Type,Wild-Type,Wild-Type,Wild-Type,Wild-Type,Wild-Type,Wild-Type,Wild-Type,Wild-Type,Wild-Type,Wild-Type,Wild-Type,Wild-Type,Wild-Type,Wild-Type,Wild-Type,Wild-Type,Wild-Type,Wild-Type,Wild-Type,Wild-Type,Wild-Type,Wild-Type,Wild-Type,Wild-Type,Wild-Type,Wild-Type,Wild-Type,Wild-Type,Wild-Type,Wild-Type,Wild-Type,Wild-Type,Wild-Type,Wild-Type,Wild-Type,Wild-Type,Wild-Type,Wild-Type,Wild-Type,Wild-Type,Wild-Type,Wild-Type,Wild-Type,Wild-Type,Wild-Type,Wild-Type,Wild-Type,Wild-Type,Wild-Type,Wild-Type
86,S240,Wild-Type,Wild-Type,Wild-Type,Wild-Type,Wild-Type,Wild-Type,Wild-Type,Wild-Type,Wild-Type,Wild-Type,Wild-Type,Wild-Type,Wild-Type,Wild-Type,Wild-Type,Mutated,Wild-Type,Wild-Type,Wild-Type,Wild-Type,Wild-Type,Wild-Type,Wild-Type,Mutated,Wild-Type,Mutated,Wild-Type,Wild-Type,Wild-Type,Wild-Type,Wild-Type,Wild-Type,Wild-Type,Wild-Type,Wild-Type,Wild-Type,Wild-Type,Wild-Type,Wild-Type,Wild-Type,Wild-Type,Wild-Type,Wild-Type,Wild-Type,Mutated,Wild-Type,Wild-Type,Wild-Type,Wild-Type,Wild-Type,Wild-Type,Wild-Type,Wild-Type,Wild-Type,Wild-Type,Wild-Type,Wild-Type,Wild-Type,Wild-Type,Wild-Type,Wild-Type,Wild-Type,Wild-Type,Wild-Type,Wild-Type,Wild-Type,Wild-Type,Wild-Type,Wild-Type,Wild-Type,Wild-Type,Wild-Type
87,S241,Wild-Type,Wild-Type,Wild-Type,Wild-Type,Wild-Type,Wild-Type,Wild-Type,Wild-Type,Mutated,Wild-Type,Wild-Type,Wild-Type,Wild-Type,Wild-Type,Wild-Type,Wild-Type,Wild-Type,Wild-Type,Wild-Type,Wild-Type,Wild-Type,Wild-Type,Wild-Type,Wild-Type,Wild-Type,Wild-Type,Wild-Type,Wild-Type,Wild-Type,Wild-Type,Wild-Type,Wild-Type,Wild-Type,Wild-Type,Wild-Type,Wild-Type,Wild-Type,Wild-Type,Wild-Type,Wild-Type,Wild-Type,Wild-Type,Wild-Type,Wild-Type,Wild-Type,Wild-Type,Wild-Type,Wild-Type,Wild-Type,Wild-Type,Wild-Type,Wild-Type,Wild-Type,Wild-Type,Wild-Type,Wild-Type,Wild-Type,Wild-Type,Wild-Type,Wild-Type,Wild-Type,Wild-Type,Wild-Type,Wild-Type,Wild-Type,Wild-Type,Wild-Type,Wild-Type,Wild-Type,Wild-Type,Wild-Type,Wild-Type
88,S243,Wild-Type,Wild-Type,Wild-Type,Wild-Type,Wild-Type,Wild-Type,Wild-Type,Wild-Type,Wild-Type,Wild-Type,Wild-Type,Wild-Type,Wild-Type,Wild-Type,Wild-Type,Wild-Type,Wild-Type,Wild-Type,Wild-Type,Wild-Type,Wild-Type,Wild-Type,Wild-Type,Mutated,Wild-Type,Mutated,Wild-Type,Wild-Type,Wild-Type,Wild-Type,Wild-Type,Wild-Type,Wild-Type,Wild-Type,Wild-Type,Wild-Type,Wild-Type,Wild-Type,Wild-Type,Wild-Type,Wild-Type,Wild-Type,Wild-Type,Wild-Type,Wild-Type,Wild-Type,Wild-Type,Wild-Type,Wild-Type,Wild-Type,Wild-Type,Wild-Type,Wild-Type,Wild-Type,Wild-Type,Wild-Type,Wild-Type,Wild-Type,Wild-Type,Wild-Type,Wild-Type,Wild-Type,Wild-Type,Wild-Type,Wild-Type,Wild-Type,Wild-Type,Wild-Type,Wild-Type,Wild-Type,Wild-Type,Wild-Type
89,S244,Wild-Type,Wild-Type,Wild-Type,Wild-Type,Wild-Type,Wild-Type,Wild-Type,Wild-Type,Wild-Type,Wild-Type,Wild-Type,Wild-Type,Wild-Type,Wild-Type,Wild-Type,Wild-Type,Wild-Type,Wild-Type,Wild-Type,Wild-Type,Wild-Type,Wild-Type,Wild-Type,Wild-Type,Wild-Type,Wild-Type,Wild-Type,Wild-Type,Wild-Type,Wild-Type,Wild-Type,Wild-Type,Wild-Type,Wild-Type,Wild-Type,Wild-Type,Wild-Type,Wild-Type,Wild-Type,Wild-Type,Wild-Type,Wild-Type,Wild-Type,Wild-Type,Wild-Type,Wild-Type,Wild-Type,Wild-Type,Wild-Type,Wild-Type,Wild-Type,Wild-Type,Wild-Type,Wild-Type,Wild-Type,Wild-Type,Wild-Type,Wild-Type,Wild-Type,Wild-Type,Wild-Type,Wild-Type,Wild-Type,Wild-Type,Wild-Type,Wild-Type,Mutated,Mutated,Mutated,Wild-Type,Wild-Type,Wild-Type
90,S245,Wild-Type,Wild-Type,Wild-Type,Wild-Type,Wild-Type,Wild-Type,Wild-Type,Wild-Type,Wild-Type,Wild-Type,Mutated,Wild-Type,Wild-Type,Wild-Type,Wild-Type,Wild-Type,Wild-Type,Wild-Type,Wild-Type,Wild-Type,Wild-Type,Wild-Type,Wild-Type,Wild-Type,Wild-Type,Wild-Type,Wild-Type,Wild-Type,Wild-Type,Wild-Type,Wild-Type,Wild-Type,Wild-Type,Wild-Type,Wild-Type,Wild-Type,Wild-Type,Wild-Type,Wild-Type,Wild-Type,Wild-Type,Wild-Type,Wild-Type,Wild-Type,Wild-Type,Wild-Type,Wild-Type,Wild-Type,Wild-Type,Wild-Type,Wild-Type,Wild-Type,Wild-Type,Wild-Type,Wild-Type,Wild-Type,Mutated,Wild-Type,Wild-Type,Wild-Type,Wild-Type,Wild-Type,Mutated,Wild-Type,Wild-Type,Wild-Type,Mutated,Wild-Type,Wild-Type,Wild-Type,Wild-Type,Wild-Type
91,S246,Mutated,Wild-Type,Wild-Type,Wild-Type,Wild-Type,Wild-Type,Wild-Type,Wild-Type,Wild-Type,Wild-Type,Wild-Type,Wild-Type,Wild-Type,Wild-Type,Wild-Type,Wild-Type,Wild-Type,Wild-Type,Wild-Type,Wild-Type,Wild-Type,Wild-Type,Wild-Type,Wild-Type,Wild-Type,Wild-Type,Wild-Type,Wild-Type,Mutated,Wild-Type,Wild-Type,Wild-Type,Wild-Type,Wild-Type,Wild-Type,Wild-Type,Wild-Type,Mutated,Wild-Type,Mutated,Wild-Type,Wild-Type,Wild-Type,Wild-Type,Wild-Type,Wild-Type,Wild-Type,Wild-Type,Wild-Type,Wild-Type,Wild-Type,Wild-Type,Wild-Type,Wild-Type,Wild-Type,Wild-Type,Wild-Type,Wild-Type,Wild-Type,Wild-Type,Wild-Type,Wild-Type,Mutated,Mutated,Wild-Type,Wild-Type,Wild-Type,Wild-Type,Wild-Type,Wild-Type,Wild-Type,Wild-Type
92,S247,Wild-Type,Wild-Type,Wild-Type,Wild-Type,Wild-Type,Wild-Type,Wild-Type,Wild-Type,Wild-Type,Wild-Type,Wild-Type,Wild-Type,Wild-Type,Wild-Type,Wild-Type,Wild-Type,Wild-Type,Wild-Type,Wild-Type,Wild-Type,Wild-Type,Wild-Type,Wild-Type,Wild-Type,Wild-Type,Wild-Type,Wild-Type,Wild-Type,Mutated,Wild-Type,Wild-Type,Wild-Type,Wild-Type,Wild-Type,Wild-Type,Wild-Type,Wild-Type,Wild-Type,Wild-Type,Wild-Type,Wild-Type,Wild-Type,Wild-Type,Wild-Type,Wild-Type,Wild-Type,Wild-Type,Wild-Type,Wild-Type,Wild-Type,Wild-Type,Wild-Type,Wild-Type,Wild-Type,Wild-Type,Wild-Type,Wild-Type,Wild-Type,Wild-Type,Wild-Type,Wild-Type,Wild-Type,Mutated,Mutated,Wild-Type,Wild-Type,Wild-Type,Wild-Type,Wild-Type,Wild-Type,Wild-Type,Wild-Type
93,S248,Wild-Type,Wild-Type,Wild-Type,Wild-Type,Wild-Type,Wild-Type,Wild-Type,Wild-Type,Wild-Type,Wild-Type,Wild-Type,Wild-Type,Wild-Type,Wild-Type,Wild-Type,Wild-Type,Wild-Type,Wild-Type,Wild-Type,Wild-Type,Wild-Type,Wild-Type,Wild-Type,Wild-Type,Wild-Type,Wild-Type,Wild-Type,Wild-Type,Wild-Type,Wild-Type,Wild-Type,Wild-Type,Wild-Type,Wild-Type,Wild-Type,Wild-Type,Wild-Type,Wild-Type,Wild-Type,Wild-Type,Wild-Type,Wild-Type,Wild-Type,Wild-Type,Wild-Type,Mutated,Wild-Type,Wild-Type,Wild-Type,Wild-Type,Wild-Type,Wild-Type,Wild-Type,Wild-Type,Wild-Type,Wild-Type,Wild-Type,Wild-Type,Wild-Type,Wild-Type,Wild-Type,Wild-Type,Wild-Type,Wild-Type,Wild-Type,Wild-Type,Wild-Type,Mutated,Wild-Type,Wild-Type,Wild-Type,Wild-Type
94,S249,Wild-Type,Wild-Type,Wild-Type,Wild-Type,Wild-Type,Wild-Type,Wild-Type,Wild-Type,Wild-Type,Wild-Type,Mutated,Wild-Type,Wild-Type,Wild-Type,Wild-Type,Wild-Type,Wild-Type,Wild-Type,Wild-Type,Wild-Type,Wild-Type,Wild-Type,Wild-Type,Wild-Type,Wild-Type,Wild-Type,Mutated,Wild-Type,Wild-Type,Wild-Type,Wild-Type,Wild-Type,Wild-Type,Wild-Type,Wild-Type,Wild-Type,Wild-Type,Wild-Type,Wild-Type,Wild-Type,Wild-Type,Wild-Type,Wild-Type,Wild-Type,Wild-Type,Wild-Type,Wild-Type,Wild-Type,Wild-Type,Wild-Type,Wild-Type,Wild-Type,Wild-Type,Wild-Type,Wild-Type,Wild-Type,Wild-Type,Wild-Type,Wild-Type,Wild-Type,Wild-Type,Wild-Type,Wild-Type,Wild-Type,Wild-Type,Wild-Type,Wild-Type,Wild-Type,Wild-Type,Wild-Type,Wild-Type,Mutated
95,S250,Wild-Type,Wild-Type,Wild-Type,Wild-Type,Wild-Type,Wild-Type,Wild-Type,Wild-Type,Wild-Type,Wild-Type,Wild-Type,Wild-Type,Wild-Type,Wild-Type,Wild-Type,Wild-Type,Wild-Type,Wild-Type,Wild-Type,Wild-Type,Mutated,Wild-Type,Wild-Type,Wild-Type,Wild-Type,Wild-Type,Wild-Type,Wild-Type,Wild-Type,Wild-Type,Wild-Type,Wild-Type,Wild-Type,Mutated,Wild-Type,Wild-Type,Wild-Type,Wild-Type,Wild-Type,Wild-Type,Wild-Type,Wild-Type,Wild-Type,Wild-Type,Wild-Type,Mutated,Wild-Type,Wild-Type,Wild-Type,Wild-Type,Wild-Type,Wild-Type,Wild-Type,Wild-Type,Wild-Type,Wild-Type,Wild-Type,Wild-Type,Wild-Type,Wild-Type,Wild-Type,Wild-Type,Wild-Type,Wild-Type,Wild-Type,Wild-Type,Wild-Type,Wild-Type,Wild-Type,Wild-Type,Wild-Type,Wild-Type
96,S251,Wild-Type,Wild-Type,Mutated,Wild-Type,Wild-Type,Wild-Type,Wild-Type,Wild-Type,Mutated,Mutated,Wild-Type,Wild-Type,Wild-Type,Wild-Type,Wild-Type,Mutated,Wild-Type,Wild-Type,Wild-Type,Wild-Type,Wild-Type,Wild-Type,Wild-Type,Mutated,Wild-Type,Mutated,Wild-Type,Wild-Type,Wild-Type,Wild-Type,Wild-Type,Wild-Type,Wild-Type,Wild-Type,Wild-Type,Wild-Type,Wild-Type,Wild-Type,Wild-Type,Wild-Type,Wild-Type,Wild-Type,Wild-Type,Wild-Type,Mutated,Wild-Type,Wild-Type,Wild-Type,Wild-Type,Wild-Type,Wild-Type,Wild-Type,Wild-Type,Wild-Type,Wild-Type,Wild-Type,Wild-Type,Wild-Type,Wild-Type,Wild-Type,Wild-Type,Wild-Type,Wild-Type,Wild-Type,Wild-Type,Wild-Type,Mutated,Wild-Type,Wild-Type,Wild-Type,Wild-Type,Wild-Type
97,S252,Wild-Type,Wild-Type,Mutated,Wild-Type,Wild-Type,Wild-Type,Wild-Type,Wild-Type,Wild-Type,Wild-Type,Wild-Type,Wild-Type,Wild-Type,Wild-Type,Wild-Type,Mutated,Wild-Type,Wild-Type,Wild-Type,Wild-Type,Wild-Type,Wild-Type,Wild-Type,Mutated,Wild-Type,Mutated,Wild-Type,Wild-Type,Wild-Type,Wild-Type,Wild-Type,Wild-Type,Wild-Type,Wild-Type,Wild-Type,Wild-Type,Wild-Type,Wild-Type,Wild-Type,Wild-Type,Wild-Type,Wild-Type,Wild-Type,Wild-Type,Mutated,Wild-Type,Wild-Type,Wild-Type,Wild-Type,Wild-Type,Wild-Type,Wild-Type,Wild-Type,Wild-Type,Wild-Type,Wild-Type,Wild-Type,Wild-Type,Wild-Type,Wild-Type,Wild-Type,Wild-Type,Wild-Type,Wild-Type,Wild-Type,Wild-Type,Mutated,Wild-Type,Wild-Type,Wild-Type,Wild-Type,Wild-Type
98,C95,Wild-Type,Wild-Type,Wild-Type,Wild-Type,Wild-Type,Wild-Type,Wild-Type,Wild-Type,Wild-Type,Wild-Type,Wild-Type,Wild-Type,Wild-Type,Wild-Type,Wild-Type,Mutated,Wild-Type,Wild-Type,Wild-Type,Wild-Type,Wild-Type,Wild-Type,Wild-Type,Mutated,Wild-Type,Mutated,Wild-Type,Wild-Type,Wild-Type,Wild-Type,Wild-Type,Wild-Type,Wild-Type,Wild-Type,Wild-Type,Wild-Type,Wild-Type,Wild-Type,Wild-Type,Wild-Type,Wild-Type,Wild-Type,Wild-Type,Wild-Type,Mutated,Wild-Type,Wild-Type,Wild-Type,Wild-Type,Wild-Type,Wild-Type,Wild-Type,Wild-Type,Wild-Type,Wild-Type,Wild-Type,Wild-Type,Wild-Type,Wild-Type,Wild-Type,Wild-Type,Wild-Type,Wild-Type,Wild-Type,Wild-Type,Wild-Type,Mutated,Wild-Type,Wild-Type,Wild-Type,Wild-Type,Wild-Type
99,S253,Wild-Type,Wild-Type,Mutated,Wild-Type,Wild-Type,Wild-Type,Wild-Type,Wild-Type,Wild-Type,Wild-Type,Wild-Type,Wild-Type,Wild-Type,Wild-Type,Wild-Type,Mutated,Wild-Type,Wild-Type,Wild-Type,Wild-Type,Wild-Type,Wild-Type,Wild-Type,Mutated,Wild-Type,Mutated,Wild-Type,Wild-Type,Wild-Type,Wild-Type,Wild-Type,Wild-Type,Wild-Type,Wild-Type,Wild-Type,Wild-Type,Wild-Type,Wild-Type,Wild-Type,Wild-Type,Wild-Type,Wild-Type,Wild-Type,Wild-Type,Mutated,Wild-Type,Wild-Type,Wild-Type,Wild-Type,Wild-Type,Wild-Type,Wild-Type,Wild-Type,Wild-Type,Wild-Type,Wild-Type,Wild-Type,Wild-Type,Wild-Type,Wild-Type,Wild-Type,Wild-Type,Wild-Type,Wild-Type,Wild-Type,Wild-Type,Mutated,Wild-Type,Wild-Type,Wild-Type,Wild-Type,Wild-Type
100,S254,Wild-Type,Wild-Type,Wild-Type,Wild-Type,Wild-Type,Wild-Type,Wild-Type,Wild-Type,Wild-Type,Wild-Type,Wild-Type,Wild-Type,Wild-Type,Wild-Type,Wild-Type,Mutated,Wild-Type,Wild-Type,Wild-Type,Wild-Type,Wild-Type,Wild-Type,Wild-Type,Mutated,Wild-Type,Wild-Type,Wild-Type,Wild-Type,Wild-Type,Wild-Type,Wild-Type,Wild-Type,Wild-Type,Wild-Type,Wild-Type,Wild-Type,Wild-Type,Wild-Type,Wild-Type,Mutated,Wild-Type,Wild-Type,Wild-Type,Wild-Type,Wild-Type,Mutated,Wild-Type,Wild-Type,Wild-Type,Wild-Type,Wild-Type,Wild-Type,Wild-Type,Wild-Type,Wild-Type,Wild-Type,Wild-Type,Wild-Type,Wild-Type,Wild-Type,Wild-Type,Wild-Type,Wild-Type,Wild-Type,Wild-Type,Wild-Type,Wild-Type,Wild-Type,Wild-Type,Wild-Type,Wild-Type,Wild-Type
101,S255,Wild-Type,Wild-Type,Wild-Type,Wild-Type,Wild-Type,Wild-Type,Wild-Type,Wild-Type,Wild-Type,Wild-Type,Wild-Type,Wild-Type,Wild-Type,Wild-Type,Wild-Type,Wild-Type,Wild-Type,Wild-Type,Wild-Type,Wild-Type,Wild-Type,Wild-Type,Wild-Type,Wild-Type,Wild-Type,Wild-Type,Wild-Type,Wild-Type,Wild-Type,Wild-Type,Wild-Type,Mutated,Wild-Type,Wild-Type,Wild-Type,Wild-Type,Wild-Type,Wild-Type,Wild-Type,Wild-Type,Wild-Type,Wild-Type,Wild-Type,Wild-Type,Wild-Type,Mutated,Wild-Type,Wild-Type,Wild-Type,Wild-Type,Wild-Type,Wild-Type,Wild-Type,Wild-Type,Wild-Type,Wild-Type,Wild-Type,Wild-Type,Wild-Type,Wild-Type,Wild-Type,Wild-Type,Wild-Type,Wild-Type,Wild-Type,Wild-Type,Wild-Type,Wild-Type,Mutated,Wild-Type,Wild-Type,Wild-Type
102,C505,Wild-Type,Wild-Type,Wild-Type,Wild-Type,Wild-Type,Wild-Type,Wild-Type,Wild-Type,Wild-Type,Wild-Type,Wild-Type,Wild-Type,Wild-Type,Wild-Type,Wild-Type,Wild-Type,Wild-Type,Wild-Type,Wild-Type,Wild-Type,Mutated,Wild-Type,Wild-Type,Wild-Type,Wild-Type,Wild-Type,Wild-Type,Wild-Type,Wild-Type,Wild-Type,Wild-Type,Wild-Type,Wild-Type,Wild-Type,Wild-Type,Wild-Type,Wild-Type,Wild-Type,Wild-Type,Wild-Type,Wild-Type,Wild-Type,Wild-Type,Wild-Type,Wild-Type,Wild-Type,Wild-Type,Wild-Type,Wild-Type,Wild-Type,Wild-Type,Wild-Type,Wild-Type,Wild-Type,Wild-Type,Wild-Type,Wild-Type,Wild-Type,Wild-Type,Wild-Type,Wild-Type,Wild-Type,Wild-Type,Wild-Type,Wild-Type,Wild-Type,Wild-Type,Wild-Type,Wild-Type,Wild-Type,Wild-Type,Wild-Type
103,S256,Wild-Type,Wild-Type,Wild-Type,Wild-Type,Wild-Type,Wild-Type,Wild-Type,Wild-Type,Wild-Type,Wild-Type,Wild-Type,Wild-Type,Wild-Type,Wild-Type,Wild-Type,Wild-Type,Wild-Type,Wild-Type,Wild-Type,Wild-Type,Wild-Type,Wild-Type,Wild-Type,Wild-Type,Wild-Type,Wild-Type,Wild-Type,Wild-Type,Wild-Type,Wild-Type,Wild-Type,Wild-Type,Wild-Type,Wild-Type,Wild-Type,Wild-Type,Wild-Type,Wild-Type,Wild-Type,Wild-Type,Wild-Type,Wild-Type,Wild-Type,Wild-Type,Mutated,Wild-Type,Wild-Type,Wild-Type,Wild-Type,Wild-Type,Wild-Type,Wild-Type,Wild-Type,Wild-Type,Wild-Type,Wild-Type,Wild-Type,Wild-Type,Wild-Type,Wild-Type,Wild-Type,Wild-Type,Wild-Type,Wild-Type,Wild-Type,Wild-Type,Wild-Type,Wild-Type,Wild-Type,Wild-Type,Wild-Type,Wild-Type
104,S257,Mutated,Wild-Type,Wild-Type,Wild-Type,Wild-Type,Wild-Type,Wild-Type,Wild-Type,Wild-Type,Wild-Type,Wild-Type,Wild-Type,Wild-Type,Wild-Type,Wild-Type,Mutated,Wild-Type,Wild-Type,Wild-Type,Wild-Type,Wild-Type,Wild-Type,Wild-Type,Mutated,Wild-Type,Mutated,Wild-Type,Wild-Type,Wild-Type,Wild-Type,Wild-Type,Wild-Type,Wild-Type,Wild-Type,Wild-Type,Wild-Type,Wild-Type,Wild-Type,Wild-Type,Wild-Type,Wild-Type,Wild-Type,Wild-Type,Wild-Type,Mutated,Wild-Type,Wild-Type,Wild-Type,Mutated,Wild-Type,Wild-Type,Wild-Type,Wild-Type,Wild-Type,Wild-Type,Wild-Type,Wild-Type,Wild-Type,Wild-Type,Wild-Type,Wild-Type,Wild-Type,Wild-Type,Wild-Type,Wild-Type,Wild-Type,Mutated,Wild-Type,Wild-Type,Wild-Type,Wild-Type,Wild-Type
105,S258,Mutated,Wild-Type,Wild-Type,Wild-Type,Mutated,Wild-Type,Wild-Type,Wild-Type,Wild-Type,Wild-Type,Wild-Type,Wild-Type,Wild-Type,Wild-Type,Wild-Type,Wild-Type,Wild-Type,Wild-Type,Wild-Type,Wild-Type,Wild-Type,Wild-Type,Wild-Type,Wild-Type,Wild-Type,Wild-Type,Wild-Type,Wild-Type,Wild-Type,Wild-Type,Wild-Type,Wild-Type,Wild-Type,Wild-Type,Wild-Type,Wild-Type,Wild-Type,Mutated,Wild-Type,Wild-Type,Wild-Type,Wild-Type,Wild-Type,Wild-Type,Wild-Type,Wild-Type,Wild-Type,Wild-Type,Wild-Type,Wild-Type,Wild-Type,Wild-Type,Wild-Type,Wild-Type,Wild-Type,Wild-Type,Mutated,Wild-Type,Wild-Type,Wild-Type,Wild-Type,Wild-Type,Mutated,Mutated,Wild-Type,Wild-Type,Wild-Type,Wild-Type,Wild-Type,Wild-Type,Wild-Type,Wild-Type
106,S259,Wild-Type,Wild-Type,Wild-Type,Wild-Type,Wild-Type,Wild-Type,Wild-Type,Wild-Type,Wild-Type,Wild-Type,Mutated,Wild-Type,Wild-Type,Wild-Type,Wild-Type,Mutated,Wild-Type,Wild-Type,Wild-Type,Wild-Type,Wild-Type,Wild-Type,Wild-Type,Mutated,Wild-Type,Mutated,Wild-Type,Wild-Type,Wild-Type,Mutated,Wild-Type,Wild-Type,Wild-Type,Wild-Type,Wild-Type,Wild-Type,Wild-Type,Wild-Type,Wild-Type,Wild-Type,Wild-Type,Wild-Type,Wild-Type,Wild-Type,Mutated,Wild-Type,Wild-Type,Wild-Type,Wild-Type,Wild-Type,Wild-Type,Wild-Type,Wild-Type,Wild-Type,Wild-Type,Wild-Type,Wild-Type,Wild-Type,Wild-Type,Wild-Type,Wild-Type,Wild-Type,Wild-Type,Wild-Type,Wild-Type,Wild-Type,Wild-Type,Wild-Type,Wild-Type,Wild-Type,Wild-Type,Wild-Type
107,S260,Wild-Type,Wild-Type,Wild-Type,Wild-Type,Wild-Type,Wild-Type,Wild-Type,Wild-Type,Wild-Type,Wild-Type,Mutated,Wild-Type,Wild-Type,Wild-Type,Wild-Type,Wild-Type,Wild-Type,Wild-Type,Wild-Type,Wild-Type,Wild-Type,Wild-Type,Wild-Type,Mutated,Wild-Type,Mutated,Wild-Type,Wild-Type,Wild-Type,Wild-Type,Wild-Type,Wild-Type,Wild-Type,Wild-Type,Wild-Type,Wild-Type,Wild-Type,Wild-Type,Wild-Type,Wild-Type,Wild-Type,Wild-Type,Wild-Type,Wild-Type,Mutated,Wild-Type,Wild-Type,Wild-Type,Wild-Type,Wild-Type,Wild-Type,Wild-Type,Wild-Type,Wild-Type,Wild-Type,Wild-Type,Wild-Type,Wild-Type,Wild-Type,Wild-Type,Wild-Type,Wild-Type,Wild-Type,Wild-Type,Wild-Type,Wild-Type,Mutated,Wild-Type,Wild-Type,Wild-Type,Wild-Type,Wild-Type
108,S261,Wild-Type,Wild-Type,Wild-Type,Wild-Type,Wild-Type,Wild-Type,Wild-Type,Wild-Type,Wild-Type,Wild-Type,Mutated,Wild-Type,Wild-Type,Wild-Type,Wild-Type,Wild-Type,Wild-Type,Wild-Type,Wild-Type,Wild-Type,Wild-Type,Wild-Type,Wild-Type,Mutated,Wild-Type,Mutated,Wild-Type,Wild-Type,Wild-Type,Wild-Type,Wild-Type,Wild-Type,Wild-Type,Wild-Type,Wild-Type,Wild-Type,Wild-Type,Wild-Type,Wild-Type,Wild-Type,Wild-Type,Wild-Type,Wild-Type,Wild-Type,Mutated,Wild-Type,Wild-Type,Wild-Type,Wild-Type,Wild-Type,Wild-Type,Wild-Type,Wild-Type,Wild-Type,Wild-Type,Wild-Type,Wild-Type,Wild-Type,Wild-Type,Wild-Type,Wild-Type,Wild-Type,Wild-Type,Wild-Type,Wild-Type,Wild-Type,Mutated,Wild-Type,Wild-Type,Wild-Type,Wild-Type,Wild-Type
109,S262,Wild-Type,Wild-Type,Wild-Type,Wild-Type,Wild-Type,Wild-Type,Wild-Type,Wild-Type,Wild-Type,Wild-Type,Wild-Type,Wild-Type,Wild-Type,Wild-Type,Wild-Type,Wild-Type,Wild-Type,Wild-Type,Wild-Type,Wild-Type,Wild-Type,Wild-Type,Wild-Type,Wild-Type,Wild-Type,Wild-Type,Wild-Type,Wild-Type,Wild-Type,Wild-Type,Wild-Type,Wild-Type,Wild-Type,Wild-Type,Wild-Type,Wild-Type,Wild-Type,Wild-Type,Wild-Type,Wild-Type,Wild-Type,Wild-Type,Wild-Type,Wild-Type,Wild-Type,Mutated,Wild-Type,Wild-Type,Wild-Type,Wild-Type,Wild-Type,Wild-Type,Wild-Type,Wild-Type,Wild-Type,Wild-Type,Wild-Type,Wild-Type,Wild-Type,Wild-Type,Wild-Type,Wild-Type,Wild-Type,Wild-Type,Wild-Type,Wild-Type,Wild-Type,Wild-Type,Wild-Type,Wild-Type,Wild-Type,Wild-Type
110,S263,Wild-Type,Wild-Type,Wild-Type,Wild-Type,Wild-Type,Wild-Type,Wild-Type,Wild-Type,Wild-Type,Wild-Type,Wild-Type,Wild-Type,Wild-Type,Wild-Type,Wild-Type,Mutated,Wild-Type,Wild-Type,Wild-Type,Wild-Type,Wild-Type,Wild-Type,Wild-Type,Mutated,Mutated,Wild-Type,Wild-Type,Wild-Type,Wild-Type,Wild-Type,Wild-Type,Wild-Type,Wild-Type,Wild-Type,Wild-Type,Wild-Type,Wild-Type,Wild-Type,Wild-Type,Wild-Type,Wild-Type,Wild-Type,Wild-Type,Wild-Type,Mutated,Wild-Type,Wild-Type,Wild-Type,Wild-Type,Wild-Type,Mutated,Wild-Type,Wild-Type,Wild-Type,Wild-Type,Wild-Type,Wild-Type,Wild-Type,Wild-Type,Wild-Type,Wild-Type,Wild-Type,Wild-Type,Wild-Type,Wild-Type,Wild-Type,Mutated,Wild-Type,Wild-Type,Wild-Type,Wild-Type,Wild-Type
111,S264,Wild-Type,Wild-Type,Wild-Type,Wild-Type,Wild-Type,Wild-Type,Wild-Type,Wild-Type,Wild-Type,Wild-Type,Wild-Type,Wild-Type,Wild-Type,Wild-Type,Wild-Type,Wild-Type,Wild-Type,Wild-Type,Wild-Type,Wild-Type,Wild-Type,Wild-Type,Wild-Type,Wild-Type,Wild-Type,Wild-Type,Wild-Type,Wild-Type,Wild-Type,Wild-Type,Wild-Type,Wild-Type,Wild-Type,Wild-Type,Wild-Type,Wild-Type,Wild-Type,Wild-Type,Wild-Type,Wild-Type,Wild-Type,Wild-Type,Wild-Type,Wild-Type,Wild-Type,Wild-Type,Wild-Type,Wild-Type,Wild-Type,Wild-Type,Wild-Type,Wild-Type,Wild-Type,Wild-Type,Wild-Type,Wild-Type,Wild-Type,Wild-Type,Wild-Type,Wild-Type,Wild-Type,Wild-Type,Wild-Type,Wild-Type,Wild-Type,Wild-Type,Mutated,Wild-Type,Wild-Type,Wild-Type,Wild-Type,Wild-Type
112,S265,Wild-Type,Wild-Type,Wild-Type,Wild-Type,Wild-Type,Wild-Type,Wild-Type,Wild-Type,Wild-Type,Wild-Type,Wild-Type,Wild-Type,Wild-Type,Mutated,Wild-Type,Wild-Type,Wild-Type,Wild-Type,Wild-Type,Wild-Type,Wild-Type,Wild-Type,Wild-Type,Mutated,Wild-Type,Mutated,Wild-Type,Wild-Type,Wild-Type,Wild-Type,Wild-Type,Wild-Type,Wild-Type,Wild-Type,Wild-Type,Wild-Type,Wild-Type,Wild-Type,Wild-Type,Wild-Type,Wild-Type,Wild-Type,Wild-Type,Wild-Type,Wild-Type,Wild-Type,Wild-Type,Wild-Type,Wild-Type,Wild-Type,Wild-Type,Wild-Type,Wild-Type,Wild-Type,Wild-Type,Wild-Type,Mutated,Wild-Type,Wild-Type,Mutated,Wild-Type,Wild-Type,Wild-Type,Wild-Type,Wild-Type,Wild-Type,Wild-Type,Wild-Type,Wild-Type,Wild-Type,Wild-Type,Wild-Type
113,S266,Wild-Type,Wild-Type,Wild-Type,Wild-Type,Wild-Type,Wild-Type,Wild-Type,Wild-Type,Wild-Type,Wild-Type,Wild-Type,Wild-Type,Wild-Type,Wild-Type,Wild-Type,Wild-Type,Wild-Type,Wild-Type,Wild-Type,Wild-Type,Wild-Type,Wild-Type,Wild-Type,Wild-Type,Wild-Type,Wild-Type,Wild-Type,Wild-Type,Wild-Type,Wild-Type,Wild-Type,Wild-Type,Wild-Type,Wild-Type,Wild-Type,Wild-Type,Wild-Type,Wild-Type,Wild-Type,Wild-Type,Wild-Type,Wild-Type,Wild-Type,Wild-Type,Wild-Type,Wild-Type,Wild-Type,Wild-Type,Wild-Type,Wild-Type,Wild-Type,Wild-Type,Wild-Type,Wild-Type,Wild-Type,Wild-Type,Wild-Type,Wild-Type,Wild-Type,Wild-Type,Wild-Type,Wild-Type,Wild-Type,Wild-Type,Wild-Type,Wild-Type,Wild-Type,Mutated,Wild-Type,Wild-Type,Wild-Type,Wild-Type
114,C98,,,,,,,,,,,,,,,,,,,,,,,,Wild-Type,,Wild-Type,,,,,,,,,,,,,,,,,,,Wild-Type,,,,,,,,,,,,,,,,,,,,,,,,,,,
115,S267,Wild-Type,Wild-Type,Wild-Type,Wild-Type,Wild-Type,Wild-Type,Wild-Type,Wild-Type,Wild-Type,Wild-Type,Wild-Type,Wild-Type,Wild-Type,Wild-Type,Wild-Type,Wild-Type,Wild-Type,Wild-Type,Wild-Type,Wild-Type,Wild-Type,Wild-Type,Wild-Type,Wild-Type,Wild-Type,Wild-Type,Wild-Type,Mutated,Wild-Type,Wild-Type,Wild-Type,Wild-Type,Wild-Type,Wild-Type,Wild-Type,Wild-Type,Wild-Type,Wild-Type,Wild-Type,Wild-Type,Mutated,Wild-Type,Wild-Type,Wild-Type,Wild-Type,Wild-Type,Wild-Type,Wild-Type,Wild-Type,Wild-Type,Wild-Type,Wild-Type,Wild-Type,Wild-Type,Wild-Type,Wild-Type,Wild-Type,Wild-Type,Wild-Type,Wild-Type,Wild-Type,Wild-Type,Wild-Type,Mutated,Wild-Type,Wild-Type,Wild-Type,Wild-Type,Wild-Type,Wild-Type,Wild-Type,Wild-Type
116,S268,Wild-Type,Wild-Type,Wild-Type,Wild-Type,Wild-Type,Wild-Type,Wild-Type,Wild-Type,Wild-Type,Wild-Type,Wild-Type,Wild-Type,Wild-Type,Wild-Type,Wild-Type,Wild-Type,Wild-Type,Wild-Type,Wild-Type,Wild-Type,Wild-Type,Wild-Type,Wild-Type,Wild-Type,Wild-Type,Wild-Type,Wild-Type,Mutated,Wild-Type,Wild-Type,Wild-Type,Wild-Type,Wild-Type,Wild-Type,Wild-Type,Wild-Type,Wild-Type,Wild-Type,Wild-Type,Wild-Type,Mutated,Wild-Type,Wild-Type,Wild-Type,Wild-Type,Wild-Type,Wild-Type,Wild-Type,Wild-Type,Wild-Type,Wild-Type,Wild-Type,Wild-Type,Wild-Type,Wild-Type,Wild-Type,Wild-Type,Wild-Type,Wild-Type,Wild-Type,Wild-Type,Wild-Type,Wild-Type,Wild-Type,Wild-Type,Wild-Type,Wild-Type,Wild-Type,Wild-Type,Wild-Type,Wild-Type,Wild-Type
117,S269,Wild-Type,Wild-Type,Wild-Type,Wild-Type,Wild-Type,Wild-Type,Wild-Type,Wild-Type,Wild-Type,Wild-Type,Wild-Type,Wild-Type,Wild-Type,Wild-Type,Wild-Type,Wild-Type,Wild-Type,Wild-Type,Wild-Type,Wild-Type,Wild-Type,Wild-Type,Wild-Type,Mutated,Wild-Type,Mutated,Wild-Type,Wild-Type,Wild-Type,Wild-Type,Wild-Type,Wild-Type,Wild-Type,Wild-Type,Wild-Type,Wild-Type,Wild-Type,Wild-Type,Wild-Type,Wild-Type,Wild-Type,Wild-Type,Wild-Type,Wild-Type,Wild-Type,Wild-Type,Wild-Type,Wild-Type,Wild-Type,Wild-Type,Wild-Type,Wild-Type,Wild-Type,Wild-Type,Wild-Type,Wild-Type,Wild-Type,Wild-Type,Wild-Type,Wild-Type,Wild-Type,Wild-Type,Wild-Type,Wild-Type,Wild-Type,Wild-Type,Wild-Type,Wild-Type,Wild-Type,Wild-Type,Mutated,Wild-Type
118,S270,Wild-Type,Wild-Type,Wild-Type,Wild-Type,Wild-Type,Wild-Type,Wild-Type,Wild-Type,Wild-Type,Wild-Type,Wild-Type,Wild-Type,Wild-Type,Wild-Type,Wild-Type,Wild-Type,Wild-Type,Wild-Type,Wild-Type,Wild-Type,Wild-Type,Wild-Type,Wild-Type,Mutated,Wild-Type,Wild-Type,Wild-Type,Wild-Type,Wild-Type,Wild-Type,Wild-Type,Wild-Type,Wild-Type,Wild-Type,Wild-Type,Wild-Type,Wild-Type,Wild-Type,Wild-Type,Wild-Type,Wild-Type,Wild-Type,Wild-Type,Wild-Type,Wild-Type,Wild-Type,Wild-Type,Wild-Type,Wild-Type,Wild-Type,Wild-Type,Wild-Type,Wild-Type,Wild-Type,Wild-Type,Wild-Type,Wild-Type,Wild-Type,Mutated,Wild-Type,Wild-Type,Wild-Type,Wild-Type,Wild-Type,Wild-Type,Wild-Type,Wild-Type,Wild-Type,Wild-Type,Wild-Type,Mutated,Wild-Type
119,S271,Wild-Type,Wild-Type,Wild-Type,Wild-Type,Wild-Type,Wild-Type,Wild-Type,Wild-Type,Wild-Type,Wild-Type,Wild-Type,Wild-Type,Wild-Type,Wild-Type,Wild-Type,Wild-Type,Wild-Type,Wild-Type,Wild-Type,Wild-Type,Wild-Type,Wild-Type,Wild-Type,Mutated,Wild-Type,Wild-Type,Wild-Type,Wild-Type,Wild-Type,Wild-Type,Wild-Type,Wild-Type,Wild-Type,Wild-Type,Wild-Type,Wild-Type,Wild-Type,Wild-Type,Wild-Type,Wild-Type,Wild-Type,Wild-Type,Wild-Type,Wild-Type,Wild-Type,Mutated,Wild-Type,Wild-Type,Wild-Type,Wild-Type,Wild-Type,Wild-Type,Wild-Type,Wild-Type,Wild-Type,Wild-Type,Wild-Type,Wild-Type,Mutated,Wild-Type,Wild-Type,Wild-Type,Wild-Type,Wild-Type,Wild-Type,Wild-Type,Wild-Type,Wild-Type,Wild-Type,Wild-Type,Mutated,Wild-Type
120,S272,Wild-Type,Wild-Type,Wild-Type,Wild-Type,Wild-Type,Wild-Type,Wild-Type,Wild-Type,Wild-Type,Wild-Type,Wild-Type,Wild-Type,Wild-Type,Wild-Type,Wild-Type,Wild-Type,Wild-Type,Wild-Type,Wild-Type,Wild-Type,Wild-Type,Wild-Type,Wild-Type,Wild-Type,Wild-Type,Wild-Type,Wild-Type,Wild-Type,Wild-Type,Wild-Type,Wild-Type,Wild-Type,Wild-Type,Wild-Type,Wild-Type,Wild-Type,Wild-Type,Wild-Type,Wild-Type,Wild-Type,Wild-Type,Wild-Type,Wild-Type,Mutated,Wild-Type,Wild-Type,Wild-Type,Wild-Type,Wild-Type,Wild-Type,Wild-Type,Wild-Type,Wild-Type,Wild-Type,Wild-Type,Wild-Type,Wild-Type,Wild-Type,Wild-Type,Wild-Type,Wild-Type,Wild-Type,Mutated,Wild-Type,Wild-Type,Wild-Type,Wild-Type,Wild-Type,Wild-Type,Wild-Type,Wild-Type,Wild-Type
121,S274,Wild-Type,Wild-Type,Wild-Type,Wild-Type,Wild-Type,Wild-Type,Wild-Type,Wild-Type,Wild-Type,Wild-Type,Wild-Type,Wild-Type,Wild-Type,Wild-Type,Wild-Type,Wild-Type,Wild-Type,Wild-Type,Wild-Type,Mutated,Wild-Type,Wild-Type,Wild-Type,Mutated,Wild-Type,Mutated,Wild-Type,Wild-Type,Wild-Type,Wild-Type,Wild-Type,Wild-Type,Wild-Type,Wild-Type,Wild-Type,Wild-Type,Wild-Type,Wild-Type,Wild-Type,Mutated,Wild-Type,Wild-Type,Wild-Type,Wild-Type,Wild-Type,Wild-Type,Wild-Type,Wild-Type,Wild-Type,Wild-Type,Wild-Type,Wild-Type,Wild-Type,Wild-Type,Wild-Type,Wild-Type,Wild-Type,Wild-Type,Wild-Type,Wild-Type,Wild-Type,Wild-Type,Wild-Type,Wild-Type,Wild-Type,Wild-Type,Wild-Type,Wild-Type,Mutated,Wild-Type,Wild-Type,Wild-Type
122,S275,Mutated,Wild-Type,Wild-Type,Wild-Type,Wild-Type,Wild-Type,Wild-Type,Wild-Type,Wild-Type,Wild-Type,Wild-Type,Wild-Type,Wild-Type,Mutated,Wild-Type,Wild-Type,Wild-Type,Wild-Type,Wild-Type,Wild-Type,Wild-Type,Wild-Type,Wild-Type,Wild-Type,Wild-Type,Wild-Type,Wild-Type,Wild-Type,Wild-Type,Mutated,Wild-Type,Wild-Type,Wild-Type,Wild-Type,Wild-Type,Wild-Type,Wild-Type,Wild-Type,Wild-Type,Wild-Type,Wild-Type,Wild-Type,Wild-Type,Wild-Type,Wild-Type,Mutated,Wild-Type,Wild-Type,Wild-Type,Wild-Type,Wild-Type,Wild-Type,Wild-Type,Wild-Type,Wild-Type,Wild-Type,Wild-Type,Wild-Type,Wild-Type,Wild-Type,Wild-Type,Wild-Type,Wild-Type,Mutated,Wild-Type,Wild-Type,Wild-Type,Wild-Type,Wild-Type,Wild-Type,Wild-Type,Wild-Type
123,S276,Wild-Type,Wild-Type,Wild-Type,Wild-Type,Wild-Type,Wild-Type,Wild-Type,Wild-Type,Wild-Type,Wild-Type,Wild-Type,Wild-Type,Wild-Type,Wild-Type,Wild-Type,Mutated,Wild-Type,Wild-Type,Wild-Type,Wild-Type,Wild-Type,Wild-Type,Wild-Type,Mutated,Wild-Type,Mutated,Wild-Type,Wild-Type,Wild-Type,Wild-Type,Wild-Type,Wild-Type,Wild-Type,Wild-Type,Wild-Type,Wild-Type,Wild-Type,Wild-Type,Wild-Type,Wild-Type,Wild-Type,Wild-Type,Wild-Type,Wild-Type,Mutated,Wild-Type,Wild-Type,Wild-Type,Wild-Type,Wild-Type,Wild-Type,Wild-Type,Wild-Type,Wild-Type,Wild-Type,Wild-Type,Wild-Type,Wild-Type,Wild-Type,Wild-Type,Wild-Type,Wild-Type,Wild-Type,Wild-Type,Wild-Type,Wild-Type,Wild-Type,Wild-Type,Wild-Type,Wild-Type,Wild-Type,Wild-Type
124,S277,Mutated,Wild-Type,Wild-Type,Wild-Type,Wild-Type,Wild-Type,Wild-Type,Mutated,Wild-Type,Wild-Type,Wild-Type,Wild-Type,Wild-Type,Wild-Type,Wild-Type,Wild-Type,Wild-Type,Wild-Type,Wild-Type,Wild-Type,Wild-Type,Wild-Type,Wild-Type,Wild-Type,Wild-Type,Wild-Type,Wild-Type,Wild-Type,Wild-Type,Wild-Type,Wild-Type,Wild-Type,Wild-Type,Wild-Type,Wild-Type,Wild-Type,Wild-Type,Wild-Type,Wild-Type,Wild-Type,Wild-Type,Wild-Type,Wild-Type,Wild-Type,Mutated,Wild-Type,Wild-Type,Wild-Type,Wild-Type,Wild-Type,Wild-Type,Wild-Type,Wild-Type,Wild-Type,Wild-Type,Wild-Type,Wild-Type,Wild-Type,Wild-Type,Wild-Type,Wild-Type,Wild-Type,Wild-Type,Wild-Type,Wild-Type,Wild-Type,Mutated,Wild-Type,Wild-Type,Wild-Type,Wild-Type,Wild-Type
125,S278,Wild-Type,Wild-Type,Wild-Type,Wild-Type,Wild-Type,Wild-Type,Wild-Type,Wild-Type,Wild-Type,Wild-Type,Wild-Type,Wild-Type,Wild-Type,Wild-Type,Wild-Type,Wild-Type,Wild-Type,Wild-Type,Wild-Type,Wild-Type,Wild-Type,Wild-Type,Wild-Type,Wild-Type,Wild-Type,Wild-Type,Wild-Type,Wild-Type,Wild-Type,Wild-Type,Wild-Type,Wild-Type,Wild-Type,Mutated,Wild-Type,Wild-Type,Wild-Type,Wild-Type,Wild-Type,Wild-Type,Wild-Type,Wild-Type,Wild-Type,Wild-Type,Wild-Type,Wild-Type,Wild-Type,Wild-Type,Wild-Type,Wild-Type,Wild-Type,Wild-Type,Wild-Type,Wild-Type,Wild-Type,Wild-Type,Wild-Type,Wild-Type,Wild-Type,Wild-Type,Wild-Type,Wild-Type,Wild-Type,Wild-Type,Wild-Type,Wild-Type,Wild-Type,Wild-Type,Wild-Type,Wild-Type,Wild-Type,Wild-Type
126,S279,Wild-Type,Wild-Type,Wild-Type,Wild-Type,Wild-Type,Wild-Type,Wild-Type,Wild-Type,Mutated,Wild-Type,Wild-Type,Wild-Type,Wild-Type,Wild-Type,Wild-Type,Wild-Type,Wild-Type,Wild-Type,Wild-Type,Wild-Type,Wild-Type,Wild-Type,Wild-Type,Wild-Type,Wild-Type,Wild-Type,Wild-Type,Wild-Type,Wild-Type,Mutated,Wild-Type,Wild-Type,Wild-Type,Wild-Type,Wild-Type,Wild-Type,Wild-Type,Wild-Type,Wild-Type,Wild-Type,Wild-Type,Wild-Type,Wild-Type,Wild-Type,Mutated,Wild-Type,Wild-Type,Wild-Type,Wild-Type,Wild-Type,Wild-Type,Wild-Type,Wild-Type,Wild-Type,Wild-Type,Wild-Type,Wild-Type,Wild-Type,Wild-Type,Wild-Type,Wild-Type,Wild-Type,Wild-Type,Wild-Type,Wild-Type,Wild-Type,Wild-Type,Wild-Type,Wild-Type,Wild-Type,Wild-Type,Wild-Type
127,S282,Wild-Type,Wild-Type,Wild-Type,Wild-Type,Wild-Type,Wild-Type,Wild-Type,Wild-Type,Wild-Type,Wild-Type,Mutated,Wild-Type,Wild-Type,Mutated,Wild-Type,Wild-Type,Wild-Type,Wild-Type,Wild-Type,Wild-Type,Wild-Type,Wild-Type,Wild-Type,Mutated,Wild-Type,Mutated,Wild-Type,Wild-Type,Wild-Type,Mutated,Wild-Type,Wild-Type,Wild-Type,Wild-Type,Wild-Type,Wild-Type,Wild-Type,Wild-Type,Wild-Type,Wild-Type,Wild-Type,Wild-Type,Wild-Type,Wild-Type,Mutated,Wild-Type,Wild-Type,Wild-Type,Wild-Type,Wild-Type,Wild-Type,Wild-Type,Wild-Type,Wild-Type,Wild-Type,Wild-Type,Wild-Type,Wild-Type,Wild-Type,Wild-Type,Wild-Type,Wild-Type,Mutated,Wild-Type,Wild-Type,Wild-Type,Wild-Type,Wild-Type,Wild-Type,Wild-Type,Wild-Type,Wild-Type
128,S283,Wild-Type,Wild-Type,Wild-Type,Wild-Type,Wild-Type,Wild-Type,Wild-Type,Wild-Type,Wild-Type,Wild-Type,Wild-Type,Wild-Type,Wild-Type,Wild-Type,Wild-Type,Mutated,Wild-Type,Wild-Type,Wild-Type,Wild-Type,Wild-Type,Wild-Type,Wild-Type,Mutated,Mutated,Wild-Type,Wild-Type,Wild-Type,Wild-Type,Wild-Type,Wild-Type,Wild-Type,Wild-Type,Wild-Type,Wild-Type,Wild-Type,Wild-Type,Wild-Type,Wild-Type,Wild-Type,Wild-Type,Wild-Type,Wild-Type,Wild-Type,Mutated,Wild-Type,Wild-Type,Wild-Type,Wild-Type,Wild-Type,Wild-Type,Mutated,Wild-Type,Wild-Type,Wild-Type,Wild-Type,Wild-Type,Wild-Type,Wild-Type,Wild-Type,Wild-Type,Wild-Type,Wild-Type,Wild-Type,Wild-Type,Wild-Type,Wild-Type,Wild-Type,Wild-Type,Wild-Type,Wild-Type,Wild-Type
129,C509,Wild-Type,Wild-Type,Wild-Type,Wild-Type,Wild-Type,Wild-Type,Wild-Type,Wild-Type,Wild-Type,Wild-Type,Wild-Type,Wild-Type,Wild-Type,Wild-Type,Wild-Type,Mutated,Wild-Type,Wild-Type,Wild-Type,Wild-Type,Wild-Type,Wild-Type,Wild-Type,Mutated,Mutated,Wild-Type,Wild-Type,Wild-Type,Wild-Type,Wild-Type,Wild-Type,Wild-Type,Wild-Type,Wild-Type,Wild-Type,Wild-Type,Wild-Type,Wild-Type,Wild-Type,Wild-Type,Wild-Type,Wild-Type,Wild-Type,Wild-Type,Mutated,Wild-Type,Wild-Type,Wild-Type,Wild-Type,Wild-Type,Wild-Type,Mutated,Wild-Type,Wild-Type,Wild-Type,Wild-Type,Wild-Type,Wild-Type,Wild-Type,Wild-Type,Wild-Type,Wild-Type,Wild-Type,Wild-Type,Wild-Type,Wild-Type,Wild-Type,Wild-Type,Wild-Type,Wild-Type,Wild-Type,Wild-Type
130,S285,Wild-Type,Wild-Type,Wild-Type,Wild-Type,Wild-Type,Wild-Type,Wild-Type,Wild-Type,Wild-Type,Wild-Type,Wild-Type,Wild-Type,Wild-Type,Wild-Type,Wild-Type,Wild-Type,Wild-Type,Wild-Type,Wild-Type,Wild-Type,Wild-Type,Wild-Type,Wild-Type,Mutated,Wild-Type,Wild-Type,Wild-Type,Wild-Type,Wild-Type,Mutated,Wild-Type,Wild-Type,Wild-Type,Wild-Type,Wild-Type,Wild-Type,Wild-Type,Wild-Type,Wild-Type,Wild-Type,Wild-Type,Wild-Type,Wild-Type,Wild-Type,Mutated,Wild-Type,Wild-Type,Wild-Type,Wild-Type,Wild-Type,Wild-Type,Wild-Type,Wild-Type,Wild-Type,Wild-Type,Wild-Type,Wild-Type,Wild-Type,Wild-Type,Wild-Type,Wild-Type,Wild-Type,Mutated,Wild-Type,Wild-Type,Wild-Type,Wild-Type,Wild-Type,Wild-Type,Wild-Type,Wild-Type,Wild-Type
131,S286,Wild-Type,Wild-Type,Wild-Type,Wild-Type,Wild-Type,Wild-Type,Wild-Type,Wild-Type,Wild-Type,Wild-Type,Wild-Type,Wild-Type,Wild-Type,Wild-Type,Wild-Type,Mutated,Wild-Type,Wild-Type,Wild-Type,Wild-Type,Wild-Type,Wild-Type,Wild-Type,Mutated,Wild-Type,Mutated,Wild-Type,Wild-Type,Wild-Type,Wild-Type,Wild-Type,Wild-Type,Wild-Type,Wild-Type,Wild-Type,Wild-Type,Wild-Type,Wild-Type,Mutated,Wild-Type,Wild-Type,Wild-Type,Wild-Type,Wild-Type,Wild-Type,Wild-Type,Wild-Type,Wild-Type,Wild-Type,Wild-Type,Wild-Type,Wild-Type,Wild-Type,Wild-Type,Wild-Type,Wild-Type,Mutated,Wild-Type,Wild-Type,Wild-Type,Wild-Type,Wild-Type,Wild-Type,Wild-Type,Wild-Type,Wild-Type,Wild-Type,Wild-Type,Wild-Type,Wild-Type,Wild-Type,Wild-Type
132,C174,,,,,,,,,,,,,,,,,,,,,,,,Wild-Type,,Wild-Type,,,,,,,,,,,,,,,,,,,,,,,,,,,,,,,,,,,,,,,,,,,,,,
133,S287,Wild-Type,Wild-Type,Wild-Type,Wild-Type,Wild-Type,Wild-Type,Wild-Type,Wild-Type,Wild-Type,Wild-Type,Wild-Type,Wild-Type,Wild-Type,Wild-Type,Wild-Type,Mutated,Wild-Type,Wild-Type,Wild-Type,Wild-Type,Wild-Type,Wild-Type,Wild-Type,Mutated,Wild-Type,Mutated,Wild-Type,Wild-Type,Wild-Type,Wild-Type,Wild-Type,Wild-Type,Wild-Type,Wild-Type,Wild-Type,Wild-Type,Wild-Type,Wild-Type,Wild-Type,Wild-Type,Wild-Type,Wild-Type,Wild-Type,Wild-Type,Mutated,Wild-Type,Wild-Type,Wild-Type,Wild-Type,Wild-Type,Wild-Type,Wild-Type,Wild-Type,Wild-Type,Wild-Type,Wild-Type,Wild-Type,Wild-Type,Wild-Type,Wild-Type,Wild-Type,Wild-Type,Wild-Type,Wild-Type,Wild-Type,Wild-Type,Mutated,Wild-Type,Wild-Type,Wild-Type,Wild-Type,Wild-Type
134,S288,Wild-Type,Wild-Type,Wild-Type,Wild-Type,Wild-Type,Wild-Type,Wild-Type,Wild-Type,Wild-Type,Wild-Type,Wild-Type,Wild-Type,Wild-Type,Wild-Type,Wild-Type,Mutated,Wild-Type,Wild-Type,Wild-Type,Wild-Type,Wild-Type,Wild-Type,Wild-Type,Wild-Type,Wild-Type,Wild-Type,Wild-Type,Wild-Type,Wild-Type,Wild-Type,Wild-Type,Wild-Type,Wild-Type,Wild-Type,Wild-Type,Wild-Type,Wild-Type,Wild-Type,Wild-Type,Wild-Type,Wild-Type,Wild-Type,Wild-Type,Wild-Type,Wild-Type,Mutated,Wild-Type,Wild-Type,Wild-Type,Wild-Type,Wild-Type,Wild-Type,Wild-Type,Wild-Type,Wild-Type,Wild-Type,Mutated,Wild-Type,Wild-Type,Wild-Type,Wild-Type,Wild-Type,Wild-Type,Wild-Type,Wild-Type,Wild-Type,Wild-Type,Wild-Type,Mutated,Wild-Type,Wild-Type,Wild-Type
135,S289,Wild-Type,Wild-Type,Wild-Type,Wild-Type,Wild-Type,Wild-Type,Wild-Type,Wild-Type,Wild-Type,Wild-Type,Wild-Type,Wild-Type,Wild-Type,Wild-Type,Wild-Type,Wild-Type,Wild-Type,Wild-Type,Wild-Type,Wild-Type,Wild-Type,Wild-Type,Wild-Type,Wild-Type,Wild-Type,Wild-Type,Wild-Type,Wild-Type,Wild-Type,Wild-Type,Wild-Type,Wild-Type,Wild-Type,Wild-Type,Wild-Type,Wild-Type,Wild-Type,Wild-Type,Wild-Type,Wild-Type,Wild-Type,Wild-Type,Wild-Type,Wild-Type,Wild-Type,Mutated,Wild-Type,Wild-Type,Wild-Type,Wild-Type,Wild-Type,Wild-Type,Wild-Type,Wild-Type,Wild-Type,Wild-Type,Wild-Type,Wild-Type,Wild-Type,Wild-Type,Wild-Type,Wild-Type,Wild-Type,Wild-Type,Wild-Type,Wild-Type,Wild-Type,Wild-Type,Wild-Type,Wild-Type,Wild-Type,Wild-Type
136,S290,Wild-Type,Wild-Type,Wild-Type,Wild-Type,Wild-Type,Wild-Type,Wild-Type,Wild-Type,Mutated,Wild-Type,Wild-Type,Wild-Type,Wild-Type,Wild-Type,Wild-Type,Wild-Type,Wild-Type,Wild-Type,Wild-Type,Wild-Type,Wild-Type,Wild-Type,Wild-Type,Mutated,Wild-Type,Wild-Type,Wild-Type,Wild-Type,Wild-Type,Mutated,Wild-Type,Wild-Type,Wild-Type,Wild-Type,Wild-Type,Wild-Type,Wild-Type,Wild-Type,Wild-Type,Wild-Type,Wild-Type,Wild-Type,Wild-Type,Wild-Type,Mutated,Wild-Type,Wild-Type,Wild-Type,Wild-Type,Wild-Type,Wild-Type,Wild-Type,Wild-Type,Wild-Type,Wild-Type,Wild-Type,Wild-Type,Wild-Type,Wild-Type,Wild-Type,Mutated,Wild-Type,Wild-Type,Wild-Type,Wild-Type,Wild-Type,Wild-Type,Wild-Type,Wild-Type,Wild-Type,Wild-Type,Wild-Type
137,S291,Wild-Type,Wild-Type,Wild-Type,Wild-Type,Wild-Type,Wild-Type,Wild-Type,Wild-Type,Wild-Type,Wild-Type,Wild-Type,Wild-Type,Wild-Type,Wild-Type,Wild-Type,Wild-Type,Wild-Type,Wild-Type,Wild-Type,Wild-Type,Wild-Type,Wild-Type,Wild-Type,Wild-Type,Wild-Type,Wild-Type,Wild-Type,Wild-Type,Wild-Type,Mutated,Wild-Type,Wild-Type,Wild-Type,Wild-Type,Mutated,Wild-Type,Wild-Type,Wild-Type,Wild-Type,Wild-Type,Wild-Type,Wild-Type,Wild-Type,Wild-Type,Wild-Type,Wild-Type,Wild-Type,Wild-Type,Wild-Type,Wild-Type,Wild-Type,Wild-Type,Wild-Type,Wild-Type,Wild-Type,Wild-Type,Wild-Type,Wild-Type,Wild-Type,Wild-Type,Wild-Type,Wild-Type,Mutated,Wild-Type,Wild-Type,Wild-Type,Wild-Type,Wild-Type,Wild-Type,Wild-Type,Wild-Type,Wild-Type
138,S292,Wild-Type,Wild-Type,Wild-Type,Wild-Type,Wild-Type,Wild-Type,Wild-Type,Wild-Type,Wild-Type,Wild-Type,Wild-Type,Wild-Type,Wild-Type,Wild-Type,Wild-Type,Wild-Type,Wild-Type,Wild-Type,Wild-Type,Wild-Type,Wild-Type,Wild-Type,Wild-Type,Wild-Type,Wild-Type,Wild-Type,Wild-Type,Wild-Type,Wild-Type,Wild-Type,Wild-Type,Wild-Type,Wild-Type,Wild-Type,Wild-Type,Wild-Type,Wild-Type,Wild-Type,Wild-Type,Wild-Type,Wild-Type,Wild-Type,Wild-Type,Wild-Type,Wild-Type,Wild-Type,Wild-Type,Wild-Type,Wild-Type,Wild-Type,Wild-Type,Wild-Type,Wild-Type,Wild-Type,Wild-Type,Wild-Type,Wild-Type,Wild-Type,Wild-Type,Wild-Type,Wild-Type,Wild-Type,Wild-Type,Wild-Type,Wild-Type,Wild-Type,Wild-Type,Wild-Type,Wild-Type,Wild-Type,Wild-Type,Wild-Type
139,S293,Wild-Type,Wild-Type,Wild-Type,Wild-Type,Wild-Type,Wild-Type,Wild-Type,Wild-Type,Wild-Type,Wild-Type,Wild-Type,Wild-Type,Wild-Type,Wild-Type,Wild-Type,Wild-Type,Wild-Type,Wild-Type,Wild-Type,Wild-Type,Wild-Type,Wild-Type,Wild-Type,Wild-Type,Wild-Type,Wild-Type,Wild-Type,Wild-Type,Wild-Type,Wild-Type,Wild-Type,Wild-Type,Wild-Type,Wild-Type,Wild-Type,Wild-Type,Wild-Type,Wild-Type,Wild-Type,Wild-Type,Wild-Type,Wild-Type,Wild-Type,Wild-Type,Wild-Type,Wild-Type,Wild-Type,Wild-Type,Wild-Type,Wild-Type,Wild-Type,Wild-Type,Wild-Type,Wild-Type,Wild-Type,Wild-Type,Wild-Type,Wild-Type,Wild-Type,Wild-Type,Wild-Type,Wild-Type,Wild-Type,Wild-Type,Wild-Type,Wild-Type,Wild-Type,Mutated,Wild-Type,Wild-Type,Wild-Type,Wild-Type
140,S294,Wild-Type,Wild-Type,Wild-Type,Wild-Type,Wild-Type,Wild-Type,Wild-Type,Wild-Type,Wild-Type,Wild-Type,Wild-Type,Wild-Type,Wild-Type,Wild-Type,Wild-Type,Mutated,Wild-Type,Wild-Type,Wild-Type,Wild-Type,Wild-Type,Wild-Type,Wild-Type,Wild-Type,Wild-Type,Wild-Type,Wild-Type,Wild-Type,Wild-Type,Wild-Type,Wild-Type,Wild-Type,Wild-Type,Wild-Type,Wild-Type,Wild-Type,Wild-Type,Wild-Type,Wild-Type,Wild-Type,Wild-Type,Wild-Type,Wild-Type,Wild-Type,Mutated,Mutated,Wild-Type,Wild-Type,Wild-Type,Wild-Type,Wild-Type,Wild-Type,Wild-Type,Wild-Type,Wild-Type,Wild-Type,Wild-Type,Wild-Type,Wild-Type,Wild-Type,Wild-Type,Wild-Type,Wild-Type,Wild-Type,Wild-Type,Wild-Type,Wild-Type,Wild-Type,Wild-Type,Wild-Type,Wild-Type,Wild-Type
141,S295,Wild-Type,Wild-Type,Wild-Type,Wild-Type,Wild-Type,Wild-Type,Wild-Type,Wild-Type,Wild-Type,Wild-Type,Wild-Type,Wild-Type,Wild-Type,Wild-Type,Wild-Type,Wild-Type,Wild-Type,Wild-Type,Wild-Type,Wild-Type,Wild-Type,Wild-Type,Wild-Type,Wild-Type,Wild-Type,Wild-Type,Wild-Type,Wild-Type,Mutated,Wild-Type,Wild-Type,Wild-Type,Wild-Type,Wild-Type,Wild-Type,Wild-Type,Wild-Type,Mutated,Wild-Type,Wild-Type,Wild-Type,Wild-Type,Wild-Type,Wild-Type,Wild-Type,Wild-Type,Wild-Type,Wild-Type,Wild-Type,Wild-Type,Wild-Type,Wild-Type,Wild-Type,Wild-Type,Wild-Type,Wild-Type,Wild-Type,Wild-Type,Wild-Type,Wild-Type,Wild-Type,Wild-Type,Wild-Type,Wild-Type,Wild-Type,Wild-Type,Wild-Type,Wild-Type,Wild-Type,Wild-Type,Wild-Type,Wild-Type
142,S296,Mutated,Wild-Type,Wild-Type,Wild-Type,Wild-Type,Wild-Type,Wild-Type,Wild-Type,Wild-Type,Wild-Type,Wild-Type,Wild-Type,Wild-Type,Wild-Type,Wild-Type,Wild-Type,Wild-Type,Wild-Type,Wild-Type,Wild-Type,Wild-Type,Wild-Type,Wild-Type,Wild-Type,Wild-Type,Wild-Type,Wild-Type,Wild-Type,Wild-Type,Wild-Type,Wild-Type,Wild-Type,Wild-Type,Wild-Type,Wild-Type,Wild-Type,Wild-Type,Mutated,Wild-Type,Wild-Type,Wild-Type,Wild-Type,Wild-Type,Wild-Type,Wild-Type,Wild-Type,Wild-Type,Wild-Type,Wild-Type,Wild-Type,Wild-Type,Wild-Type,Wild-Type,Wild-Type,Wild-Type,Wild-Type,Wild-Type,Wild-Type,Wild-Type,Wild-Type,Wild-Type,Wild-Type,Wild-Type,Wild-Type,Wild-Type,Wild-Type,Wild-Type,Wild-Type,Wild-Type,Wild-Type,Mutated,Wild-Type
143,S297,Wild-Type,Wild-Type,Wild-Type,Wild-Type,Wild-Type,Wild-Type,Wild-Type,Wild-Type,Wild-Type,Wild-Type,Wild-Type,Wild-Type,Wild-Type,Wild-Type,Wild-Type,Wild-Type,Wild-Type,Wild-Type,Wild-Type,Wild-Type,Wild-Type,Wild-Type,Wild-Type,Wild-Type,Wild-Type,Wild-Type,Wild-Type,Wild-Type,Wild-Type,Wild-Type,Wild-Type,Wild-Type,Wild-Type,Wild-Type,Wild-Type,Wild-Type,Wild-Type,Wild-Type,Wild-Type,Wild-Type,Wild-Type,Wild-Type,Wild-Type,Wild-Type,Wild-Type,Wild-Type,Wild-Type,Wild-Type,Wild-Type,Wild-Type,Wild-Type,Wild-Type,Wild-Type,Wild-Type,Wild-Type,Wild-Type,Mutated,Wild-Type,Wild-Type,Wild-Type,Wild-Type,Wild-Type,Mutated,Wild-Type,Wild-Type,Wild-Type,Wild-Type,Wild-Type,Wild-Type,Wild-Type,Wild-Type,Wild-Type
144,S298,Wild-Type,Wild-Type,Wild-Type,Wild-Type,Wild-Type,Wild-Type,Wild-Type,Wild-Type,Wild-Type,Wild-Type,Wild-Type,Wild-Type,Wild-Type,Wild-Type,Wild-Type,Wild-Type,Wild-Type,Wild-Type,Wild-Type,Wild-Type,Wild-Type,Wild-Type,Wild-Type,Mutated,Wild-Type,Wild-Type,Wild-Type,Wild-Type,Wild-Type,Mutated,Wild-Type,Wild-Type,Wild-Type,Wild-Type,Wild-Type,Wild-Type,Wild-Type,Wild-Type,Wild-Type,Wild-Type,Wild-Type,Wild-Type,Wild-Type,Wild-Type,Mutated,Wild-Type,Wild-Type,Wild-Type,Wild-Type,Wild-Type,Wild-Type,Wild-Type,Wild-Type,Wild-Type,Wild-Type,Wild-Type,Wild-Type,Wild-Type,Wild-Type,Wild-Type,Wild-Type,Wild-Type,Mutated,Wild-Type,Wild-Type,Wild-Type,Wild-Type,Wild-Type,Wild-Type,Wild-Type,Wild-Type,Wild-Type
145,S299,Wild-Type,Wild-Type,Wild-Type,Wild-Type,Wild-Type,Wild-Type,Wild-Type,Wild-Type,Wild-Type,Wild-Type,Wild-Type,Wild-Type,Wild-Type,Wild-Type,Wild-Type,Wild-Type,Wild-Type,Wild-Type,Wild-Type,Wild-Type,Wild-Type,Wild-Type,Wild-Type,Mutated,Wild-Type,Mutated,Wild-Type,Wild-Type,Wild-Type,Wild-Type,Wild-Type,Wild-Type,Wild-Type,Wild-Type,Wild-Type,Wild-Type,Mutated,Wild-Type,Wild-Type,Wild-Type,Wild-Type,Wild-Type,Wild-Type,Wild-Type,Mutated,Wild-Type,Wild-Type,Wild-Type,Wild-Type,Wild-Type,Wild-Type,Wild-Type,Wild-Type,Wild-Type,Wild-Type,Wild-Type,Wild-Type,Wild-Type,Wild-Type,Wild-Type,Wild-Type,Wild-Type,Wild-Type,Wild-Type,Wild-Type,Wild-Type,Mutated,Wild-Type,Wild-Type,Wild-Type,Wild-Type,Wild-Type
146,S300,Wild-Type,Wild-Type,Wild-Type,Wild-Type,Wild-Type,Wild-Type,Wild-Type,Wild-Type,Wild-Type,Wild-Type,Mutated,Wild-Type,Wild-Type,Wild-Type,Wild-Type,Wild-Type,Wild-Type,Wild-Type,Wild-Type,Wild-Type,Wild-Type,Wild-Type,Wild-Type,Mutated,Wild-Type,Mutated,Wild-Type,Wild-Type,Wild-Type,Wild-Type,Wild-Type,Wild-Type,Wild-Type,Wild-Type,Wild-Type,Wild-Type,Wild-Type,Wild-Type,Wild-Type,Wild-Type,Wild-Type,Wild-Type,Wild-Type,Wild-Type,Wild-Type,Wild-Type,Wild-Type,Wild-Type,Wild-Type,Wild-Type,Wild-Type,Wild-Type,Wild-Type,Wild-Type,Wild-Type,Wild-Type,Wild-Type,Wild-Type,Wild-Type,Wild-Type,Wild-Type,Wild-Type,Wild-Type,Wild-Type,Wild-Type,Wild-Type,Wild-Type,Wild-Type,Wild-Type,Wild-Type,Wild-Type,Wild-Type
147,C124,Wild-Type,Wild-Type,Wild-Type,Wild-Type,Wild-Type,Wild-Type,Wild-Type,Wild-Type,Wild-Type,Wild-Type,Wild-Type,Wild-Type,Wild-Type,Wild-Type,Wild-Type,Wild-Type,Wild-Type,Wild-Type,Wild-Type,Wild-Type,Wild-Type,Wild-Type,Wild-Type,Wild-Type,Wild-Type,Wild-Type,Wild-Type,Wild-Type,Wild-Type,Wild-Type,Wild-Type,Wild-Type,Wild-Type,Wild-Type,Wild-Type,Wild-Type,Wild-Type,Wild-Type,Wild-Type,Wild-Type,Wild-Type,Wild-Type,Wild-Type,Wild-Type,Mutated,Wild-Type,Wild-Type,Wild-Type,Wild-Type,Wild-Type,Wild-Type,Wild-Type,Wild-Type,Wild-Type,Wild-Type,Wild-Type,Wild-Type,Wild-Type,Wild-Type,Wild-Type,Wild-Type,Wild-Type,Wild-Type,Wild-Type,Wild-Type,Wild-Type,Wild-Type,Wild-Type,Wild-Type,Wild-Type,Mutated,Wild-Type
148,S301,Wild-Type,Wild-Type,Wild-Type,Wild-Type,Wild-Type,Wild-Type,Wild-Type,Wild-Type,Wild-Type,Wild-Type,Wild-Type,Wild-Type,Wild-Type,Wild-Type,Wild-Type,Wild-Type,Wild-Type,Wild-Type,Wild-Type,Wild-Type,Mutated,Wild-Type,Wild-Type,Wild-Type,Wild-Type,Wild-Type,Wild-Type,Wild-Type,Wild-Type,Wild-Type,Wild-Type,Wild-Type,Wild-Type,Wild-Type,Wild-Type,Wild-Type,Wild-Type,Wild-Type,Wild-Type,Wild-Type,Wild-Type,Wild-Type,Wild-Type,Wild-Type,Wild-Type,Wild-Type,Wild-Type,Wild-Type,Wild-Type,Wild-Type,Wild-Type,Wild-Type,Wild-Type,Wild-Type,Wild-Type,Wild-Type,Wild-Type,Wild-Type,Wild-Type,Mutated,Wild-Type,Wild-Type,Wild-Type,Wild-Type,Wild-Type,Wild-Type,Mutated,Wild-Type,Wild-Type,Wild-Type,Wild-Type,Wild-Type
149,S302,Wild-Type,Wild-Type,Wild-Type,Wild-Type,Wild-Type,Wild-Type,Wild-Type,Wild-Type,Wild-Type,Wild-Type,Wild-Type,Wild-Type,Wild-Type,Wild-Type,Wild-Type,Wild-Type,Wild-Type,Wild-Type,Wild-Type,Wild-Type,Wild-Type,Wild-Type,Wild-Type,Wild-Type,Wild-Type,Wild-Type,Wild-Type,Wild-Type,Wild-Type,Wild-Type,Wild-Type,Wild-Type,Wild-Type,Wild-Type,Wild-Type,Wild-Type,Wild-Type,Wild-Type,Wild-Type,Wild-Type,Wild-Type,Wild-Type,Wild-Type,Wild-Type,Wild-Type,Mutated,Wild-Type,Wild-Type,Wild-Type,Wild-Type,Wild-Type,Wild-Type,Wild-Type,Wild-Type,Wild-Type,Wild-Type,Wild-Type,Wild-Type,Wild-Type,Wild-Type,Wild-Type,Wild-Type,Mutated,Mutated,Wild-Type,Wild-Type,Mutated,Wild-Type,Wild-Type,Wild-Type,Wild-Type,Wild-Type
150,S586,Wild-Type,Wild-Type,Wild-Type,Wild-Type,Wild-Type,Wild-Type,Wild-Type,Wild-Type,Wild-Type,Wild-Type,Wild-Type,Wild-Type,Wild-Type,Wild-Type,Wild-Type,Wild-Type,Wild-Type,Wild-Type,Wild-Type,Wild-Type,Wild-Type,Wild-Type,Wild-Type,Wild-Type,Wild-Type,Wild-Type,Wild-Type,Wild-Type,Wild-Type,Mutated,Wild-Type,Mutated,Wild-Type,Wild-Type,Wild-Type,Wild-Type,Wild-Type,Wild-Type,Wild-Type,Wild-Type,Wild-Type,Wild-Type,Wild-Type,Wild-Type,Mutated,Wild-Type,Wild-Type,Wild-Type,Wild-Type,Wild-Type,Wild-Type,Wild-Type,Wild-Type,Wild-Type,Wild-Type,Wild-Type,Wild-Type,Wild-Type,Wild-Type,Wild-Type,Wild-Type,Wild-Type,Mutated,Wild-Type,Wild-Type,Wild-Type,Wild-Type,Wild-Type,Wild-Type,Wild-Type,Mutated,Wild-Type
151,S587,Wild-Type,Wild-Type,Wild-Type,Wild-Type,Wild-Type,Wild-Type,Wild-Type,Wild-Type,Wild-Type,Wild-Type,Wild-Type,Wild-Type,Wild-Type,Wild-Type,Wild-Type,Wild-Type,Wild-Type,Wild-Type,Wild-Type,Wild-Type,Wild-Type,Wild-Type,Wild-Type,Wild-Type,Wild-Type,Wild-Type,Wild-Type,Wild-Type,Wild-Type,Mutated,Wild-Type,Mutated,Wild-Type,Wild-Type,Wild-Type,Wild-Type,Wild-Type,Wild-Type,Wild-Type,Wild-Type,Wild-Type,Wild-Type,Wild-Type,Wild-Type,Mutated,Wild-Type,Wild-Type,Wild-Type,Wild-Type,Wild-Type,Wild-Type,Wild-Type,Wild-Type,Wild-Type,Wild-Type,Wild-Type,Wild-Type,Wild-Type,Wild-Type,Wild-Type,Wild-Type,Wild-Type,Mutated,Wild-Type,Wild-Type,Wild-Type,Wild-Type,Wild-Type,Wild-Type,Wild-Type,Mutated,Wild-Type
152,C126,Wild-Type,Wild-Type,Wild-Type,Mutated,Wild-Type,Wild-Type,Wild-Type,Wild-Type,Wild-Type,Wild-Type,Wild-Type,Wild-Type,Wild-Type,Wild-Type,Wild-Type,Wild-Type,Wild-Type,Wild-Type,Wild-Type,Wild-Type,Wild-Type,Wild-Type,Wild-Type,Wild-Type,Wild-Type,Wild-Type,Wild-Type,Wild-Type,Wild-Type,Wild-Type,Wild-Type,Wild-Type,Wild-Type,Wild-Type,Wild-Type,Wild-Type,Wild-Type,Wild-Type,Wild-Type,Wild-Type,Wild-Type,Wild-Type,Wild-Type,Wild-Type,Wild-Type,Wild-Type,Wild-Type,Wild-Type,Mutated,Wild-Type,Wild-Type,Wild-Type,Wild-Type,Wild-Type,Wild-Type,Wild-Type,Mutated,Wild-Type,Wild-Type,Wild-Type,Wild-Type,Wild-Type,Wild-Type,Wild-Type,Wild-Type,Wild-Type,Wild-Type,Wild-Type,Wild-Type,Wild-Type,Wild-Type,Wild-Type
153,S303,Mutated,Wild-Type,Wild-Type,Wild-Type,Mutated,Wild-Type,Wild-Type,Wild-Type,Wild-Type,Wild-Type,Wild-Type,Wild-Type,Wild-Type,Wild-Type,Wild-Type,Wild-Type,Wild-Type,Wild-Type,Wild-Type,Wild-Type,Wild-Type,Wild-Type,Wild-Type,Wild-Type,Wild-Type,Wild-Type,Wild-Type,Wild-Type,Wild-Type,Wild-Type,Wild-Type,Wild-Type,Wild-Type,Wild-Type,Wild-Type,Wild-Type,Wild-Type,Mutated,Wild-Type,Wild-Type,Wild-Type,Wild-Type,Wild-Type,Wild-Type,Wild-Type,Wild-Type,Wild-Type,Wild-Type,Wild-Type,Wild-Type,Wild-Type,Wild-Type,Wild-Type,Wild-Type,Wild-Type,Wild-Type,Wild-Type,Wild-Type,Wild-Type,Wild-Type,Wild-Type,Wild-Type,Wild-Type,Mutated,Mutated,Wild-Type,Mutated,Wild-Type,Wild-Type,Wild-Type,Wild-Type,Wild-Type
154,S304,Wild-Type,Wild-Type,Wild-Type,Wild-Type,Wild-Type,Wild-Type,Wild-Type,Wild-Type,Wild-Type,Wild-Type,Wild-Type,Wild-Type,Wild-Type,Wild-Type,Wild-Type,Mutated,Wild-Type,Wild-Type,Wild-Type,Wild-Type,Wild-Type,Wild-Type,Wild-Type,Mutated,Wild-Type,Wild-Type,Wild-Type,Wild-Type,Mutated,Wild-Type,Wild-Type,Wild-Type,Wild-Type,Wild-Type,Wild-Type,Wild-Type,Wild-Type,Wild-Type,Wild-Type,Wild-Type,Wild-Type,Wild-Type,Wild-Type,Wild-Type,Mutated,Wild-Type,Wild-Type,Wild-Type,Wild-Type,Wild-Type,Wild-Type,Wild-Type,Wild-Type,Wild-Type,Wild-Type,Wild-Type,Wild-Type,Mutated,Wild-Type,Wild-Type,Wild-Type,Wild-Type,Wild-Type,Wild-Type,Wild-Type,Wild-Type,Wild-Type,Wild-Type,Wild-Type,Wild-Type,Wild-Type,Wild-Type
155,S588,Mutated,Wild-Type,Wild-Type,Wild-Type,Wild-Type,Wild-Type,Wild-Type,Wild-Type,Wild-Type,Wild-Type,Wild-Type,Wild-Type,Wild-Type,Wild-Type,Wild-Type,Mutated,Wild-Type,Wild-Type,Wild-Type,Wild-Type,Wild-Type,Wild-Type,Wild-Type,Wild-Type,Wild-Type,Wild-Type,Wild-Type,Wild-Type,Mutated,Wild-Type,Wild-Type,Wild-Type,Wild-Type,Wild-Type,Wild-Type,Wild-Type,Wild-Type,Wild-Type,Wild-Type,Wild-Type,Wild-Type,Wild-Type,Wild-Type,Wild-Type,Mutated,Mutated,Wild-Type,Wild-Type,Wild-Type,Wild-Type,Wild-Type,Wild-Type,Wild-Type,Wild-Type,Wild-Type,Wild-Type,Wild-Type,Wild-Type,Wild-Type,Wild-Type,Wild-Type,Wild-Type,Wild-Type,Wild-Type,Wild-Type,Wild-Type,Wild-Type,Wild-Type,Wild-Type,Wild-Type,Wild-Type,Wild-Type
156,S305,Wild-Type,Wild-Type,Wild-Type,Wild-Type,Wild-Type,Wild-Type,Wild-Type,Wild-Type,Wild-Type,Wild-Type,Wild-Type,Wild-Type,Wild-Type,Wild-Type,Wild-Type,Mutated,Wild-Type,Wild-Type,Wild-Type,Wild-Type,Wild-Type,Wild-Type,Wild-Type,Mutated,Wild-Type,Wild-Type,Wild-Type,Wild-Type,Mutated,Mutated,Wild-Type,Wild-Type,Wild-Type,Wild-Type,Wild-Type,Wild-Type,Wild-Type,Wild-Type,Wild-Type,Wild-Type,Wild-Type,Wild-Type,Wild-Type,Wild-Type,Mutated,Mutated,Wild-Type,Wild-Type,Wild-Type,Wild-Type,Wild-Type,Wild-Type,Wild-Type,Wild-Type,Wild-Type,Wild-Type,Wild-Type,Mutated,Wild-Type,Wild-Type,Wild-Type,Wild-Type,Wild-Type,Wild-Type,Wild-Type,Wild-Type,Wild-Type,Wild-Type,Wild-Type,Wild-Type,Wild-Type,Wild-Type
157,S306,Wild-Type,Wild-Type,Wild-Type,Wild-Type,Mutated,Wild-Type,Wild-Type,Wild-Type,Wild-Type,Wild-Type,Mutated,Wild-Type,Wild-Type,Wild-Type,Wild-Type,Mutated,Wild-Type,Wild-Type,Wild-Type,Wild-Type,Wild-Type,Wild-Type,Wild-Type,Wild-Type,Wild-Type,Wild-Type,Wild-Type,Wild-Type,Wild-Type,Mutated,Wild-Type,Wild-Type,Wild-Type,Wild-Type,Wild-Type,Wild-Type,Wild-Type,Wild-Type,Wild-Type,Wild-Type,Wild-Type,Wild-Type,Wild-Type,Wild-Type,Wild-Type,Wild-Type,Wild-Type,Wild-Type,Wild-Type,Wild-Type,Wild-Type,Wild-Type,Wild-Type,Wild-Type,Wild-Type,Wild-Type,Wild-Type,Wild-Type,Wild-Type,Wild-Type,Wild-Type,Wild-Type,Mutated,Wild-Type,Wild-Type,Wild-Type,Wild-Type,Wild-Type,Wild-Type,Wild-Type,Wild-Type,Wild-Type
158,S307,Wild-Type,Wild-Type,Wild-Type,Wild-Type,Wild-Type,Wild-Type,Wild-Type,Wild-Type,Wild-Type,Wild-Type,Wild-Type,Wild-Type,Wild-Type,Wild-Type,Wild-Type,Wild-Type,Wild-Type,Wild-Type,Wild-Type,Wild-Type,Wild-Type,Wild-Type,Wild-Type,Wild-Type,Wild-Type,Wild-Type,Wild-Type,Wild-Type,Wild-Type,Wild-Type,Wild-Type,Wild-Type,Wild-Type,Wild-Type,Wild-Type,Wild-Type,Wild-Type,Wild-Type,Wild-Type,Wild-Type,Wild-Type,Wild-Type,Wild-Type,Wild-Type,Mutated,Wild-Type,Wild-Type,Wild-Type,Wild-Type,Wild-Type,Wild-Type,Wild-Type,Wild-Type,Wild-Type,Wild-Type,Wild-Type,Wild-Type,Wild-Type,Mutated,Wild-Type,Wild-Type,Wild-Type,Wild-Type,Wild-Type,Wild-Type,Wild-Type,Mutated,Wild-Type,Wild-Type,Wild-Type,Wild-Type,Mutated
159,S308,Wild-Type,Wild-Type,Wild-Type,Wild-Type,Wild-Type,Wild-Type,Wild-Type,Wild-Type,Wild-Type,Wild-Type,Wild-Type,Wild-Type,Wild-Type,Wild-Type,Wild-Type,Mutated,Wild-Type,Wild-Type,Wild-Type,Wild-Type,Wild-Type,Wild-Type,Wild-Type,Wild-Type,Wild-Type,Wild-Type,Wild-Type,Wild-Type,Wild-Type,Mutated,Wild-Type,Wild-Type,Wild-Type,Wild-Type,Wild-Type,Wild-Type,Wild-Type,Wild-Type,Wild-Type,Wild-Type,Wild-Type,Wild-Type,Wild-Type,Wild-Type,Wild-Type,Wild-Type,Wild-Type,Wild-Type,Wild-Type,Wild-Type,Wild-Type,Wild-Type,Wild-Type,Wild-Type,Wild-Type,Wild-Type,Wild-Type,Wild-Type,Wild-Type,Wild-Type,Wild-Type,Wild-Type,Mutated,Wild-Type,Wild-Type,Wild-Type,Wild-Type,Wild-Type,Wild-Type,Wild-Type,Wild-Type,Wild-Type
160,S309,Wild-Type,Wild-Type,Wild-Type,Wild-Type,Wild-Type,Wild-Type,Wild-Type,Wild-Type,Wild-Type,Wild-Type,Wild-Type,Wild-Type,Wild-Type,Wild-Type,Wild-Type,Wild-Type,Wild-Type,Wild-Type,Wild-Type,Wild-Type,Wild-Type,Wild-Type,Wild-Type,Mutated,Wild-Type,Mutated,Wild-Type,Wild-Type,Mutated,Wild-Type,Wild-Type,Wild-Type,Wild-Type,Wild-Type,Wild-Type,Wild-Type,Wild-Type,Wild-Type,Wild-Type,Wild-Type,Wild-Type,Wild-Type,Wild-Type,Wild-Type,Mutated,Wild-Type,Wild-Type,Wild-Type,Wild-Type,Wild-Type,Mutated,Wild-Type,Wild-Type,Wild-Type,Wild-Type,Wild-Type,Wild-Type,Wild-Type,Wild-Type,Wild-Type,Wild-Type,Wild-Type,Wild-Type,Wild-Type,Wild-Type,Wild-Type,Wild-Type,Wild-Type,Wild-Type,Wild-Type,Wild-Type,Wild-Type
161,S310,Wild-Type,Wild-Type,Wild-Type,Wild-Type,Wild-Type,Wild-Type,Wild-Type,Wild-Type,Wild-Type,Wild-Type,Wild-Type,Wild-Type,Wild-Type,Wild-Type,Wild-Type,Wild-Type,Wild-Type,Wild-Type,Wild-Type,Wild-Type,Wild-Type,Wild-Type,Wild-Type,Mutated,Wild-Type,Mutated,Wild-Type,Wild-Type,Wild-Type,Wild-Type,Wild-Type,Wild-Type,Wild-Type,Wild-Type,Wild-Type,Wild-Type,Wild-Type,Wild-Type,Wild-Type,Wild-Type,Wild-Type,Wild-Type,Wild-Type,Wild-Type,Mutated,Wild-Type,Wild-Type,Wild-Type,Wild-Type,Wild-Type,Wild-Type,Wild-Type,Wild-Type,Wild-Type,Wild-Type,Wild-Type,Wild-Type,Wild-Type,Wild-Type,Wild-Type,Wild-Type,Wild-Type,Wild-Type,Wild-Type,Wild-Type,Wild-Type,Wild-Type,Wild-Type,Wild-Type,Wild-Type,Mutated,Wild-Type
162,S311,Wild-Type,Wild-Type,Wild-Type,Wild-Type,Wild-Type,Wild-Type,Wild-Type,Wild-Type,Wild-Type,Wild-Type,Mutated,Wild-Type,Wild-Type,Wild-Type,Wild-Type,Mutated,Wild-Type,Wild-Type,Wild-Type,Wild-Type,Wild-Type,Wild-Type,Wild-Type,Wild-Type,Wild-Type,Wild-Type,Wild-Type,Wild-Type,Wild-Type,Wild-Type,Wild-Type,Wild-Type,Wild-Type,Wild-Type,Wild-Type,Wild-Type,Wild-Type,Wild-Type,Wild-Type,Wild-Type,Wild-Type,Wild-Type,Wild-Type,Wild-Type,Wild-Type,Mutated,Wild-Type,Wild-Type,Wild-Type,Wild-Type,Wild-Type,Wild-Type,Wild-Type,Wild-Type,Wild-Type,Wild-Type,Wild-Type,Wild-Type,Wild-Type,Wild-Type,Wild-Type,Wild-Type,Wild-Type,Wild-Type,Wild-Type,Wild-Type,Wild-Type,Wild-Type,Wild-Type,Wild-Type,Mutated,Wild-Type
163,S312,Wild-Type,Wild-Type,Wild-Type,Wild-Type,Wild-Type,Wild-Type,Wild-Type,Wild-Type,Wild-Type,Wild-Type,Wild-Type,Wild-Type,Wild-Type,Wild-Type,Wild-Type,Mutated,Wild-Type,Wild-Type,Wild-Type,Wild-Type,Wild-Type,Wild-Type,Wild-Type,Mutated,Wild-Type,Mutated,Wild-Type,Wild-Type,Wild-Type,Wild-Type,Wild-Type,Wild-Type,Wild-Type,Wild-Type,Wild-Type,Wild-Type,Wild-Type,Wild-Type,Wild-Type,Wild-Type,Wild-Type,Wild-Type,Wild-Type,Wild-Type,Mutated,Wild-Type,Wild-Type,Wild-Type,Wild-Type,Wild-Type,Wild-Type,Mutated,Wild-Type,Wild-Type,Wild-Type,Wild-Type,Wild-Type,Wild-Type,Wild-Type,Wild-Type,Wild-Type,Wild-Type,Wild-Type,Wild-Type,Wild-Type,Wild-Type,Wild-Type,Wild-Type,Wild-Type,Wild-Type,Wild-Type,Wild-Type
164,S313,Wild-Type,Wild-Type,Wild-Type,Wild-Type,Wild-Type,Wild-Type,Wild-Type,Wild-Type,Wild-Type,Wild-Type,Wild-Type,Wild-Type,Wild-Type,Wild-Type,Wild-Type,Wild-Type,Wild-Type,Wild-Type,Wild-Type,Wild-Type,Wild-Type,Wild-Type,Wild-Type,Mutated,Wild-Type,Mutated,Wild-Type,Wild-Type,Wild-Type,Wild-Type,Wild-Type,Wild-Type,Wild-Type,Wild-Type,Wild-Type,Wild-Type,Wild-Type,Wild-Type,Wild-Type,Wild-Type,Wild-Type,Wild-Type,Wild-Type,Wild-Type,Mutated,Wild-Type,Wild-Type,Wild-Type,Wild-Type,Wild-Type,Wild-Type,Wild-Type,Wild-Type,Wild-Type,Wild-Type,Wild-Type,Wild-Type,Wild-Type,Wild-Type,Wild-Type,Wild-Type,Wild-Type,Wild-Type,Wild-Type,Wild-Type,Wild-Type,Mutated,Wild-Type,Wild-Type,Wild-Type,Wild-Type,Wild-Type
165,S314,Wild-Type,Wild-Type,Wild-Type,Wild-Type,Wild-Type,Wild-Type,Wild-Type,Wild-Type,Wild-Type,Wild-Type,Wild-Type,Wild-Type,Wild-Type,Wild-Type,Wild-Type,Mutated,Wild-Type,Wild-Type,Wild-Type,Wild-Type,Wild-Type,Wild-Type,Wild-Type,Mutated,Wild-Type,Mutated,Wild-Type,Wild-Type,Wild-Type,Mutated,Wild-Type,Wild-Type,Wild-Type,Wild-Type,Wild-Type,Wild-Type,Wild-Type,Wild-Type,Wild-Type,Wild-Type,Wild-Type,Wild-Type,Wild-Type,Wild-Type,Mutated,Wild-Type,Wild-Type,Wild-Type,Wild-Type,Wild-Type,Wild-Type,Wild-Type,Wild-Type,Wild-Type,Wild-Type,Wild-Type,Wild-Type,Wild-Type,Wild-Type,Wild-Type,Wild-Type,Wild-Type,Wild-Type,Wild-Type,Wild-Type,Wild-Type,Wild-Type,Wild-Type,Wild-Type,Wild-Type,Wild-Type,Wild-Type
166,S315,Mutated,Wild-Type,Wild-Type,Wild-Type,Wild-Type,Wild-Type,Wild-Type,Wild-Type,Wild-Type,Wild-Type,Wild-Type,Wild-Type,Wild-Type,Wild-Type,Wild-Type,Mutated,Wild-Type,Wild-Type,Wild-Type,Wild-Type,Wild-Type,Wild-Type,Wild-Type,Mutated,Wild-Type,Mutated,Wild-Type,Wild-Type,Wild-Type,Wild-Type,Wild-Type,Wild-Type,Wild-Type,Wild-Type,Wild-Type,Wild-Type,Wild-Type,Wild-Type,Wild-Type,Wild-Type,Wild-Type,Wild-Type,Wild-Type,Wild-Type,Mutated,Wild-Type,Wild-Type,Wild-Type,Wild-Type,Wild-Type,Wild-Type,Wild-Type,Wild-Type,Wild-Type,Wild-Type,Wild-Type,Wild-Type,Wild-Type,Wild-Type,Wild-Type,Wild-Type,Wild-Type,Wild-Type,Wild-Type,Wild-Type,Wild-Type,Wild-Type,Wild-Type,Wild-Type,Wild-Type,Wild-Type,Wild-Type
167,C145,Mutated,Wild-Type,Wild-Type,Wild-Type,Wild-Type,Wild-Type,Wild-Type,Wild-Type,Wild-Type,Wild-Type,Wild-Type,Wild-Type,Wild-Type,Wild-Type,Wild-Type,Mutated,Wild-Type,Wild-Type,Wild-Type,Wild-Type,Wild-Type,Wild-Type,Wild-Type,Mutated,Wild-Type,Mutated,Wild-Type,Wild-Type,Wild-Type,Wild-Type,Wild-Type,Wild-Type,Wild-Type,Wild-Type,Wild-Type,Wild-Type,Wild-Type,Wild-Type,Wild-Type,Wild-Type,Wild-Type,Wild-Type,Wild-Type,Wild-Type,Mutated,Wild-Type,Wild-Type,Wild-Type,Wild-Type,Wild-Type,Wild-Type,Wild-Type,Wild-Type,Wild-Type,Wild-Type,Wild-Type,Wild-Type,Wild-Type,Wild-Type,Wild-Type,Wild-Type,Wild-Type,Wild-Type,Wild-Type,Wild-Type,Wild-Type,Wild-Type,Wild-Type,Wild-Type,Wild-Type,Wild-Type,Wild-Type
168,C194,,,,,,,,,,,,,,,,,,,,,,,,,,,,,,,,,,,,,,,,,,,,,,,,,,,,,,,,,,,,,,,,,,,,,,,,
169,C517,Mutated,Wild-Type,Wild-Type,Wild-Type,Wild-Type,Wild-Type,Wild-Type,Wild-Type,Wild-Type,Wild-Type,Mutated,Wild-Type,Wild-Type,Wild-Type,Wild-Type,Wild-Type,Wild-Type,Wild-Type,Wild-Type,Wild-Type,Wild-Type,Wild-Type,Wild-Type,Wild-Type,Wild-Type,Wild-Type,Wild-Type,Wild-Type,Mutated,Wild-Type,Wild-Type,Mutated,Wild-Type,Wild-Type,Wild-Type,Wild-Type,Wild-Type,Wild-Type,Wild-Type,Mutated,Wild-Type,Wild-Type,Wild-Type,Wild-Type,Wild-Type,Wild-Type,Wild-Type,Wild-Type,Wild-Type,Wild-Type,Wild-Type,Wild-Type,Wild-Type,Wild-Type,Wild-Type,Wild-Type,Mutated,Wild-Type,Wild-Type,Wild-Type,Wild-Type,Wild-Type,Wild-Type,Wild-Type,Wild-Type,Wild-Type,Mutated,Wild-Type,Wild-Type,Wild-Type,Wild-Type,Wild-Type
170,S589,Mutated,Wild-Type,Wild-Type,Wild-Type,Wild-Type,Wild-Type,Wild-Type,Wild-Type,Wild-Type,Wild-Type,Wild-Type,Wild-Type,Wild-Type,Wild-Type,Wild-Type,Wild-Type,Wild-Type,Wild-Type,Wild-Type,Wild-Type,Wild-Type,Wild-Type,Wild-Type,Wild-Type,Wild-Type,Wild-Type,Wild-Type,Wild-Type,Wild-Type,Wild-Type,Wild-Type,Mutated,Wild-Type,Wild-Type,Wild-Type,Wild-Type,Wild-Type,Wild-Type,Wild-Type,Wild-Type,Wild-Type,Wild-Type,Wild-Type,Wild-Type,Wild-Type,Wild-Type,Wild-Type,Wild-Type,Wild-Type,Wild-Type,Wild-Type,Wild-Type,Wild-Type,Wild-Type,Wild-Type,Wild-Type,Wild-Type,Wild-Type,Wild-Type,Wild-Type,Wild-Type,Wild-Type,Wild-Type,Wild-Type,Wild-Type,Wild-Type,Mutated,Mutated,Wild-Type,Wild-Type,Wild-Type,Wild-Type
171,C141,Wild-Type,Wild-Type,Wild-Type,Wild-Type,Wild-Type,Wild-Type,Wild-Type,Wild-Type,Wild-Type,Wild-Type,Wild-Type,Wild-Type,Wild-Type,Wild-Type,Wild-Type,Mutated,Wild-Type,Wild-Type,Wild-Type,Wild-Type,Wild-Type,Wild-Type,Wild-Type,Wild-Type,Wild-Type,Wild-Type,Wild-Type,Wild-Type,Wild-Type,Wild-Type,Wild-Type,Wild-Type,Wild-Type,Wild-Type,Wild-Type,Wild-Type,Wild-Type,Wild-Type,Wild-Type,Wild-Type,Wild-Type,Wild-Type,Wild-Type,Wild-Type,Mutated,Wild-Type,Wild-Type,Wild-Type,Wild-Type,Wild-Type,Mutated,Wild-Type,Wild-Type,Wild-Type,Wild-Type,Wild-Type,Wild-Type,Wild-Type,Wild-Type,Wild-Type,Wild-Type,Wild-Type,Wild-Type,Wild-Type,Wild-Type,Wild-Type,Wild-Type,Wild-Type,Wild-Type,Wild-Type,Wild-Type,Wild-Type
172,C518,Wild-Type,Wild-Type,Wild-Type,Wild-Type,Wild-Type,Wild-Type,Wild-Type,Wild-Type,Wild-Type,Wild-Type,Mutated,Wild-Type,Wild-Type,Wild-Type,Wild-Type,Wild-Type,Wild-Type,Wild-Type,Wild-Type,Wild-Type,Wild-Type,Wild-Type,Wild-Type,Wild-Type,Wild-Type,Wild-Type,Wild-Type,Wild-Type,Wild-Type,Wild-Type,Wild-Type,Wild-Type,Wild-Type,Wild-Type,Wild-Type,Wild-Type,Wild-Type,Wild-Type,Wild-Type,Wild-Type,Wild-Type,Wild-Type,Wild-Type,Wild-Type,Wild-Type,Wild-Type,Wild-Type,Wild-Type,Wild-Type,Wild-Type,Wild-Type,Wild-Type,Wild-Type,Wild-Type,Wild-Type,Wild-Type,Wild-Type,Wild-Type,Wild-Type,Wild-Type,Wild-Type,Wild-Type,Wild-Type,Wild-Type,Wild-Type,Wild-Type,Mutated,Wild-Type,Wild-Type,Wild-Type,Wild-Type,Wild-Type
173,S319,Wild-Type,Wild-Type,Wild-Type,Wild-Type,Wild-Type,Wild-Type,Wild-Type,Wild-Type,Wild-Type,Wild-Type,Mutated,Wild-Type,Wild-Type,Wild-Type,Wild-Type,Wild-Type,Wild-Type,Wild-Type,Wild-Type,Wild-Type,Wild-Type,Wild-Type,Wild-Type,Wild-Type,Wild-Type,Wild-Type,Wild-Type,Wild-Type,Wild-Type,Wild-Type,Wild-Type,Wild-Type,Wild-Type,Wild-Type,Wild-Type,Wild-Type,Wild-Type,Wild-Type,Wild-Type,Wild-Type,Wild-Type,Wild-Type,Wild-Type,Wild-Type,Wild-Type,Wild-Type,Wild-Type,Wild-Type,Wild-Type,Wild-Type,Wild-Type,Mutated,Wild-Type,Wild-Type,Wild-Type,Wild-Type,Wild-Type,Wild-Type,Wild-Type,Wild-Type,Wild-Type,Wild-Type,Wild-Type,Wild-Type,Wild-Type,Wild-Type,Mutated,Wild-Type,Wild-Type,Wild-Type,Wild-Type,Wild-Type
174,S320,Wild-Type,Wild-Type,Wild-Type,Wild-Type,Wild-Type,Wild-Type,Wild-Type,Wild-Type,Wild-Type,Wild-Type,Wild-Type,Wild-Type,Wild-Type,Wild-Type,Wild-Type,Wild-Type,Wild-Type,Wild-Type,Wild-Type,Wild-Type,Wild-Type,Wild-Type,Wild-Type,Wild-Type,Wild-Type,Wild-Type,Wild-Type,Wild-Type,Wild-Type,Wild-Type,Wild-Type,Wild-Type,Wild-Type,Mutated,Wild-Type,Wild-Type,Wild-Type,Wild-Type,Wild-Type,Wild-Type,Wild-Type,Wild-Type,Wild-Type,Wild-Type,Wild-Type,Wild-Type,Wild-Type,Wild-Type,Wild-Type,Wild-Type,Wild-Type,Wild-Type,Wild-Type,Wild-Type,Wild-Type,Wild-Type,Wild-Type,Wild-Type,Wild-Type,Wild-Type,Wild-Type,Wild-Type,Wild-Type,Wild-Type,Wild-Type,Wild-Type,Wild-Type,Mutated,Wild-Type,Wild-Type,Wild-Type,Wild-Type
175,S321,Mutated,Wild-Type,Wild-Type,Wild-Type,Wild-Type,Wild-Type,Wild-Type,Wild-Type,Wild-Type,Wild-Type,Wild-Type,Wild-Type,Wild-Type,Wild-Type,Wild-Type,Wild-Type,Wild-Type,Wild-Type,Wild-Type,Wild-Type,Wild-Type,Wild-Type,Wild-Type,Wild-Type,Wild-Type,Wild-Type,Wild-Type,Wild-Type,Wild-Type,Wild-Type,Wild-Type,Wild-Type,Wild-Type,Wild-Type,Wild-Type,Wild-Type,Wild-Type,Wild-Type,Wild-Type,Wild-Type,Wild-Type,Wild-Type,Wild-Type,Wild-Type,Wild-Type,Mutated,Wild-Type,Wild-Type,Wild-Type,Wild-Type,Wild-Type,Mutated,Wild-Type,Wild-Type,Wild-Type,Wild-Type,Wild-Type,Wild-Type,Wild-Type,Wild-Type,Wild-Type,Wild-Type,Wild-Type,Wild-Type,Wild-Type,Wild-Type,Wild-Type,Wild-Type,Wild-Type,Wild-Type,Wild-Type,Wild-Type
176,S324,Wild-Type,Wild-Type,Wild-Type,Wild-Type,Wild-Type,Wild-Type,Wild-Type,Wild-Type,Wild-Type,Wild-Type,Wild-Type,Wild-Type,Wild-Type,Wild-Type,Wild-Type,Wild-Type,Wild-Type,Wild-Type,Wild-Type,Wild-Type,Wild-Type,Wild-Type,Wild-Type,Wild-Type,Wild-Type,Wild-Type,Wild-Type,Wild-Type,Wild-Type,Wild-Type,Wild-Type,Wild-Type,Wild-Type,Wild-Type,Wild-Type,Wild-Type,Wild-Type,Wild-Type,Wild-Type,Wild-Type,Wild-Type,Wild-Type,Wild-Type,Wild-Type,Wild-Type,Wild-Type,Wild-Type,Wild-Type,Wild-Type,Wild-Type,Wild-Type,Wild-Type,Wild-Type,Wild-Type,Wild-Type,Wild-Type,Wild-Type,Wild-Type,Wild-Type,Wild-Type,Wild-Type,Wild-Type,Wild-Type,Wild-Type,Wild-Type,Wild-Type,Wild-Type,Wild-Type,Wild-Type,Wild-Type,Wild-Type,Wild-Type
177,S325,Wild-Type,Wild-Type,Wild-Type,Wild-Type,Wild-Type,Wild-Type,Wild-Type,Wild-Type,Wild-Type,Wild-Type,Wild-Type,Wild-Type,Wild-Type,Wild-Type,Wild-Type,Wild-Type,Wild-Type,Wild-Type,Wild-Type,Wild-Type,Wild-Type,Wild-Type,Wild-Type,Wild-Type,Wild-Type,Wild-Type,Wild-Type,Wild-Type,Wild-Type,Wild-Type,Wild-Type,Wild-Type,Wild-Type,Wild-Type,Wild-Type,Wild-Type,Wild-Type,Wild-Type,Wild-Type,Mutated,Wild-Type,Wild-Type,Wild-Type,Wild-Type,Wild-Type,Wild-Type,Wild-Type,Wild-Type,Wild-Type,Wild-Type,Wild-Type,Wild-Type,Wild-Type,Wild-Type,Wild-Type,Wild-Type,Wild-Type,Wild-Type,Wild-Type,Wild-Type,Wild-Type,Wild-Type,Wild-Type,Wild-Type,Wild-Type,Wild-Type,Wild-Type,Mutated,Wild-Type,Wild-Type,Wild-Type,Wild-Type
178,S327,Wild-Type,Wild-Type,Wild-Type,Wild-Type,Wild-Type,Wild-Type,Wild-Type,Wild-Type,Wild-Type,Wild-Type,Wild-Type,Wild-Type,Wild-Type,Wild-Type,Wild-Type,Wild-Type,Wild-Type,Wild-Type,Wild-Type,Wild-Type,Wild-Type,Wild-Type,Wild-Type,Mutated,Wild-Type,Mutated,Wild-Type,Wild-Type,Mutated,Wild-Type,Wild-Type,Wild-Type,Wild-Type,Wild-Type,Wild-Type,Wild-Type,Wild-Type,Wild-Type,Wild-Type,Wild-Type,Wild-Type,Wild-Type,Wild-Type,Wild-Type,Mutated,Wild-Type,Wild-Type,Wild-Type,Wild-Type,Wild-Type,Wild-Type,Wild-Type,Wild-Type,Wild-Type,Wild-Type,Wild-Type,Wild-Type,Wild-Type,Wild-Type,Wild-Type,Wild-Type,Wild-Type,Wild-Type,Wild-Type,Wild-Type,Wild-Type,Wild-Type,Wild-Type,Wild-Type,Wild-Type,Wild-Type,Wild-Type
179,S328,Wild-Type,Wild-Type,Wild-Type,Wild-Type,Wild-Type,Wild-Type,Wild-Type,Wild-Type,Wild-Type,Mutated,Wild-Type,Wild-Type,Wild-Type,Wild-Type,Wild-Type,Wild-Type,Wild-Type,Wild-Type,Wild-Type,Wild-Type,Wild-Type,Wild-Type,Wild-Type,Mutated,Wild-Type,Mutated,Wild-Type,Wild-Type,Wild-Type,Wild-Type,Wild-Type,Wild-Type,Wild-Type,Wild-Type,Wild-Type,Wild-Type,Wild-Type,Wild-Type,Wild-Type,Wild-Type,Wild-Type,Wild-Type,Wild-Type,Wild-Type,Wild-Type,Wild-Type,Wild-Type,Wild-Type,Wild-Type,Wild-Type,Wild-Type,Wild-Type,Wild-Type,Wild-Type,Wild-Type,Wild-Type,Wild-Type,Wild-Type,Wild-Type,Wild-Type,Wild-Type,Wild-Type,Wild-Type,Wild-Type,Wild-Type,Wild-Type,Wild-Type,Wild-Type,Wild-Type,Wild-Type,Wild-Type,Wild-Type
180,S329,Mutated,Wild-Type,Wild-Type,Wild-Type,Wild-Type,Wild-Type,Wild-Type,Wild-Type,Wild-Type,Wild-Type,Wild-Type,Wild-Type,Wild-Type,Wild-Type,Wild-Type,Wild-Type,Wild-Type,Wild-Type,Wild-Type,Wild-Type,Wild-Type,Wild-Type,Wild-Type,Wild-Type,Wild-Type,Wild-Type,Wild-Type,Wild-Type,Wild-Type,Wild-Type,Wild-Type,Wild-Type,Wild-Type,Wild-Type,Wild-Type,Wild-Type,Wild-Type,Wild-Type,Wild-Type,Wild-Type,Wild-Type,Wild-Type,Wild-Type,Wild-Type,Wild-Type,Wild-Type,Wild-Type,Wild-Type,Wild-Type,Wild-Type,Wild-Type,Wild-Type,Wild-Type,Wild-Type,Wild-Type,Wild-Type,Wild-Type,Wild-Type,Wild-Type,Wild-Type,Mutated,Wild-Type,Wild-Type,Wild-Type,Wild-Type,Wild-Type,Wild-Type,Wild-Type,Wild-Type,Wild-Type,Wild-Type,Wild-Type
181,S330,Wild-Type,Wild-Type,Wild-Type,Wild-Type,Wild-Type,Wild-Type,Wild-Type,Wild-Type,Wild-Type,Wild-Type,Wild-Type,Wild-Type,Wild-Type,Wild-Type,Wild-Type,Wild-Type,Wild-Type,Wild-Type,Wild-Type,Wild-Type,Wild-Type,Wild-Type,Wild-Type,Wild-Type,Wild-Type,Wild-Type,Wild-Type,Wild-Type,Wild-Type,Wild-Type,Wild-Type,Wild-Type,Wild-Type,Wild-Type,Wild-Type,Wild-Type,Wild-Type,Wild-Type,Wild-Type,Wild-Type,Wild-Type,Wild-Type,Wild-Type,Wild-Type,Wild-Type,Wild-Type,Wild-Type,Wild-Type,Wild-Type,Wild-Type,Wild-Type,Wild-Type,Wild-Type,Wild-Type,Wild-Type,Wild-Type,Wild-Type,Wild-Type,Wild-Type,Wild-Type,Wild-Type,Wild-Type,Wild-Type,Wild-Type,Wild-Type,Wild-Type,Wild-Type,Wild-Type,Wild-Type,Wild-Type,Wild-Type,Wild-Type
182,S331,Wild-Type,Wild-Type,Wild-Type,Wild-Type,Wild-Type,Wild-Type,Wild-Type,Wild-Type,Wild-Type,Wild-Type,Wild-Type,Wild-Type,Wild-Type,Wild-Type,Wild-Type,Wild-Type,Wild-Type,Wild-Type,Wild-Type,Wild-Type,Wild-Type,Wild-Type,Wild-Type,Wild-Type,Wild-Type,Wild-Type,Wild-Type,Wild-Type,Mutated,Wild-Type,Wild-Type,Wild-Type,Wild-Type,Wild-Type,Wild-Type,Wild-Type,Wild-Type,Wild-Type,Wild-Type,Wild-Type,Wild-Type,Wild-Type,Wild-Type,Wild-Type,Mutated,Wild-Type,Wild-Type,Wild-Type,Wild-Type,Wild-Type,Wild-Type,Wild-Type,Wild-Type,Wild-Type,Wild-Type,Wild-Type,Wild-Type,Wild-Type,Wild-Type,Wild-Type,Wild-Type,Wild-Type,Wild-Type,Wild-Type,Wild-Type,Wild-Type,Wild-Type,Wild-Type,Wild-Type,Wild-Type,Mutated,Wild-Type
183,S332,Wild-Type,Wild-Type,Wild-Type,Wild-Type,Wild-Type,Wild-Type,Wild-Type,Wild-Type,Wild-Type,Wild-Type,Wild-Type,Wild-Type,Wild-Type,Wild-Type,Wild-Type,Wild-Type,Wild-Type,Wild-Type,Wild-Type,Wild-Type,Wild-Type,Wild-Type,Wild-Type,Wild-Type,Wild-Type,Wild-Type,Wild-Type,Wild-Type,Mutated,Wild-Type,Wild-Type,Wild-Type,Wild-Type,Wild-Type,Wild-Type,Wild-Type,Wild-Type,Wild-Type,Wild-Type,Wild-Type,Wild-Type,Wild-Type,Wild-Type,Wild-Type,Mutated,Wild-Type,Wild-Type,Wild-Type,Wild-Type,Wild-Type,Wild-Type,Wild-Type,Wild-Type,Wild-Type,Wild-Type,Wild-Type,Wild-Type,Wild-Type,Wild-Type,Wild-Type,Wild-Type,Wild-Type,Wild-Type,Wild-Type,Wild-Type,Wild-Type,Wild-Type,Wild-Type,Wild-Type,Wild-Type,Mutated,Wild-Type
184,S333,Wild-Type,Wild-Type,Wild-Type,Wild-Type,Wild-Type,Wild-Type,Wild-Type,Wild-Type,Mutated,Wild-Type,Wild-Type,Wild-Type,Wild-Type,Wild-Type,Mutated,Wild-Type,Wild-Type,Wild-Type,Wild-Type,Wild-Type,Wild-Type,Wild-Type,Wild-Type,Wild-Type,Wild-Type,Wild-Type,Wild-Type,Wild-Type,Wild-Type,Wild-Type,Wild-Type,Wild-Type,Wild-Type,Wild-Type,Wild-Type,Wild-Type,Wild-Type,Wild-Type,Wild-Type,Wild-Type,Wild-Type,Wild-Type,Wild-Type,Wild-Type,Wild-Type,Wild-Type,Wild-Type,Wild-Type,Wild-Type,Wild-Type,Wild-Type,Wild-Type,Wild-Type,Wild-Type,Wild-Type,Wild-Type,Wild-Type,Wild-Type,Wild-Type,Wild-Type,Wild-Type,Wild-Type,Wild-Type,Wild-Type,Wild-Type,Wild-Type,Wild-Type,Wild-Type,Wild-Type,Wild-Type,Wild-Type,Wild-Type
185,S334,Wild-Type,Wild-Type,Wild-Type,Wild-Type,Wild-Type,Wild-Type,Wild-Type,Wild-Type,Wild-Type,Wild-Type,Wild-Type,Wild-Type,Wild-Type,Wild-Type,Wild-Type,Wild-Type,Wild-Type,Wild-Type,Wild-Type,Wild-Type,Wild-Type,Wild-Type,Wild-Type,Wild-Type,Wild-Type,Wild-Type,Wild-Type,Wild-Type,Wild-Type,Wild-Type,Wild-Type,Wild-Type,Wild-Type,Wild-Type,Wild-Type,Wild-Type,Wild-Type,Wild-Type,Wild-Type,Wild-Type,Wild-Type,Wild-Type,Wild-Type,Wild-Type,Wild-Type,Mutated,Wild-Type,Wild-Type,Wild-Type,Wild-Type,Wild-Type,Wild-Type,Wild-Type,Wild-Type,Wild-Type,Wild-Type,Wild-Type,Wild-Type,Wild-Type,Wild-Type,Wild-Type,Wild-Type,Wild-Type,Wild-Type,Wild-Type,Wild-Type,Wild-Type,Wild-Type,Wild-Type,Wild-Type,Wild-Type,Wild-Type
186,C521,,,,,,,,,,,,,,,,,,,,,,,,Wild-Type,,Wild-Type,,,,,,,,,,,,,,,,,,,Mutated,,,,,,,,,,,,,,,,,,,,,,,,,,,
187,S335,Wild-Type,Wild-Type,Wild-Type,Wild-Type,Wild-Type,Wild-Type,Wild-Type,Wild-Type,Wild-Type,Wild-Type,Wild-Type,Wild-Type,Wild-Type,Wild-Type,Wild-Type,Wild-Type,Wild-Type,Wild-Type,Wild-Type,Wild-Type,Wild-Type,Wild-Type,Wild-Type,Wild-Type,Wild-Type,Wild-Type,Wild-Type,Wild-Type,Wild-Type,Wild-Type,Wild-Type,Wild-Type,Wild-Type,Wild-Type,Wild-Type,Wild-Type,Wild-Type,Wild-Type,Wild-Type,Wild-Type,Wild-Type,Wild-Type,Wild-Type,Wild-Type,Mutated,Wild-Type,Wild-Type,Wild-Type,Wild-Type,Wild-Type,Mutated,Wild-Type,Wild-Type,Wild-Type,Wild-Type,Wild-Type,Wild-Type,Wild-Type,Wild-Type,Wild-Type,Wild-Type,Wild-Type,Wild-Type,Wild-Type,Wild-Type,Wild-Type,Wild-Type,Wild-Type,Wild-Type,Wild-Type,Wild-Type,Wild-Type
188,S336,Wild-Type,Wild-Type,Wild-Type,Wild-Type,Wild-Type,Wild-Type,Wild-Type,Wild-Type,Wild-Type,Wild-Type,Wild-Type,Wild-Type,Wild-Type,Wild-Type,Wild-Type,Wild-Type,Wild-Type,Wild-Type,Wild-Type,Wild-Type,Wild-Type,Wild-Type,Wild-Type,Wild-Type,Wild-Type,Wild-Type,Wild-Type,Wild-Type,Wild-Type,Wild-Type,Wild-Type,Wild-Type,Wild-Type,Wild-Type,Wild-Type,Wild-Type,Wild-Type,Wild-Type,Wild-Type,Wild-Type,Wild-Type,Wild-Type,Wild-Type,Wild-Type,Mutated,Wild-Type,Wild-Type,Wild-Type,Wild-Type,Wild-Type,Mutated,Wild-Type,Wild-Type,Wild-Type,Wild-Type,Wild-Type,Wild-Type,Wild-Type,Wild-Type,Wild-Type,Wild-Type,Wild-Type,Wild-Type,Wild-Type,Wild-Type,Wild-Type,Wild-Type,Wild-Type,Wild-Type,Wild-Type,Wild-Type,Wild-Type
189,S337,Wild-Type,Wild-Type,Wild-Type,Wild-Type,Wild-Type,Wild-Type,Wild-Type,Wild-Type,Wild-Type,Wild-Type,Wild-Type,Wild-Type,Wild-Type,Wild-Type,Wild-Type,Mutated,Wild-Type,Wild-Type,Wild-Type,Wild-Type,Wild-Type,Wild-Type,Wild-Type,Wild-Type,Wild-Type,Wild-Type,Wild-Type,Wild-Type,Wild-Type,Wild-Type,Wild-Type,Wild-Type,Wild-Type,Wild-Type,Wild-Type,Wild-Type,Wild-Type,Wild-Type,Wild-Type,Wild-Type,Wild-Type,Wild-Type,Wild-Type,Wild-Type,Wild-Type,Wild-Type,Wild-Type,Wild-Type,Wild-Type,Wild-Type,Wild-Type,Wild-Type,Wild-Type,Wild-Type,Wild-Type,Wild-Type,Wild-Type,Wild-Type,Wild-Type,Wild-Type,Wild-Type,Wild-Type,Wild-Type,Wild-Type,Wild-Type,Wild-Type,Wild-Type,Wild-Type,Wild-Type,Wild-Type,Wild-Type,Wild-Type
190,S338,Wild-Type,Wild-Type,Wild-Type,Wild-Type,Wild-Type,Wild-Type,Wild-Type,Wild-Type,Wild-Type,Wild-Type,Wild-Type,Wild-Type,Wild-Type,Wild-Type,Wild-Type,Wild-Type,Wild-Type,Wild-Type,Wild-Type,Wild-Type,Wild-Type,Wild-Type,Wild-Type,Mutated,Wild-Type,Mutated,Wild-Type,Wild-Type,Wild-Type,Wild-Type,Wild-Type,Wild-Type,Wild-Type,Wild-Type,Wild-Type,Wild-Type,Wild-Type,Wild-Type,Wild-Type,Wild-Type,Wild-Type,Wild-Type,Wild-Type,Wild-Type,Wild-Type,Wild-Type,Wild-Type,Wild-Type,Wild-Type,Wild-Type,Wild-Type,Wild-Type,Wild-Type,Wild-Type,Wild-Type,Wild-Type,Wild-Type,Wild-Type,Wild-Type,Wild-Type,Wild-Type,Wild-Type,Wild-Type,Wild-Type,Wild-Type,Wild-Type,Wild-Type,Wild-Type,Wild-Type,Wild-Type,Wild-Type,Wild-Type
191,S340,Wild-Type,Wild-Type,Wild-Type,Wild-Type,Wild-Type,Wild-Type,Wild-Type,Wild-Type,Wild-Type,Wild-Type,Wild-Type,Wild-Type,Wild-Type,Wild-Type,Wild-Type,Wild-Type,Wild-Type,Wild-Type,Wild-Type,Wild-Type,Wild-Type,Wild-Type,Wild-Type,Wild-Type,Wild-Type,Wild-Type,Wild-Type,Wild-Type,Wild-Type,Wild-Type,Wild-Type,Wild-Type,Wild-Type,Wild-Type,Wild-Type,Wild-Type,Wild-Type,Wild-Type,Wild-Type,Wild-Type,Wild-Type,Wild-Type,Wild-Type,Wild-Type,Wild-Type,Mutated,Wild-Type,Wild-Type,Wild-Type,Wild-Type,Wild-Type,Wild-Type,Wild-Type,Wild-Type,Wild-Type,Wild-Type,Wild-Type,Wild-Type,Wild-Type,Wild-Type,Wild-Type,Wild-Type,Wild-Type,Wild-Type,Wild-Type,Wild-Type,Wild-Type,Wild-Type,Wild-Type,Wild-Type,Wild-Type,Wild-Type
192,S341,Wild-Type,Wild-Type,Wild-Type,Wild-Type,Wild-Type,Wild-Type,Wild-Type,Wild-Type,Wild-Type,Wild-Type,Mutated,Wild-Type,Wild-Type,Mutated,Wild-Type,Wild-Type,Wild-Type,Wild-Type,Wild-Type,Wild-Type,Wild-Type,Wild-Type,Wild-Type,Wild-Type,Wild-Type,Wild-Type,Wild-Type,Wild-Type,Wild-Type,Wild-Type,Wild-Type,Wild-Type,Wild-Type,Wild-Type,Wild-Type,Wild-Type,Wild-Type,Wild-Type,Wild-Type,Wild-Type,Wild-Type,Wild-Type,Wild-Type,Wild-Type,Wild-Type,Wild-Type,Wild-Type,Wild-Type,Wild-Type,Wild-Type,Wild-Type,Wild-Type,Wild-Type,Wild-Type,Wild-Type,Wild-Type,Wild-Type,Wild-Type,Wild-Type,Wild-Type,Wild-Type,Wild-Type,Wild-Type,Wild-Type,Wild-Type,Wild-Type,Wild-Type,Wild-Type,Wild-Type,Wild-Type,Wild-Type,Wild-Type
193,S343,Wild-Type,Wild-Type,Wild-Type,Wild-Type,Wild-Type,Wild-Type,Wild-Type,Wild-Type,Wild-Type,Wild-Type,Wild-Type,Wild-Type,Wild-Type,Wild-Type,Wild-Type,Wild-Type,Wild-Type,Wild-Type,Wild-Type,Wild-Type,Wild-Type,Wild-Type,Wild-Type,Wild-Type,Wild-Type,Wild-Type,Wild-Type,Wild-Type,Wild-Type,Wild-Type,Wild-Type,Wild-Type,Wild-Type,Wild-Type,Wild-Type,Wild-Type,Wild-Type,Wild-Type,Wild-Type,Wild-Type,Wild-Type,Wild-Type,Wild-Type,Wild-Type,Wild-Type,Wild-Type,Wild-Type,Wild-Type,Wild-Type,Wild-Type,Mutated,Wild-Type,Wild-Type,Wild-Type,Wild-Type,Wild-Type,Wild-Type,Wild-Type,Wild-Type,Wild-Type,Wild-Type,Wild-Type,Wild-Type,Mutated,Wild-Type,Wild-Type,Mutated,Wild-Type,Wild-Type,Wild-Type,Wild-Type,Wild-Type
194,C295,Wild-Type,Wild-Type,Wild-Type,Wild-Type,Wild-Type,Wild-Type,Wild-Type,Wild-Type,Wild-Type,Wild-Type,Wild-Type,Wild-Type,Wild-Type,Wild-Type,Wild-Type,Wild-Type,Wild-Type,Wild-Type,Wild-Type,Wild-Type,Wild-Type,Wild-Type,Wild-Type,Wild-Type,Wild-Type,Wild-Type,Wild-Type,Wild-Type,Wild-Type,Wild-Type,Wild-Type,Mutated,Wild-Type,Wild-Type,Wild-Type,Wild-Type,Wild-Type,Wild-Type,Wild-Type,Wild-Type,Wild-Type,Wild-Type,Wild-Type,Wild-Type,Wild-Type,Mutated,Wild-Type,Wild-Type,Wild-Type,Wild-Type,Wild-Type,Wild-Type,Wild-Type,Wild-Type,Wild-Type,Wild-Type,Mutated,Wild-Type,Wild-Type,Wild-Type,Wild-Type,Wild-Type,Mutated,Wild-Type,Wild-Type,Wild-Type,Mutated,Wild-Type,Wild-Type,Wild-Type,Wild-Type,Wild-Type
195,S344,Wild-Type,Wild-Type,Wild-Type,Wild-Type,Wild-Type,Wild-Type,Wild-Type,Wild-Type,Wild-Type,Wild-Type,Wild-Type,Wild-Type,Wild-Type,Wild-Type,Wild-Type,Wild-Type,Wild-Type,Wild-Type,Wild-Type,Wild-Type,Wild-Type,Wild-Type,Wild-Type,Mutated,Wild-Type,Mutated,Wild-Type,Wild-Type,Wild-Type,Wild-Type,Wild-Type,Wild-Type,Wild-Type,Wild-Type,Wild-Type,Wild-Type,Wild-Type,Wild-Type,Wild-Type,Wild-Type,Wild-Type,Wild-Type,Wild-Type,Wild-Type,Wild-Type,Wild-Type,Wild-Type,Wild-Type,Wild-Type,Wild-Type,Wild-Type,Wild-Type,Wild-Type,Wild-Type,Wild-Type,Wild-Type,Wild-Type,Wild-Type,Wild-Type,Wild-Type,Wild-Type,Wild-Type,Wild-Type,Wild-Type,Wild-Type,Wild-Type,Wild-Type,Wild-Type,Wild-Type,Wild-Type,Mutated,Mutated
196,S346,Wild-Type,Wild-Type,Wild-Type,Wild-Type,Wild-Type,Wild-Type,Wild-Type,Wild-Type,Wild-Type,Wild-Type,Wild-Type,Wild-Type,Wild-Type,Wild-Type,Wild-Type,Wild-Type,Wild-Type,Wild-Type,Wild-Type,Wild-Type,Wild-Type,Wild-Type,Wild-Type,Wild-Type,Wild-Type,Wild-Type,Wild-Type,Mutated,Wild-Type,Wild-Type,Wild-Type,Mutated,Wild-Type,Wild-Type,Wild-Type,Wild-Type,Wild-Type,Wild-Type,Wild-Type,Wild-Type,Wild-Type,Wild-Type,Wild-Type,Wild-Type,Wild-Type,Wild-Type,Wild-Type,Wild-Type,Wild-Type,Wild-Type,Wild-Type,Wild-Type,Wild-Type,Wild-Type,Mutated,Wild-Type,Wild-Type,Wild-Type,Wild-Type,Wild-Type,Wild-Type,Wild-Type,Mutated,Wild-Type,Wild-Type,Wild-Type,Mutated,Wild-Type,Wild-Type,Wild-Type,Wild-Type,Wild-Type
197,S347,Wild-Type,Wild-Type,Wild-Type,Wild-Type,Wild-Type,Wild-Type,Wild-Type,Wild-Type,Wild-Type,Wild-Type,Wild-Type,Wild-Type,Wild-Type,Wild-Type,Wild-Type,Wild-Type,Wild-Type,Wild-Type,Wild-Type,Wild-Type,Wild-Type,Wild-Type,Wild-Type,Wild-Type,Wild-Type,Wild-Type,Wild-Type,Mutated,Wild-Type,Wild-Type,Wild-Type,Mutated,Wild-Type,Wild-Type,Wild-Type,Wild-Type,Wild-Type,Wild-Type,Wild-Type,Wild-Type,Wild-Type,Wild-Type,Wild-Type,Wild-Type,Wild-Type,Wild-Type,Wild-Type,Wild-Type,Wild-Type,Wild-Type,Wild-Type,Wild-Type,Wild-Type,Wild-Type,Mutated,Wild-Type,Wild-Type,Wild-Type,Wild-Type,Wild-Type,Wild-Type,Wild-Type,Mutated,Wild-Type,Wild-Type,Wild-Type,Mutated,Wild-Type,Wild-Type,Wild-Type,Wild-Type,Wild-Type
198,S348,Wild-Type,Wild-Type,Wild-Type,Wild-Type,Wild-Type,Wild-Type,Wild-Type,Wild-Type,Wild-Type,Wild-Type,Wild-Type,Wild-Type,Wild-Type,Wild-Type,Wild-Type,Wild-Type,Wild-Type,Wild-Type,Wild-Type,Wild-Type,Wild-Type,Wild-Type,Wild-Type,Wild-Type,Wild-Type,Wild-Type,Wild-Type,Mutated,Wild-Type,Wild-Type,Wild-Type,Mutated,Wild-Type,Wild-Type,Wild-Type,Wild-Type,Wild-Type,Wild-Type,Wild-Type,Wild-Type,Wild-Type,Wild-Type,Wild-Type,Wild-Type,Wild-Type,Wild-Type,Wild-Type,Wild-Type,Wild-Type,Wild-Type,Wild-Type,Wild-Type,Wild-Type,Wild-Type,Mutated,Wild-Type,Wild-Type,Wild-Type,Wild-Type,Wild-Type,Wild-Type,Wild-Type,Mutated,Wild-Type,Wild-Type,Wild-Type,Mutated,Wild-Type,Wild-Type,Wild-Type,Wild-Type,Wild-Type
199,S349,Wild-Type,Wild-Type,Wild-Type,Wild-Type,Wild-Type,Wild-Type,Wild-Type,Wild-Type,Wild-Type,Wild-Type,Wild-Type,Wild-Type,Wild-Type,Wild-Type,Wild-Type,Wild-Type,Wild-Type,Wild-Type,Wild-Type,Wild-Type,Wild-Type,Wild-Type,Wild-Type,Wild-Type,Wild-Type,Wild-Type,Wild-Type,Wild-Type,Wild-Type,Wild-Type,Wild-Type,Mutated,Wild-Type,Wild-Type,Wild-Type,Wild-Type,Wild-Type,Wild-Type,Wild-Type,Wild-Type,Wild-Type,Wild-Type,Wild-Type,Wild-Type,Wild-Type,Wild-Type,Wild-Type,Wild-Type,Wild-Type,Wild-Type,Wild-Type,Wild-Type,Wild-Type,Wild-Type,Wild-Type,Wild-Type,Wild-Type,Wild-Type,Wild-Type,Wild-Type,Wild-Type,Wild-Type,Wild-Type,Wild-Type,Wild-Type,Wild-Type,Wild-Type,Mutated,Wild-Type,Wild-Type,Wild-Type,Wild-Type
200,C522,Wild-Type,Wild-Type,Wild-Type,Wild-Type,Wild-Type,Wild-Type,Wild-Type,Wild-Type,Wild-Type,Wild-Type,Wild-Type,Wild-Type,Wild-Type,Wild-Type,Wild-Type,Wild-Type,Wild-Type,Wild-Type,Wild-Type,Wild-Type,Wild-Type,Wild-Type,Wild-Type,Wild-Type,Wild-Type,Wild-Type,Mutated,Wild-Type,Wild-Type,Wild-Type,Wild-Type,Wild-Type,Wild-Type,Wild-Type,Wild-Type,Wild-Type,Wild-Type,Wild-Type,Wild-Type,Wild-Type,Wild-Type,Wild-Type,Wild-Type,Wild-Type,Wild-Type,Wild-Type,Wild-Type,Wild-Type,Wild-Type,Wild-Type,Wild-Type,Wild-Type,Wild-Type,Wild-Type,Wild-Type,Wild-Type,Wild-Type,Wild-Type,Wild-Type,Wild-Type,Wild-Type,Wild-Type,Wild-Type,Wild-Type,Wild-Type,Wild-Type,Mutated,Wild-Type,Wild-Type,Wild-Type,Wild-Type,Wild-Type
201,S350,Wild-Type,Wild-Type,Wild-Type,Wild-Type,Wild-Type,Wild-Type,Wild-Type,Wild-Type,Wild-Type,Wild-Type,Wild-Type,Wild-Type,Wild-Type,Wild-Type,Wild-Type,Wild-Type,Wild-Type,Wild-Type,Wild-Type,Wild-Type,Wild-Type,Wild-Type,Wild-Type,Wild-Type,Wild-Type,Wild-Type,Wild-Type,Wild-Type,Wild-Type,Wild-Type,Wild-Type,Wild-Type,Wild-Type,Wild-Type,Wild-Type,Wild-Type,Wild-Type,Wild-Type,Wild-Type,Wild-Type,Wild-Type,Wild-Type,Wild-Type,Wild-Type,Wild-Type,Mutated,Wild-Type,Wild-Type,Wild-Type,Wild-Type,Wild-Type,Wild-Type,Wild-Type,Wild-Type,Wild-Type,Wild-Type,Wild-Type,Wild-Type,Wild-Type,Wild-Type,Wild-Type,Wild-Type,Wild-Type,Wild-Type,Wild-Type,Wild-Type,Wild-Type,Wild-Type,Wild-Type,Wild-Type,Mutated,Wild-Type
202,S595,Wild-Type,Wild-Type,Wild-Type,Wild-Type,Wild-Type,Wild-Type,Wild-Type,Wild-Type,Wild-Type,Wild-Type,Wild-Type,Wild-Type,Wild-Type,Wild-Type,Wild-Type,Wild-Type,Wild-Type,Wild-Type,Wild-Type,Wild-Type,Wild-Type,Wild-Type,Wild-Type,Mutated,Wild-Type,Mutated,Wild-Type,Wild-Type,Wild-Type,Wild-Type,Wild-Type,Wild-Type,Wild-Type,Wild-Type,Wild-Type,Wild-Type,Wild-Type,Wild-Type,Wild-Type,Wild-Type,Wild-Type,Wild-Type,Wild-Type,Wild-Type,Mutated,Wild-Type,Wild-Type,Wild-Type,Wild-Type,Wild-Type,Wild-Type,Wild-Type,Wild-Type,Wild-Type,Wild-Type,Wild-Type,Wild-Type,Wild-Type,Wild-Type,Wild-Type,Wild-Type,Wild-Type,Wild-Type,Wild-Type,Wild-Type,Wild-Type,Wild-Type,Wild-Type,Wild-Type,Wild-Type,Wild-Type,Wild-Type
203,S351,Wild-Type,Wild-Type,Wild-Type,Wild-Type,Wild-Type,Wild-Type,Wild-Type,Wild-Type,Wild-Type,Wild-Type,Wild-Type,Wild-Type,Wild-Type,Wild-Type,Wild-Type,Wild-Type,Wild-Type,Wild-Type,Wild-Type,Wild-Type,Wild-Type,Wild-Type,Wild-Type,Wild-Type,Wild-Type,Wild-Type,Wild-Type,Wild-Type,Wild-Type,Mutated,Wild-Type,Wild-Type,Wild-Type,Wild-Type,Wild-Type,Wild-Type,Wild-Type,Wild-Type,Wild-Type,Wild-Type,Wild-Type,Wild-Type,Wild-Type,Wild-Type,Wild-Type,Wild-Type,Wild-Type,Wild-Type,Wild-Type,Wild-Type,Wild-Type,Wild-Type,Wild-Type,Wild-Type,Wild-Type,Wild-Type,Wild-Type,Wild-Type,Wild-Type,Wild-Type,Wild-Type,Wild-Type,Mutated,Wild-Type,Wild-Type,Wild-Type,Wild-Type,Wild-Type,Wild-Type,Wild-Type,Wild-Type,Wild-Type
204,S352,Wild-Type,Wild-Type,Wild-Type,Wild-Type,Mutated,Mutated,Wild-Type,Wild-Type,Wild-Type,Wild-Type,Wild-Type,Wild-Type,Wild-Type,Wild-Type,Wild-Type,Mutated,Wild-Type,Wild-Type,Wild-Type,Wild-Type,Wild-Type,Wild-Type,Wild-Type,Mutated,Wild-Type,Mutated,Wild-Type,Wild-Type,Wild-Type,Wild-Type,Wild-Type,Wild-Type,Wild-Type,Wild-Type,Wild-Type,Wild-Type,Wild-Type,Wild-Type,Wild-Type,Wild-Type,Wild-Type,Wild-Type,Mutated,Wild-Type,Wild-Type,Wild-Type,Wild-Type,Wild-Type,Mutated,Wild-Type,Mutated,Wild-Type,Wild-Type,Wild-Type,Wild-Type,Wild-Type,Mutated,Wild-Type,Wild-Type,Wild-Type,Wild-Type,Wild-Type,Wild-Type,Wild-Type,Wild-Type,Wild-Type,Mutated,Wild-Type,Wild-Type,Wild-Type,Wild-Type,Wild-Type
205,S353,Wild-Type,Wild-Type,Wild-Type,Wild-Type,Wild-Type,Wild-Type,Wild-Type,Wild-Type,Wild-Type,Wild-Type,Wild-Type,Wild-Type,Wild-Type,Wild-Type,Wild-Type,Wild-Type,Wild-Type,Wild-Type,Wild-Type,Wild-Type,Wild-Type,Wild-Type,Wild-Type,Wild-Type,Wild-Type,Wild-Type,Wild-Type,Wild-Type,Wild-Type,Wild-Type,Wild-Type,Wild-Type,Wild-Type,Wild-Type,Wild-Type,Wild-Type,Wild-Type,Wild-Type,Wild-Type,Wild-Type,Wild-Type,Wild-Type,Wild-Type,Wild-Type,Wild-Type,Wild-Type,Wild-Type,Wild-Type,Wild-Type,Wild-Type,Wild-Type,Wild-Type,Wild-Type,Mutated,Wild-Type,Wild-Type,Wild-Type,Wild-Type,Wild-Type,Wild-Type,Wild-Type,Wild-Type,Wild-Type,Wild-Type,Wild-Type,Wild-Type,Wild-Type,Mutated,Wild-Type,Wild-Type,Wild-Type,Wild-Type
206,C171,,,,,,,,,,,,,,,,,,,,,,,,Mutated,,Mutated,,,,,,,,,,,,,,,,,,,Wild-Type,,,,,,,,,,,,,,,,,,,,,,,,,,,
207,S354,Wild-Type,Wild-Type,Wild-Type,Wild-Type,Wild-Type,Wild-Type,Wild-Type,Wild-Type,Wild-Type,Wild-Type,Wild-Type,Wild-Type,Wild-Type,Mutated,Wild-Type,Wild-Type,Wild-Type,Wild-Type,Wild-Type,Wild-Type,Wild-Type,Wild-Type,Wild-Type,Mutated,Wild-Type,Mutated,Wild-Type,Wild-Type,Wild-Type,Wild-Type,Wild-Type,Wild-Type,Wild-Type,Wild-Type,Wild-Type,Wild-Type,Wild-Type,Wild-Type,Wild-Type,Wild-Type,Wild-Type,Wild-Type,Wild-Type,Wild-Type,Wild-Type,Wild-Type,Wild-Type,Wild-Type,Wild-Type,Wild-Type,Wild-Type,Wild-Type,Wild-Type,Wild-Type,Wild-Type,Wild-Type,Mutated,Wild-Type,Wild-Type,Mutated,Wild-Type,Wild-Type,Wild-Type,Wild-Type,Wild-Type,Wild-Type,Mutated,Wild-Type,Wild-Type,Wild-Type,Wild-Type,Wild-Type
208,C172,Wild-Type,Wild-Type,Wild-Type,Wild-Type,Wild-Type,Wild-Type,Wild-Type,Wild-Type,Wild-Type,Wild-Type,Wild-Type,Wild-Type,Wild-Type,Wild-Type,Wild-Type,Wild-Type,Wild-Type,Wild-Type,Wild-Type,Wild-Type,Wild-Type,Wild-Type,Wild-Type,Wild-Type,Wild-Type,Wild-Type,Wild-Type,Wild-Type,Wild-Type,Wild-Type,Wild-Type,Wild-Type,Wild-Type,Wild-Type,Wild-Type,Wild-Type,Wild-Type,Wild-Type,Wild-Type,Wild-Type,Wild-Type,Wild-Type,Wild-Type,Wild-Type,Wild-Type,Mutated,Wild-Type,Wild-Type,Wild-Type,Wild-Type,Wild-Type,Wild-Type,Wild-Type,Wild-Type,Wild-Type,Wild-Type,Wild-Type,Wild-Type,Wild-Type,Mutated,Wild-Type,Wild-Type,Wild-Type,Wild-Type,Wild-Type,Wild-Type,Wild-Type,Wild-Type,Wild-Type,Wild-Type,Wild-Type,Wild-Type
209,S356,Wild-Type,Wild-Type,Wild-Type,Wild-Type,Wild-Type,Wild-Type,Wild-Type,Wild-Type,Wild-Type,Wild-Type,Wild-Type,Wild-Type,Wild-Type,Wild-Type,Wild-Type,Wild-Type,Wild-Type,Wild-Type,Wild-Type,Wild-Type,Wild-Type,Wild-Type,Wild-Type,Wild-Type,Wild-Type,Wild-Type,Wild-Type,Wild-Type,Wild-Type,Wild-Type,Wild-Type,Wild-Type,Wild-Type,Wild-Type,Wild-Type,Wild-Type,Wild-Type,Wild-Type,Wild-Type,Wild-Type,Wild-Type,Wild-Type,Wild-Type,Wild-Type,Wild-Type,Wild-Type,Wild-Type,Wild-Type,Wild-Type,Wild-Type,Wild-Type,Wild-Type,Wild-Type,Wild-Type,Wild-Type,Wild-Type,Wild-Type,Wild-Type,Wild-Type,Wild-Type,Wild-Type,Wild-Type,Wild-Type,Wild-Type,Wild-Type,Wild-Type,Wild-Type,Mutated,Wild-Type,Wild-Type,Wild-Type,Wild-Type
210,S357,Wild-Type,Wild-Type,Wild-Type,Wild-Type,Mutated,Wild-Type,Wild-Type,Wild-Type,Wild-Type,Wild-Type,Wild-Type,Wild-Type,Wild-Type,Wild-Type,Wild-Type,Wild-Type,Wild-Type,Wild-Type,Wild-Type,Wild-Type,Wild-Type,Wild-Type,Wild-Type,Wild-Type,Wild-Type,Wild-Type,Wild-Type,Wild-Type,Wild-Type,Mutated,Wild-Type,Wild-Type,Wild-Type,Wild-Type,Wild-Type,Wild-Type,Wild-Type,Wild-Type,Wild-Type,Wild-Type,Wild-Type,Wild-Type,Wild-Type,Wild-Type,Wild-Type,Wild-Type,Wild-Type,Wild-Type,Wild-Type,Wild-Type,Wild-Type,Wild-Type,Wild-Type,Wild-Type,Wild-Type,Wild-Type,Wild-Type,Wild-Type,Wild-Type,Wild-Type,Wild-Type,Wild-Type,Wild-Type,Wild-Type,Wild-Type,Wild-Type,Wild-Type,Wild-Type,Wild-Type,Wild-Type,Mutated,Wild-Type
211,S358,Wild-Type,Wild-Type,Wild-Type,Wild-Type,Wild-Type,Wild-Type,Wild-Type,Wild-Type,Wild-Type,Wild-Type,Wild-Type,Wild-Type,Wild-Type,Wild-Type,Mutated,Mutated,Wild-Type,Wild-Type,Wild-Type,Wild-Type,Wild-Type,Wild-Type,Wild-Type,Wild-Type,Wild-Type,Wild-Type,Wild-Type,Wild-Type,Wild-Type,Wild-Type,Wild-Type,Wild-Type,Wild-Type,Wild-Type,Wild-Type,Wild-Type,Wild-Type,Wild-Type,Wild-Type,Wild-Type,Wild-Type,Wild-Type,Wild-Type,Wild-Type,Wild-Type,Mutated,Wild-Type,Wild-Type,Wild-Type,Wild-Type,Wild-Type,Wild-Type,Wild-Type,Wild-Type,Wild-Type,Wild-Type,Wild-Type,Wild-Type,Wild-Type,Wild-Type,Wild-Type,Wild-Type,Wild-Type,Wild-Type,Wild-Type,Wild-Type,Wild-Type,Mutated,Wild-Type,Wild-Type,Wild-Type,Wild-Type
212,C175,Wild-Type,Wild-Type,Wild-Type,Wild-Type,Wild-Type,Wild-Type,Wild-Type,Wild-Type,Wild-Type,Wild-Type,Wild-Type,Wild-Type,Wild-Type,Wild-Type,Mutated,Mutated,Wild-Type,Wild-Type,Wild-Type,Wild-Type,Wild-Type,Wild-Type,Wild-Type,Wild-Type,Wild-Type,Wild-Type,Wild-Type,Wild-Type,Wild-Type,Wild-Type,Wild-Type,Wild-Type,Wild-Type,Wild-Type,Wild-Type,Wild-Type,Wild-Type,Wild-Type,Wild-Type,Wild-Type,Wild-Type,Wild-Type,Wild-Type,Wild-Type,Wild-Type,Mutated,Wild-Type,Wild-Type,Wild-Type,Wild-Type,Wild-Type,Wild-Type,Wild-Type,Wild-Type,Wild-Type,Wild-Type,Wild-Type,Wild-Type,Wild-Type,Wild-Type,Wild-Type,Wild-Type,Wild-Type,Wild-Type,Wild-Type,Wild-Type,Wild-Type,Mutated,Wild-Type,Wild-Type,Wild-Type,Wild-Type
213,C176,Wild-Type,Wild-Type,Wild-Type,Wild-Type,Wild-Type,Wild-Type,Wild-Type,Wild-Type,Wild-Type,Wild-Type,Wild-Type,Wild-Type,Wild-Type,Wild-Type,Wild-Type,Wild-Type,Wild-Type,Wild-Type,Wild-Type,Wild-Type,Wild-Type,Wild-Type,Wild-Type,Wild-Type,Wild-Type,Wild-Type,Wild-Type,Wild-Type,Mutated,Wild-Type,Wild-Type,Wild-Type,Wild-Type,Wild-Type,Wild-Type,Wild-Type,Wild-Type,Wild-Type,Wild-Type,Wild-Type,Wild-Type,Wild-Type,Wild-Type,Wild-Type,Mutated,Mutated,Wild-Type,Wild-Type,Wild-Type,Wild-Type,Wild-Type,Wild-Type,Wild-Type,Wild-Type,Wild-Type,Wild-Type,Wild-Type,Wild-Type,Wild-Type,Wild-Type,Wild-Type,Wild-Type,Wild-Type,Wild-Type,Wild-Type,Wild-Type,Wild-Type,Wild-Type,Wild-Type,Wild-Type,Wild-Type,Wild-Type
214,S360,Wild-Type,Wild-Type,Wild-Type,Wild-Type,Wild-Type,Wild-Type,Wild-Type,Wild-Type,Mutated,Wild-Type,Wild-Type,Wild-Type,Wild-Type,Wild-Type,Wild-Type,Mutated,Wild-Type,Wild-Type,Wild-Type,Wild-Type,Mutated,Wild-Type,Wild-Type,Mutated,Wild-Type,Wild-Type,Wild-Type,Wild-Type,Wild-Type,Wild-Type,Wild-Type,Wild-Type,Wild-Type,Wild-Type,Wild-Type,Wild-Type,Wild-Type,Wild-Type,Wild-Type,Wild-Type,Wild-Type,Wild-Type,Wild-Type,Wild-Type,Wild-Type,Wild-Type,Wild-Type,Wild-Type,Wild-Type,Wild-Type,Mutated,Wild-Type,Wild-Type,Wild-Type,Wild-Type,Wild-Type,Mutated,Wild-Type,Wild-Type,Wild-Type,Wild-Type,Wild-Type,Wild-Type,Wild-Type,Wild-Type,Wild-Type,Wild-Type,Wild-Type,Wild-Type,Wild-Type,Wild-Type,Wild-Type
215,S361,Wild-Type,Wild-Type,Wild-Type,Wild-Type,Wild-Type,Wild-Type,Wild-Type,Wild-Type,Wild-Type,Wild-Type,Wild-Type,Wild-Type,Wild-Type,Wild-Type,Wild-Type,Wild-Type,Wild-Type,Wild-Type,Wild-Type,Wild-Type,Wild-Type,Wild-Type,Wild-Type,Wild-Type,Wild-Type,Wild-Type,Wild-Type,Wild-Type,Wild-Type,Wild-Type,Wild-Type,Wild-Type,Wild-Type,Wild-Type,Wild-Type,Wild-Type,Wild-Type,Wild-Type,Wild-Type,Wild-Type,Wild-Type,Wild-Type,Wild-Type,Wild-Type,Mutated,Mutated,Wild-Type,Wild-Type,Wild-Type,Wild-Type,Wild-Type,Wild-Type,Wild-Type,Wild-Type,Wild-Type,Wild-Type,Wild-Type,Wild-Type,Wild-Type,Wild-Type,Wild-Type,Wild-Type,Wild-Type,Mutated,Wild-Type,Wild-Type,Mutated,Wild-Type,Wild-Type,Wild-Type,Wild-Type,Wild-Type
216,S362,Wild-Type,Wild-Type,Wild-Type,Wild-Type,Wild-Type,Wild-Type,Wild-Type,Wild-Type,Wild-Type,Wild-Type,Mutated,Wild-Type,Wild-Type,Wild-Type,Wild-Type,Wild-Type,Wild-Type,Wild-Type,Wild-Type,Wild-Type,Wild-Type,Wild-Type,Wild-Type,Wild-Type,Wild-Type,Wild-Type,Wild-Type,Wild-Type,Wild-Type,Wild-Type,Wild-Type,Wild-Type,Wild-Type,Wild-Type,Wild-Type,Wild-Type,Wild-Type,Wild-Type,Wild-Type,Wild-Type,Wild-Type,Wild-Type,Wild-Type,Wild-Type,Wild-Type,Wild-Type,Wild-Type,Wild-Type,Wild-Type,Wild-Type,Wild-Type,Wild-Type,Wild-Type,Wild-Type,Wild-Type,Wild-Type,Wild-Type,Wild-Type,Wild-Type,Wild-Type,Wild-Type,Wild-Type,Wild-Type,Wild-Type,Wild-Type,Wild-Type,Wild-Type,Wild-Type,Wild-Type,Wild-Type,Wild-Type,Wild-Type
217,S363,Wild-Type,Wild-Type,Wild-Type,Wild-Type,Wild-Type,Wild-Type,Wild-Type,Wild-Type,Wild-Type,Wild-Type,Wild-Type,Wild-Type,Wild-Type,Wild-Type,Wild-Type,Wild-Type,Wild-Type,Wild-Type,Wild-Type,Wild-Type,Wild-Type,Wild-Type,Wild-Type,Wild-Type,Wild-Type,Wild-Type,Wild-Type,Wild-Type,Wild-Type,Mutated,Wild-Type,Wild-Type,Wild-Type,Wild-Type,Wild-Type,Wild-Type,Wild-Type,Wild-Type,Wild-Type,Wild-Type,Wild-Type,Wild-Type,Wild-Type,Wild-Type,Wild-Type,Wild-Type,Wild-Type,Wild-Type,Wild-Type,Wild-Type,Mutated,Wild-Type,Wild-Type,Wild-Type,Wild-Type,Wild-Type,Mutated,Wild-Type,Wild-Type,Wild-Type,Wild-Type,Wild-Type,Wild-Type,Wild-Type,Wild-Type,Wild-Type,Wild-Type,Wild-Type,Wild-Type,Wild-Type,Wild-Type,Wild-Type
218,S364,Wild-Type,Wild-Type,Wild-Type,Wild-Type,Wild-Type,Wild-Type,Wild-Type,Wild-Type,Wild-Type,Wild-Type,Wild-Type,Wild-Type,Wild-Type,Wild-Type,Wild-Type,Mutated,Wild-Type,Mutated,Wild-Type,Wild-Type,Wild-Type,Wild-Type,Wild-Type,Mutated,Wild-Type,Mutated,Wild-Type,Wild-Type,Wild-Type,Wild-Type,Wild-Type,Wild-Type,Wild-Type,Wild-Type,Wild-Type,Wild-Type,Wild-Type,Wild-Type,Wild-Type,Wild-Type,Wild-Type,Wild-Type,Wild-Type,Wild-Type,Mutated,Wild-Type,Wild-Type,Wild-Type,Wild-Type,Wild-Type,Wild-Type,Wild-Type,Wild-Type,Wild-Type,Wild-Type,Wild-Type,Wild-Type,Wild-Type,Wild-Type,Wild-Type,Wild-Type,Wild-Type,Wild-Type,Wild-Type,Wild-Type,Wild-Type,Wild-Type,Wild-Type,Wild-Type,Wild-Type,Wild-Type,Wild-Type
219,C528,Wild-Type,Wild-Type,Wild-Type,Wild-Type,Wild-Type,Wild-Type,Wild-Type,Wild-Type,Wild-Type,Wild-Type,Wild-Type,Wild-Type,Wild-Type,Wild-Type,Wild-Type,Wild-Type,Wild-Type,Wild-Type,Wild-Type,Wild-Type,Wild-Type,Wild-Type,Wild-Type,Mutated,Wild-Type,Mutated,Wild-Type,Wild-Type,Wild-Type,Mutated,Wild-Type,Wild-Type,Wild-Type,Wild-Type,Wild-Type,Wild-Type,Wild-Type,Wild-Type,Wild-Type,Wild-Type,Wild-Type,Wild-Type,Wild-Type,Wild-Type,Mutated,Wild-Type,Wild-Type,Wild-Type,Wild-Type,Wild-Type,Wild-Type,Wild-Type,Wild-Type,Wild-Type,Wild-Type,Wild-Type,Wild-Type,Wild-Type,Wild-Type,Wild-Type,Wild-Type,Wild-Type,Wild-Type,Wild-Type,Wild-Type,Wild-Type,Wild-Type,Wild-Type,Wild-Type,Wild-Type,Wild-Type,Wild-Type
220,S365,Wild-Type,Wild-Type,Wild-Type,Wild-Type,Wild-Type,Wild-Type,Wild-Type,Wild-Type,Wild-Type,Wild-Type,Wild-Type,Wild-Type,Wild-Type,Wild-Type,Wild-Type,Mutated,Wild-Type,Wild-Type,Wild-Type,Wild-Type,Wild-Type,Wild-Type,Wild-Type,Mutated,Wild-Type,Mutated,Wild-Type,Wild-Type,Wild-Type,Mutated,Wild-Type,Wild-Type,Wild-Type,Wild-Type,Wild-Type,Wild-Type,Wild-Type,Wild-Type,Wild-Type,Wild-Type,Wild-Type,Wild-Type,Wild-Type,Wild-Type,Mutated,Wild-Type,Wild-Type,Wild-Type,Wild-Type,Wild-Type,Wild-Type,Wild-Type,Wild-Type,Wild-Type,Wild-Type,Wild-Type,Wild-Type,Wild-Type,Wild-Type,Wild-Type,Wild-Type,Wild-Type,Wild-Type,Wild-Type,Wild-Type,Wild-Type,Wild-Type,Wild-Type,Wild-Type,Wild-Type,Wild-Type,Wild-Type
221,S366,Wild-Type,Wild-Type,Wild-Type,Wild-Type,Wild-Type,Wild-Type,Wild-Type,Wild-Type,Wild-Type,Wild-Type,Wild-Type,Wild-Type,Wild-Type,Wild-Type,Wild-Type,Wild-Type,Wild-Type,Wild-Type,Wild-Type,Wild-Type,Wild-Type,Wild-Type,Wild-Type,Wild-Type,Wild-Type,Wild-Type,Wild-Type,Wild-Type,Wild-Type,Wild-Type,Wild-Type,Wild-Type,Wild-Type,Wild-Type,Wild-Type,Wild-Type,Wild-Type,Wild-Type,Wild-Type,Wild-Type,Wild-Type,Wild-Type,Wild-Type,Wild-Type,Wild-Type,Mutated,Wild-Type,Wild-Type,Wild-Type,Wild-Type,Wild-Type,Wild-Type,Wild-Type,Wild-Type,Wild-Type,Wild-Type,Wild-Type,Wild-Type,Wild-Type,Wild-Type,Wild-Type,Wild-Type,Wild-Type,Wild-Type,Wild-Type,Wild-Type,Wild-Type,Wild-Type,Wild-Type,Wild-Type,Wild-Type,Wild-Type
222,C187,,,,,,,,,,,,,,,,,,,,,,,,,,,,,,,,,,,,,,,,,,,,,,,,,,,,,,,,,,,,,,,,,,,,,,,,
223,S367,Wild-Type,Wild-Type,Wild-Type,Wild-Type,Wild-Type,Wild-Type,Wild-Type,Wild-Type,Wild-Type,Wild-Type,Mutated,Wild-Type,Wild-Type,Wild-Type,Wild-Type,Mutated,Wild-Type,Wild-Type,Wild-Type,Wild-Type,Wild-Type,Wild-Type,Wild-Type,Wild-Type,Wild-Type,Wild-Type,Wild-Type,Wild-Type,Wild-Type,Wild-Type,Wild-Type,Wild-Type,Mutated,Wild-Type,Wild-Type,Wild-Type,Wild-Type,Wild-Type,Wild-Type,Wild-Type,Wild-Type,Wild-Type,Wild-Type,Wild-Type,Mutated,Wild-Type,Wild-Type,Wild-Type,Wild-Type,Wild-Type,Wild-Type,Wild-Type,Wild-Type,Wild-Type,Wild-Type,Wild-Type,Wild-Type,Wild-Type,Wild-Type,Wild-Type,Wild-Type,Wild-Type,Wild-Type,Wild-Type,Wild-Type,Wild-Type,Mutated,Wild-Type,Wild-Type,Wild-Type,Wild-Type,Wild-Type
224,S368,Wild-Type,Wild-Type,Wild-Type,Wild-Type,Wild-Type,Wild-Type,Wild-Type,Wild-Type,Wild-Type,Wild-Type,Wild-Type,Wild-Type,Wild-Type,Wild-Type,Wild-Type,Wild-Type,Wild-Type,Wild-Type,Wild-Type,Wild-Type,Wild-Type,Wild-Type,Wild-Type,Wild-Type,Wild-Type,Wild-Type,Wild-Type,Wild-Type,Wild-Type,Wild-Type,Wild-Type,Wild-Type,Wild-Type,Wild-Type,Wild-Type,Wild-Type,Wild-Type,Wild-Type,Wild-Type,Wild-Type,Wild-Type,Wild-Type,Wild-Type,Wild-Type,Wild-Type,Wild-Type,Wild-Type,Wild-Type,Wild-Type,Wild-Type,Wild-Type,Wild-Type,Wild-Type,Wild-Type,Wild-Type,Wild-Type,Wild-Type,Wild-Type,Wild-Type,Wild-Type,Wild-Type,Wild-Type,Wild-Type,Wild-Type,Wild-Type,Wild-Type,Wild-Type,Mutated,Wild-Type,Wild-Type,Wild-Type,Wild-Type
225,S369,Wild-Type,Wild-Type,Wild-Type,Wild-Type,Wild-Type,Wild-Type,Wild-Type,Wild-Type,Wild-Type,Wild-Type,Wild-Type,Wild-Type,Wild-Type,Wild-Type,Wild-Type,Wild-Type,Wild-Type,Wild-Type,Wild-Type,Wild-Type,Wild-Type,Wild-Type,Wild-Type,Wild-Type,Wild-Type,Wild-Type,Wild-Type,Wild-Type,Wild-Type,Wild-Type,Wild-Type,Wild-Type,Wild-Type,Wild-Type,Wild-Type,Wild-Type,Wild-Type,Wild-Type,Wild-Type,Wild-Type,Wild-Type,Wild-Type,Wild-Type,Wild-Type,Wild-Type,Wild-Type,Wild-Type,Wild-Type,Wild-Type,Wild-Type,Wild-Type,Wild-Type,Wild-Type,Wild-Type,Wild-Type,Wild-Type,Wild-Type,Wild-Type,Wild-Type,Wild-Type,Wild-Type,Wild-Type,Wild-Type,Wild-Type,Wild-Type,Wild-Type,Wild-Type,Mutated,Wild-Type,Wild-Type,Wild-Type,Wild-Type
226,S371,,,,,,,,,,,,,,,,,,,,,,,,Wild-Type,,Wild-Type,,,,,,,,,,,,,,,,,,,Wild-Type,,,,,,,,,,,,,,,,,,,,,,,,,,,
227,S372,Wild-Type,Wild-Type,Wild-Type,Wild-Type,Wild-Type,Wild-Type,Wild-Type,Wild-Type,Wild-Type,Wild-Type,Wild-Type,Wild-Type,Wild-Type,Wild-Type,Wild-Type,Wild-Type,Wild-Type,Wild-Type,Wild-Type,Wild-Type,Wild-Type,Wild-Type,Wild-Type,Wild-Type,Wild-Type,Wild-Type,Wild-Type,Wild-Type,Wild-Type,Mutated,Wild-Type,Wild-Type,Wild-Type,Wild-Type,Wild-Type,Wild-Type,Wild-Type,Wild-Type,Wild-Type,Wild-Type,Wild-Type,Wild-Type,Wild-Type,Wild-Type,Wild-Type,Mutated,Wild-Type,Wild-Type,Wild-Type,Wild-Type,Wild-Type,Wild-Type,Wild-Type,Wild-Type,Wild-Type,Wild-Type,Wild-Type,Wild-Type,Wild-Type,Wild-Type,Wild-Type,Wild-Type,Mutated,Wild-Type,Wild-Type,Wild-Type,Wild-Type,Wild-Type,Wild-Type,Wild-Type,Wild-Type,Wild-Type
228,S373,Wild-Type,Wild-Type,Wild-Type,Wild-Type,Wild-Type,Wild-Type,Wild-Type,Wild-Type,Wild-Type,Wild-Type,Wild-Type,Wild-Type,Wild-Type,Wild-Type,Wild-Type,Wild-Type,Wild-Type,Wild-Type,Wild-Type,Wild-Type,Wild-Type,Wild-Type,Wild-Type,Wild-Type,Wild-Type,Wild-Type,Wild-Type,Wild-Type,Wild-Type,Wild-Type,Wild-Type,Wild-Type,Wild-Type,Wild-Type,Wild-Type,Wild-Type,Wild-Type,Wild-Type,Wild-Type,Wild-Type,Wild-Type,Wild-Type,Mutated,Wild-Type,Wild-Type,Wild-Type,Wild-Type,Wild-Type,Wild-Type,Wild-Type,Wild-Type,Wild-Type,Wild-Type,Wild-Type,Wild-Type,Wild-Type,Wild-Type,Wild-Type,Wild-Type,Wild-Type,Wild-Type,Wild-Type,Wild-Type,Wild-Type,Wild-Type,Wild-Type,Wild-Type,Mutated,Wild-Type,Wild-Type,Wild-Type,Wild-Type
229,S374,Wild-Type,Wild-Type,Wild-Type,Wild-Type,Wild-Type,Wild-Type,Wild-Type,Wild-Type,Wild-Type,Wild-Type,Wild-Type,Wild-Type,Wild-Type,Wild-Type,Mutated,Wild-Type,Wild-Type,Wild-Type,Wild-Type,Wild-Type,Wild-Type,Wild-Type,Wild-Type,Wild-Type,Wild-Type,Wild-Type,Wild-Type,Wild-Type,Wild-Type,Mutated,Wild-Type,Wild-Type,Wild-Type,Wild-Type,Wild-Type,Wild-Type,Wild-Type,Wild-Type,Wild-Type,Wild-Type,Wild-Type,Wild-Type,Wild-Type,Wild-Type,Wild-Type,Wild-Type,Wild-Type,Wild-Type,Wild-Type,Wild-Type,Wild-Type,Wild-Type,Wild-Type,Wild-Type,Wild-Type,Wild-Type,Wild-Type,Wild-Type,Wild-Type,Wild-Type,Wild-Type,Wild-Type,Mutated,Wild-Type,Wild-Type,Wild-Type,Wild-Type,Wild-Type,Wild-Type,Wild-Type,Wild-Type,Wild-Type
230,S375,,,,,,,,,,,,,,,,,,,,,,,,Wild-Type,,Wild-Type,,,,,,,,,,,,,,,,,,,Wild-Type,,,,,,,,,,,,,,,,,,,,,,,,,,,
231,S377,Wild-Type,Wild-Type,Wild-Type,Wild-Type,Wild-Type,Wild-Type,Wild-Type,Wild-Type,Wild-Type,Wild-Type,Wild-Type,Wild-Type,Wild-Type,Wild-Type,Wild-Type,Wild-Type,Wild-Type,Wild-Type,Wild-Type,Wild-Type,Wild-Type,Wild-Type,Wild-Type,Mutated,Wild-Type,Mutated,Wild-Type,Wild-Type,Wild-Type,Wild-Type,Wild-Type,Wild-Type,Wild-Type,Wild-Type,Wild-Type,Wild-Type,Wild-Type,Wild-Type,Wild-Type,Wild-Type,Wild-Type,Wild-Type,Wild-Type,Wild-Type,Mutated,Wild-Type,Wild-Type,Wild-Type,Wild-Type,Wild-Type,Wild-Type,Wild-Type,Wild-Type,Wild-Type,Wild-Type,Wild-Type,Wild-Type,Wild-Type,Wild-Type,Wild-Type,Wild-Type,Wild-Type,Wild-Type,Wild-Type,Wild-Type,Wild-Type,Wild-Type,Wild-Type,Wild-Type,Wild-Type,Wild-Type,Wild-Type
232,S378,Wild-Type,Wild-Type,Wild-Type,Wild-Type,Wild-Type,Wild-Type,Wild-Type,Wild-Type,Wild-Type,Wild-Type,Wild-Type,Wild-Type,Wild-Type,Wild-Type,Wild-Type,Wild-Type,Wild-Type,Wild-Type,Wild-Type,Wild-Type,Wild-Type,Wild-Type,Wild-Type,Mutated,Wild-Type,Wild-Type,Wild-Type,Wild-Type,Wild-Type,Wild-Type,Wild-Type,Wild-Type,Wild-Type,Wild-Type,Wild-Type,Wild-Type,Wild-Type,Wild-Type,Wild-Type,Wild-Type,Wild-Type,Wild-Type,Wild-Type,Wild-Type,Mutated,Wild-Type,Wild-Type,Wild-Type,Wild-Type,Wild-Type,Wild-Type,Wild-Type,Wild-Type,Wild-Type,Wild-Type,Wild-Type,Wild-Type,Wild-Type,Wild-Type,Wild-Type,Wild-Type,Wild-Type,Wild-Type,Wild-Type,Wild-Type,Wild-Type,Wild-Type,Wild-Type,Wild-Type,Wild-Type,Wild-Type,Wild-Type
233,S380,Wild-Type,Wild-Type,Wild-Type,Wild-Type,Wild-Type,Wild-Type,Wild-Type,Wild-Type,Wild-Type,Wild-Type,Wild-Type,Wild-Type,Wild-Type,Wild-Type,Wild-Type,Mutated,Wild-Type,Wild-Type,Wild-Type,Wild-Type,Wild-Type,Wild-Type,Wild-Type,Mutated,Wild-Type,Wild-Type,Wild-Type,Wild-Type,Wild-Type,Wild-Type,Wild-Type,Wild-Type,Wild-Type,Wild-Type,Wild-Type,Wild-Type,Wild-Type,Wild-Type,Wild-Type,Wild-Type,Wild-Type,Mutated,Wild-Type,Wild-Type,Mutated,Mutated,Wild-Type,Wild-Type,Wild-Type,Wild-Type,Wild-Type,Wild-Type,Wild-Type,Wild-Type,Wild-Type,Wild-Type,Wild-Type,Wild-Type,Wild-Type,Wild-Type,Wild-Type,Wild-Type,Wild-Type,Wild-Type,Wild-Type,Wild-Type,Mutated,Wild-Type,Wild-Type,Wild-Type,Wild-Type,Wild-Type
234,C185,Wild-Type,Wild-Type,Wild-Type,Wild-Type,Wild-Type,Wild-Type,Wild-Type,Wild-Type,Wild-Type,Wild-Type,Wild-Type,Wild-Type,Wild-Type,Wild-Type,Wild-Type,Mutated,Wild-Type,Wild-Type,Wild-Type,Wild-Type,Wild-Type,Wild-Type,Wild-Type,Mutated,Wild-Type,Wild-Type,Wild-Type,Wild-Type,Wild-Type,Wild-Type,Wild-Type,Wild-Type,Wild-Type,Wild-Type,Wild-Type,Wild-Type,Wild-Type,Wild-Type,Wild-Type,Wild-Type,Wild-Type,Wild-Type,Wild-Type,Wild-Type,Mutated,Mutated,Wild-Type,Wild-Type,Wild-Type,Wild-Type,Wild-Type,Wild-Type,Wild-Type,Wild-Type,Wild-Type,Wild-Type,Wild-Type,Wild-Type,Wild-Type,Wild-Type,Wild-Type,Wild-Type,Wild-Type,Wild-Type,Wild-Type,Wild-Type,Mutated,Wild-Type,Wild-Type,Wild-Type,Wild-Type,Wild-Type
235,S598,Wild-Type,Wild-Type,Wild-Type,Wild-Type,Wild-Type,Wild-Type,Wild-Type,Wild-Type,Wild-Type,Wild-Type,Wild-Type,Wild-Type,Wild-Type,Wild-Type,Wild-Type,Mutated,Wild-Type,Wild-Type,Wild-Type,Wild-Type,Wild-Type,Wild-Type,Wild-Type,Wild-Type,Wild-Type,Wild-Type,Wild-Type,Wild-Type,Wild-Type,Wild-Type,Wild-Type,Wild-Type,Wild-Type,Wild-Type,Wild-Type,Wild-Type,Wild-Type,Wild-Type,Wild-Type,Wild-Type,Wild-Type,Wild-Type,Wild-Type,Wild-Type,Wild-Type,Wild-Type,Wild-Type,Wild-Type,Wild-Type,Wild-Type,Wild-Type,Wild-Type,Wild-Type,Wild-Type,Wild-Type,Wild-Type,Wild-Type,Wild-Type,Wild-Type,Wild-Type,Wild-Type,Wild-Type,Wild-Type,Wild-Type,Wild-Type,Wild-Type,Wild-Type,Wild-Type,Wild-Type,Wild-Type,Wild-Type,Wild-Type
236,S381,Wild-Type,Wild-Type,Wild-Type,Wild-Type,Wild-Type,Wild-Type,Wild-Type,Wild-Type,Wild-Type,Wild-Type,Wild-Type,Wild-Type,Wild-Type,Wild-Type,Wild-Type,Mutated,Wild-Type,Wild-Type,Wild-Type,Wild-Type,Wild-Type,Wild-Type,Wild-Type,Mutated,Wild-Type,Mutated,Wild-Type,Wild-Type,Wild-Type,Wild-Type,Wild-Type,Wild-Type,Wild-Type,Wild-Type,Wild-Type,Wild-Type,Wild-Type,Wild-Type,Wild-Type,Wild-Type,Wild-Type,Wild-Type,Wild-Type,Wild-Type,Mutated,Wild-Type,Wild-Type,Wild-Type,Wild-Type,Wild-Type,Wild-Type,Wild-Type,Wild-Type,Wild-Type,Wild-Type,Wild-Type,Wild-Type,Wild-Type,Wild-Type,Wild-Type,Wild-Type,Wild-Type,Wild-Type,Wild-Type,Wild-Type,Wild-Type,Wild-Type,Wild-Type,Wild-Type,Wild-Type,Wild-Type,Wild-Type
237,S382,Wild-Type,Wild-Type,Wild-Type,Wild-Type,Wild-Type,Wild-Type,Wild-Type,Wild-Type,Wild-Type,Wild-Type,Wild-Type,Wild-Type,Wild-Type,Wild-Type,Wild-Type,Wild-Type,Wild-Type,Wild-Type,Wild-Type,Wild-Type,Wild-Type,Wild-Type,Wild-Type,Wild-Type,Wild-Type,Wild-Type,Wild-Type,Wild-Type,Wild-Type,Wild-Type,Wild-Type,Wild-Type,Wild-Type,Wild-Type,Wild-Type,Wild-Type,Wild-Type,Wild-Type,Wild-Type,Wild-Type,Wild-Type,Wild-Type,Wild-Type,Wild-Type,Wild-Type,Wild-Type,Wild-Type,Wild-Type,Wild-Type,Wild-Type,Wild-Type,Wild-Type,Wild-Type,Wild-Type,Wild-Type,Wild-Type,Mutated,Wild-Type,Wild-Type,Wild-Type,Wild-Type,Wild-Type,Mutated,Mutated,Wild-Type,Wild-Type,Wild-Type,Wild-Type,Wild-Type,Wild-Type,Wild-Type,Wild-Type
238,S383,Mutated,Wild-Type,Wild-Type,Wild-Type,Mutated,Mutated,Wild-Type,Wild-Type,Wild-Type,Wild-Type,Wild-Type,Wild-Type,Wild-Type,Wild-Type,Wild-Type,Mutated,Wild-Type,Wild-Type,Wild-Type,Wild-Type,Wild-Type,Wild-Type,Wild-Type,Mutated,Wild-Type,Wild-Type,Wild-Type,Wild-Type,Wild-Type,Mutated,Wild-Type,Wild-Type,Wild-Type,Wild-Type,Wild-Type,Wild-Type,Wild-Type,Wild-Type,Wild-Type,Wild-Type,Wild-Type,Wild-Type,Wild-Type,Wild-Type,Wild-Type,Mutated,Wild-Type,Wild-Type,Wild-Type,Wild-Type,Wild-Type,Wild-Type,Wild-Type,Wild-Type,Wild-Type,Wild-Type,Mutated,Wild-Type,Wild-Type,Wild-Type,Wild-Type,Wild-Type,Wild-Type,Wild-Type,Wild-Type,Wild-Type,Wild-Type,Wild-Type,Wild-Type,Wild-Type,Wild-Type,Wild-Type
239,S385,Wild-Type,Wild-Type,Wild-Type,Wild-Type,Wild-Type,Wild-Type,Wild-Type,Wild-Type,Wild-Type,Wild-Type,Wild-Type,Wild-Type,Wild-Type,Wild-Type,Wild-Type,Mutated,Wild-Type,Wild-Type,Wild-Type,Wild-Type,Wild-Type,Wild-Type,Wild-Type,Mutated,Wild-Type,Mutated,Wild-Type,Wild-Type,Wild-Type,Wild-Type,Wild-Type,Wild-Type,Wild-Type,Wild-Type,Wild-Type,Wild-Type,Wild-Type,Wild-Type,Wild-Type,Wild-Type,Wild-Type,Wild-Type,Wild-Type,Wild-Type,Mutated,Wild-Type,Wild-Type,Wild-Type,Wild-Type,Wild-Type,Wild-Type,Wild-Type,Wild-Type,Wild-Type,Wild-Type,Wild-Type,Wild-Type,Wild-Type,Wild-Type,Wild-Type,Wild-Type,Wild-Type,Wild-Type,Wild-Type,Wild-Type,Wild-Type,Wild-Type,Wild-Type,Wild-Type,Wild-Type,Wild-Type,Wild-Type
240,S386,Wild-Type,Wild-Type,Wild-Type,Wild-Type,Wild-Type,Wild-Type,Wild-Type,Wild-Type,Wild-Type,Wild-Type,Wild-Type,Wild-Type,Wild-Type,Wild-Type,Wild-Type,Wild-Type,Wild-Type,Wild-Type,Wild-Type,Wild-Type,Wild-Type,Wild-Type,Wild-Type,Mutated,Wild-Type,Wild-Type,Wild-Type,Wild-Type,Wild-Type,Wild-Type,Wild-Type,Wild-Type,Wild-Type,Wild-Type,Wild-Type,Wild-Type,Wild-Type,Wild-Type,Wild-Type,Wild-Type,Wild-Type,Wild-Type,Wild-Type,Wild-Type,Mutated,Wild-Type,Wild-Type,Wild-Type,Wild-Type,Wild-Type,Wild-Type,Wild-Type,Wild-Type,Wild-Type,Wild-Type,Wild-Type,Wild-Type,Wild-Type,Wild-Type,Wild-Type,Wild-Type,Wild-Type,Wild-Type,Wild-Type,Wild-Type,Wild-Type,Wild-Type,Wild-Type,Wild-Type,Wild-Type,Wild-Type,Wild-Type
241,S387,,,,,,,,,,,,,,,,,,,,,,,,Wild-Type,,Wild-Type,,,,,,,,,,,,,,,,,,,Wild-Type,,,,,,,,,,,,,,,,,,,,,,,,,,,
242,S388,Wild-Type,Wild-Type,Wild-Type,Wild-Type,Wild-Type,Wild-Type,Wild-Type,Wild-Type,Wild-Type,Wild-Type,Wild-Type,Wild-Type,Wild-Type,Wild-Type,Wild-Type,Wild-Type,Wild-Type,Wild-Type,Wild-Type,Wild-Type,Wild-Type,Wild-Type,Wild-Type,Wild-Type,Wild-Type,Wild-Type,Wild-Type,Wild-Type,Wild-Type,Wild-Type,Wild-Type,Wild-Type,Wild-Type,Wild-Type,Wild-Type,Wild-Type,Wild-Type,Wild-Type,Wild-Type,Wild-Type,Wild-Type,Wild-Type,Wild-Type,Wild-Type,Wild-Type,Wild-Type,Wild-Type,Wild-Type,Wild-Type,Wild-Type,Wild-Type,Wild-Type,Wild-Type,Wild-Type,Wild-Type,Wild-Type,Wild-Type,Wild-Type,Wild-Type,Wild-Type,Wild-Type,Wild-Type,Wild-Type,Wild-Type,Wild-Type,Wild-Type,Mutated,Wild-Type,Wild-Type,Wild-Type,Wild-Type,Wild-Type
243,C195,Wild-Type,Wild-Type,Wild-Type,Wild-Type,Wild-Type,Wild-Type,Wild-Type,Wild-Type,Wild-Type,Wild-Type,Wild-Type,Wild-Type,Wild-Type,Wild-Type,Wild-Type,Mutated,Wild-Type,Wild-Type,Wild-Type,Wild-Type,Wild-Type,Wild-Type,Wild-Type,Mutated,Wild-Type,Mutated,Wild-Type,Wild-Type,Wild-Type,Wild-Type,Wild-Type,Wild-Type,Wild-Type,Wild-Type,Wild-Type,Wild-Type,Wild-Type,Wild-Type,Wild-Type,Wild-Type,Wild-Type,Wild-Type,Wild-Type,Wild-Type,Mutated,Wild-Type,Wild-Type,Wild-Type,Wild-Type,Wild-Type,Wild-Type,Wild-Type,Wild-Type,Wild-Type,Wild-Type,Wild-Type,Wild-Type,Wild-Type,Wild-Type,Wild-Type,Wild-Type,Wild-Type,Wild-Type,Wild-Type,Wild-Type,Wild-Type,Mutated,Wild-Type,Wild-Type,Wild-Type,Wild-Type,Wild-Type
244,S390,Wild-Type,Wild-Type,Wild-Type,Wild-Type,Wild-Type,Wild-Type,Wild-Type,Wild-Type,Wild-Type,Wild-Type,Wild-Type,Wild-Type,Wild-Type,Wild-Type,Wild-Type,Mutated,Wild-Type,Wild-Type,Wild-Type,Wild-Type,Wild-Type,Wild-Type,Wild-Type,Mutated,Wild-Type,Mutated,Wild-Type,Wild-Type,Wild-Type,Wild-Type,Wild-Type,Wild-Type,Mutated,Wild-Type,Wild-Type,Wild-Type,Wild-Type,Wild-Type,Wild-Type,Wild-Type,Wild-Type,Wild-Type,Wild-Type,Wild-Type,Mutated,Wild-Type,Wild-Type,Wild-Type,Wild-Type,Wild-Type,Wild-Type,Wild-Type,Wild-Type,Wild-Type,Wild-Type,Wild-Type,Wild-Type,Wild-Type,Wild-Type,Wild-Type,Wild-Type,Wild-Type,Wild-Type,Wild-Type,Wild-Type,Wild-Type,Wild-Type,Wild-Type,Wild-Type,Wild-Type,Wild-Type,Wild-Type
245,C264,Wild-Type,Wild-Type,Wild-Type,Wild-Type,Wild-Type,Wild-Type,Wild-Type,Wild-Type,Wild-Type,Wild-Type,Wild-Type,Wild-Type,Wild-Type,Wild-Type,Wild-Type,Wild-Type,Wild-Type,Wild-Type,Wild-Type,Wild-Type,Wild-Type,Wild-Type,Wild-Type,Mutated,Wild-Type,Mutated,Wild-Type,Wild-Type,Wild-Type,Wild-Type,Wild-Type,Wild-Type,Wild-Type,Wild-Type,Wild-Type,Wild-Type,Wild-Type,Wild-Type,Wild-Type,Wild-Type,Wild-Type,Wild-Type,Wild-Type,Wild-Type,Wild-Type,Wild-Type,Wild-Type,Wild-Type,Wild-Type,Wild-Type,Wild-Type,Wild-Type,Wild-Type,Wild-Type,Wild-Type,Wild-Type,Wild-Type,Wild-Type,Wild-Type,Wild-Type,Wild-Type,Wild-Type,Wild-Type,Wild-Type,Wild-Type,Wild-Type,Wild-Type,Wild-Type,Wild-Type,Wild-Type,Wild-Type,Wild-Type
246,S391,Wild-Type,Wild-Type,Wild-Type,Wild-Type,Wild-Type,Wild-Type,Wild-Type,Wild-Type,Wild-Type,Wild-Type,Wild-Type,Wild-Type,Wild-Type,Wild-Type,Wild-Type,Mutated,Wild-Type,Wild-Type,Wild-Type,Wild-Type,Wild-Type,Wild-Type,Wild-Type,Mutated,Wild-Type,Mutated,Wild-Type,Wild-Type,Wild-Type,Wild-Type,Wild-Type,Wild-Type,Wild-Type,Wild-Type,Wild-Type,Wild-Type,Wild-Type,Wild-Type,Wild-Type,Wild-Type,Wild-Type,Wild-Type,Wild-Type,Wild-Type,Mutated,Wild-Type,Wild-Type,Wild-Type,Wild-Type,Wild-Type,Wild-Type,Wild-Type,Wild-Type,Wild-Type,Wild-Type,Wild-Type,Wild-Type,Wild-Type,Wild-Type,Wild-Type,Wild-Type,Wild-Type,Wild-Type,Wild-Type,Wild-Type,Wild-Type,Wild-Type,Wild-Type,Wild-Type,Wild-Type,Wild-Type,Wild-Type
247,C274,,,,,,,,,,,,,,,,,,,,,,,,Mutated,,Mutated,,,,,,,,,,,,,,,,,,,,,,,,,,,,,,,,,,,,,,,,,,,,,,
248,S393,Wild-Type,Wild-Type,Wild-Type,Wild-Type,Wild-Type,Wild-Type,Wild-Type,Wild-Type,Wild-Type,Wild-Type,Wild-Type,Wild-Type,Wild-Type,Wild-Type,Mutated,Wild-Type,Wild-Type,Wild-Type,Wild-Type,Wild-Type,Mutated,Wild-Type,Wild-Type,Wild-Type,Wild-Type,Wild-Type,Wild-Type,Wild-Type,Wild-Type,Mutated,Wild-Type,Wild-Type,Wild-Type,Wild-Type,Wild-Type,Wild-Type,Wild-Type,Wild-Type,Wild-Type,Wild-Type,Wild-Type,Wild-Type,Wild-Type,Wild-Type,Mutated,Wild-Type,Wild-Type,Wild-Type,Wild-Type,Wild-Type,Wild-Type,Wild-Type,Wild-Type,Wild-Type,Wild-Type,Wild-Type,Wild-Type,Wild-Type,Wild-Type,Wild-Type,Wild-Type,Wild-Type,Wild-Type,Wild-Type,Wild-Type,Wild-Type,Wild-Type,Wild-Type,Wild-Type,Wild-Type,Wild-Type,Wild-Type
249,S394,Wild-Type,Wild-Type,Wild-Type,Wild-Type,Mutated,Wild-Type,Wild-Type,Wild-Type,Wild-Type,Wild-Type,Wild-Type,Wild-Type,Wild-Type,Wild-Type,Wild-Type,Wild-Type,Wild-Type,Wild-Type,Wild-Type,Wild-Type,Wild-Type,Wild-Type,Wild-Type,Mutated,Wild-Type,Mutated,Wild-Type,Wild-Type,Wild-Type,Wild-Type,Wild-Type,Wild-Type,Wild-Type,Wild-Type,Wild-Type,Wild-Type,Wild-Type,Wild-Type,Wild-Type,Wild-Type,Wild-Type,Wild-Type,Wild-Type,Mutated,Wild-Type,Wild-Type,Wild-Type,Wild-Type,Wild-Type,Wild-Type,Wild-Type,Wild-Type,Wild-Type,Wild-Type,Wild-Type,Wild-Type,Wild-Type,Wild-Type,Wild-Type,Wild-Type,Wild-Type,Wild-Type,Wild-Type,Wild-Type,Wild-Type,Wild-Type,Wild-Type,Wild-Type,Wild-Type,Wild-Type,Wild-Type,Wild-Type
250,S395,Wild-Type,Wild-Type,Wild-Type,Wild-Type,Wild-Type,Wild-Type,Wild-Type,Wild-Type,Wild-Type,Wild-Type,Wild-Type,Wild-Type,Wild-Type,Wild-Type,Wild-Type,Mutated,Wild-Type,Wild-Type,Wild-Type,Wild-Type,Wild-Type,Wild-Type,Wild-Type,Wild-Type,Wild-Type,Wild-Type,Wild-Type,Wild-Type,Wild-Type,Mutated,Wild-Type,Wild-Type,Wild-Type,Wild-Type,Wild-Type,Wild-Type,Wild-Type,Wild-Type,Wild-Type,Wild-Type,Wild-Type,Wild-Type,Wild-Type,Wild-Type,Wild-Type,Mutated,Wild-Type,Wild-Type,Wild-Type,Wild-Type,Wild-Type,Wild-Type,Wild-Type,Wild-Type,Wild-Type,Wild-Type,Wild-Type,Wild-Type,Wild-Type,Wild-Type,Mutated,Wild-Type,Wild-Type,Wild-Type,Wild-Type,Wild-Type,Wild-Type,Wild-Type,Wild-Type,Wild-Type,Wild-Type,Wild-Type
251,S396,Wild-Type,Wild-Type,Wild-Type,Wild-Type,Mutated,Wild-Type,Wild-Type,Wild-Type,Wild-Type,Wild-Type,Wild-Type,Wild-Type,Wild-Type,Wild-Type,Wild-Type,Mutated,Wild-Type,Wild-Type,Wild-Type,Wild-Type,Wild-Type,Wild-Type,Wild-Type,Wild-Type,Wild-Type,Wild-Type,Wild-Type,Wild-Type,Mutated,Wild-Type,Wild-Type,Wild-Type,Wild-Type,Wild-Type,Wild-Type,Wild-Type,Wild-Type,Wild-Type,Wild-Type,Wild-Type,Wild-Type,Wild-Type,Wild-Type,Wild-Type,Wild-Type,Wild-Type,Wild-Type,Wild-Type,Wild-Type,Wild-Type,Wild-Type,Wild-Type,Wild-Type,Wild-Type,Wild-Type,Wild-Type,Mutated,Wild-Type,Wild-Type,Wild-Type,Wild-Type,Wild-Type,Mutated,Wild-Type,Wild-Type,Wild-Type,Wild-Type,Wild-Type,Wild-Type,Wild-Type,Wild-Type,Wild-Type
252,C253,Wild-Type,Wild-Type,Wild-Type,Wild-Type,Wild-Type,Wild-Type,Wild-Type,Wild-Type,Wild-Type,Wild-Type,Wild-Type,Wild-Type,Wild-Type,Wild-Type,Wild-Type,Mutated,Wild-Type,Wild-Type,Wild-Type,Wild-Type,Wild-Type,Wild-Type,Wild-Type,Wild-Type,Wild-Type,Wild-Type,Wild-Type,Wild-Type,Mutated,Wild-Type,Wild-Type,Wild-Type,Wild-Type,Wild-Type,Wild-Type,Wild-Type,Wild-Type,Wild-Type,Wild-Type,Wild-Type,Wild-Type,Wild-Type,Wild-Type,Wild-Type,Wild-Type,Wild-Type,Wild-Type,Wild-Type,Wild-Type,Wild-Type,Wild-Type,Wild-Type,Wild-Type,Wild-Type,Wild-Type,Wild-Type,Mutated,Wild-Type,Wild-Type,Wild-Type,Wild-Type,Wild-Type,Mutated,Wild-Type,Wild-Type,Wild-Type,Wild-Type,Wild-Type,Wild-Type,Wild-Type,Wild-Type,Mutated
253,S397,Wild-Type,Wild-Type,Wild-Type,Wild-Type,Mutated,Wild-Type,Wild-Type,Wild-Type,Wild-Type,Wild-Type,Wild-Type,Wild-Type,Wild-Type,Wild-Type,Wild-Type,Mutated,Wild-Type,Wild-Type,Wild-Type,Wild-Type,Wild-Type,Wild-Type,Wild-Type,Wild-Type,Wild-Type,Wild-Type,Wild-Type,Wild-Type,Mutated,Wild-Type,Wild-Type,Wild-Type,Wild-Type,Wild-Type,Wild-Type,Wild-Type,Wild-Type,Wild-Type,Wild-Type,Wild-Type,Wild-Type,Wild-Type,Wild-Type,Wild-Type,Wild-Type,Wild-Type,Wild-Type,Wild-Type,Wild-Type,Wild-Type,Wild-Type,Wild-Type,Wild-Type,Wild-Type,Wild-Type,Wild-Type,Wild-Type,Wild-Type,Wild-Type,Wild-Type,Wild-Type,Wild-Type,Wild-Type,Wild-Type,Wild-Type,Wild-Type,Wild-Type,Wild-Type,Wild-Type,Wild-Type,Wild-Type,Wild-Type
254,S398,Wild-Type,Wild-Type,Wild-Type,Wild-Type,Wild-Type,Wild-Type,Wild-Type,Wild-Type,Wild-Type,Wild-Type,Mutated,Wild-Type,Wild-Type,Wild-Type,Wild-Type,Wild-Type,Wild-Type,Wild-Type,Wild-Type,Wild-Type,Mutated,Wild-Type,Wild-Type,Wild-Type,Wild-Type,Wild-Type,Wild-Type,Wild-Type,Wild-Type,Wild-Type,Wild-Type,Wild-Type,Mutated,Wild-Type,Wild-Type,Wild-Type,Wild-Type,Wild-Type,Wild-Type,Wild-Type,Wild-Type,Wild-Type,Wild-Type,Wild-Type,Wild-Type,Mutated,Wild-Type,Wild-Type,Wild-Type,Wild-Type,Wild-Type,Wild-Type,Wild-Type,Wild-Type,Wild-Type,Wild-Type,Wild-Type,Wild-Type,Wild-Type,Wild-Type,Wild-Type,Wild-Type,Wild-Type,Wild-Type,Wild-Type,Wild-Type,Wild-Type,Wild-Type,Wild-Type,Wild-Type,Mutated,Wild-Type
255,C205,Wild-Type,Wild-Type,Wild-Type,Wild-Type,Wild-Type,Wild-Type,Wild-Type,Wild-Type,Wild-Type,Wild-Type,Mutated,Wild-Type,Wild-Type,Wild-Type,Wild-Type,Wild-Type,Wild-Type,Wild-Type,Wild-Type,Wild-Type,Mutated,Wild-Type,Wild-Type,Wild-Type,Wild-Type,Wild-Type,Wild-Type,Wild-Type,Wild-Type,Wild-Type,Wild-Type,Wild-Type,Wild-Type,Wild-Type,Wild-Type,Wild-Type,Wild-Type,Wild-Type,Wild-Type,Wild-Type,Wild-Type,Wild-Type,Wild-Type,Wild-Type,Wild-Type,Mutated,Wild-Type,Wild-Type,Wild-Type,Wild-Type,Wild-Type,Wild-Type,Wild-Type,Wild-Type,Wild-Type,Wild-Type,Wild-Type,Wild-Type,Wild-Type,Wild-Type,Wild-Type,Wild-Type,Wild-Type,Wild-Type,Wild-Type,Wild-Type,Wild-Type,Wild-Type,Wild-Type,Wild-Type,Mutated,Wild-Type
256,S399,Mutated,Wild-Type,Wild-Type,Wild-Type,Mutated,Mutated,Wild-Type,Wild-Type,Wild-Type,Wild-Type,Wild-Type,Wild-Type,Wild-Type,Wild-Type,Wild-Type,Wild-Type,Wild-Type,Wild-Type,Wild-Type,Wild-Type,Wild-Type,Wild-Type,Wild-Type,Wild-Type,Wild-Type,Wild-Type,Mutated,Wild-Type,Wild-Type,Wild-Type,Wild-Type,Wild-Type,Wild-Type,Wild-Type,Wild-Type,Wild-Type,Wild-Type,Wild-Type,Wild-Type,Wild-Type,Wild-Type,Wild-Type,Wild-Type,Wild-Type,Wild-Type,Wild-Type,Wild-Type,Wild-Type,Wild-Type,Wild-Type,Wild-Type,Wild-Type,Wild-Type,Wild-Type,Wild-Type,Wild-Type,Mutated,Wild-Type,Wild-Type,Wild-Type,Wild-Type,Wild-Type,Wild-Type,Wild-Type,Wild-Type,Wild-Type,Wild-Type,Wild-Type,Mutated,Wild-Type,Wild-Type,Wild-Type
257,S400,Wild-Type,Wild-Type,Wild-Type,Wild-Type,Wild-Type,Wild-Type,Wild-Type,Wild-Type,Wild-Type,Wild-Type,Wild-Type,Wild-Type,Wild-Type,Wild-Type,Wild-Type,Wild-Type,Wild-Type,Wild-Type,Wild-Type,Wild-Type,Wild-Type,Wild-Type,Wild-Type,Mutated,Wild-Type,Mutated,Wild-Type,Wild-Type,Wild-Type,Wild-Type,Wild-Type,Wild-Type,Wild-Type,Wild-Type,Wild-Type,Wild-Type,Wild-Type,Wild-Type,Wild-Type,Wild-Type,Wild-Type,Wild-Type,Wild-Type,Wild-Type,Mutated,Wild-Type,Wild-Type,Wild-Type,Wild-Type,Wild-Type,Wild-Type,Wild-Type,Wild-Type,Wild-Type,Wild-Type,Wild-Type,Wild-Type,Wild-Type,Wild-Type,Wild-Type,Wild-Type,Wild-Type,Wild-Type,Wild-Type,Wild-Type,Wild-Type,Mutated,Wild-Type,Wild-Type,Wild-Type,Wild-Type,Wild-Type
258,C212,Wild-Type,Wild-Type,Wild-Type,Wild-Type,Wild-Type,Wild-Type,Wild-Type,Wild-Type,Wild-Type,Wild-Type,Wild-Type,Wild-Type,Wild-Type,Wild-Type,Wild-Type,Wild-Type,Wild-Type,Wild-Type,Wild-Type,Wild-Type,Wild-Type,Wild-Type,Wild-Type,Mutated,Wild-Type,Mutated,Wild-Type,Wild-Type,Wild-Type,Wild-Type,Wild-Type,Wild-Type,Wild-Type,Wild-Type,Wild-Type,Wild-Type,Wild-Type,Wild-Type,Wild-Type,Wild-Type,Wild-Type,Wild-Type,Wild-Type,Wild-Type,Mutated,Wild-Type,Wild-Type,Wild-Type,Wild-Type,Wild-Type,Wild-Type,Wild-Type,Wild-Type,Wild-Type,Wild-Type,Wild-Type,Wild-Type,Wild-Type,Wild-Type,Wild-Type,Wild-Type,Wild-Type,Wild-Type,Wild-Type,Wild-Type,Wild-Type,Wild-Type,Wild-Type,Wild-Type,Wild-Type,Wild-Type,Wild-Type
259,S401,Wild-Type,Wild-Type,Wild-Type,Wild-Type,Wild-Type,Wild-Type,Wild-Type,Wild-Type,Wild-Type,Wild-Type,Wild-Type,Wild-Type,Wild-Type,Wild-Type,Wild-Type,Wild-Type,Wild-Type,Wild-Type,Wild-Type,Wild-Type,Wild-Type,Wild-Type,Wild-Type,Wild-Type,Wild-Type,Wild-Type,Wild-Type,Wild-Type,Wild-Type,Wild-Type,Wild-Type,Wild-Type,Wild-Type,Wild-Type,Wild-Type,Wild-Type,Wild-Type,Wild-Type,Wild-Type,Wild-Type,Wild-Type,Wild-Type,Wild-Type,Wild-Type,Mutated,Mutated,Wild-Type,Wild-Type,Wild-Type,Wild-Type,Wild-Type,Wild-Type,Wild-Type,Wild-Type,Wild-Type,Wild-Type,Wild-Type,Wild-Type,Wild-Type,Wild-Type,Wild-Type,Wild-Type,Wild-Type,Wild-Type,Wild-Type,Wild-Type,Wild-Type,Wild-Type,Wild-Type,Wild-Type,Mutated,Wild-Type
260,S402,Mutated,Wild-Type,Wild-Type,Wild-Type,Wild-Type,Wild-Type,Wild-Type,Wild-Type,Wild-Type,Wild-Type,Wild-Type,Wild-Type,Wild-Type,Wild-Type,Wild-Type,Wild-Type,Wild-Type,Wild-Type,Wild-Type,Wild-Type,Wild-Type,Wild-Type,Wild-Type,Wild-Type,Wild-Type,Wild-Type,Wild-Type,Wild-Type,Wild-Type,Wild-Type,Wild-Type,Wild-Type,Wild-Type,Wild-Type,Wild-Type,Wild-Type,Wild-Type,Wild-Type,Wild-Type,Wild-Type,Wild-Type,Wild-Type,Wild-Type,Wild-Type,Wild-Type,Wild-Type,Wild-Type,Wild-Type,Wild-Type,Wild-Type,Wild-Type,Wild-Type,Wild-Type,Wild-Type,Wild-Type,Wild-Type,Wild-Type,Wild-Type,Wild-Type,Wild-Type,Wild-Type,Wild-Type,Wild-Type,Wild-Type,Wild-Type,Wild-Type,Wild-Type,Wild-Type,Wild-Type,Wild-Type,Wild-Type,Wild-Type
261,C210,,,,,,,,,,,,,,,,,,,,,,,,Wild-Type,,Wild-Type,,,,,,,,,,,,,,,,,,,Wild-Type,,,,,,,,,,,,,,,,,,,,,,,,,,,
262,C211,Wild-Type,Wild-Type,Wild-Type,Wild-Type,Wild-Type,Wild-Type,Wild-Type,Wild-Type,Wild-Type,Wild-Type,Wild-Type,Wild-Type,Wild-Type,Wild-Type,Wild-Type,Mutated,Wild-Type,Wild-Type,Wild-Type,Wild-Type,Wild-Type,Wild-Type,Wild-Type,Wild-Type,Wild-Type,Wild-Type,Wild-Type,Wild-Type,Mutated,Wild-Type,Wild-Type,Wild-Type,Wild-Type,Wild-Type,Wild-Type,Wild-Type,Wild-Type,Mutated,Wild-Type,Wild-Type,Wild-Type,Wild-Type,Wild-Type,Wild-Type,Mutated,Mutated,Wild-Type,Wild-Type,Wild-Type,Wild-Type,Wild-Type,Wild-Type,Wild-Type,Wild-Type,Wild-Type,Wild-Type,Wild-Type,Wild-Type,Wild-Type,Wild-Type,Wild-Type,Wild-Type,Wild-Type,Wild-Type,Wild-Type,Wild-Type,Wild-Type,Wild-Type,Wild-Type,Wild-Type,Wild-Type,Wild-Type
263,S404,Mutated,Wild-Type,Wild-Type,Wild-Type,Wild-Type,Wild-Type,Wild-Type,Wild-Type,Wild-Type,Wild-Type,Wild-Type,Wild-Type,Wild-Type,Wild-Type,Wild-Type,Wild-Type,Wild-Type,Wild-Type,Wild-Type,Wild-Type,Wild-Type,Wild-Type,Wild-Type,Mutated,Wild-Type,Mutated,Wild-Type,Wild-Type,Wild-Type,Wild-Type,Wild-Type,Wild-Type,Wild-Type,Wild-Type,Wild-Type,Wild-Type,Wild-Type,Wild-Type,Wild-Type,Wild-Type,Wild-Type,Wild-Type,Wild-Type,Wild-Type,Wild-Type,Wild-Type,Wild-Type,Wild-Type,Wild-Type,Wild-Type,Wild-Type,Wild-Type,Wild-Type,Wild-Type,Wild-Type,Wild-Type,Wild-Type,Wild-Type,Wild-Type,Wild-Type,Wild-Type,Wild-Type,Wild-Type,Wild-Type,Wild-Type,Wild-Type,Wild-Type,Wild-Type,Wild-Type,Wild-Type,Wild-Type,Wild-Type
264,S405,Wild-Type,Wild-Type,Wild-Type,Wild-Type,Wild-Type,Wild-Type,Wild-Type,Wild-Type,Wild-Type,Wild-Type,Wild-Type,Wild-Type,Wild-Type,Wild-Type,Wild-Type,Mutated,Wild-Type,Wild-Type,Wild-Type,Wild-Type,Wild-Type,Wild-Type,Wild-Type,Wild-Type,Wild-Type,Wild-Type,Wild-Type,Wild-Type,Wild-Type,Wild-Type,Wild-Type,Wild-Type,Wild-Type,Wild-Type,Wild-Type,Wild-Type,Wild-Type,Wild-Type,Wild-Type,Wild-Type,Wild-Type,Wild-Type,Mutated,Wild-Type,Mutated,Wild-Type,Wild-Type,Wild-Type,Wild-Type,Wild-Type,Wild-Type,Wild-Type,Wild-Type,Wild-Type,Wild-Type,Wild-Type,Wild-Type,Wild-Type,Wild-Type,Wild-Type,Wild-Type,Wild-Type,Wild-Type,Wild-Type,Wild-Type,Wild-Type,Wild-Type,Wild-Type,Wild-Type,Wild-Type,Mutated,Wild-Type
265,S406,Wild-Type,Wild-Type,Wild-Type,Wild-Type,Wild-Type,Wild-Type,Wild-Type,Wild-Type,Wild-Type,Wild-Type,Wild-Type,Wild-Type,Wild-Type,Wild-Type,Wild-Type,Wild-Type,Wild-Type,Wild-Type,Wild-Type,Wild-Type,Wild-Type,Wild-Type,Wild-Type,Wild-Type,Wild-Type,Wild-Type,Wild-Type,Wild-Type,Wild-Type,Wild-Type,Wild-Type,Wild-Type,Wild-Type,Mutated,Wild-Type,Wild-Type,Wild-Type,Wild-Type,Wild-Type,Wild-Type,Wild-Type,Wild-Type,Wild-Type,Wild-Type,Wild-Type,Wild-Type,Wild-Type,Wild-Type,Wild-Type,Wild-Type,Wild-Type,Wild-Type,Wild-Type,Wild-Type,Wild-Type,Wild-Type,Wild-Type,Wild-Type,Wild-Type,Wild-Type,Wild-Type,Wild-Type,Wild-Type,Wild-Type,Wild-Type,Wild-Type,Wild-Type,Wild-Type,Wild-Type,Wild-Type,Wild-Type,Wild-Type
266,C216,Wild-Type,Wild-Type,Wild-Type,Wild-Type,Wild-Type,Wild-Type,Wild-Type,Wild-Type,Wild-Type,Wild-Type,Wild-Type,Wild-Type,Wild-Type,Wild-Type,Wild-Type,Wild-Type,Wild-Type,Wild-Type,Wild-Type,Wild-Type,Wild-Type,Wild-Type,Wild-Type,Wild-Type,Wild-Type,Wild-Type,Wild-Type,Wild-Type,Wild-Type,Wild-Type,Wild-Type,Wild-Type,Wild-Type,Mutated,Wild-Type,Wild-Type,Wild-Type,Wild-Type,Wild-Type,Wild-Type,Wild-Type,Wild-Type,Wild-Type,Wild-Type,Wild-Type,Wild-Type,Wild-Type,Wild-Type,Wild-Type,Wild-Type,Wild-Type,Wild-Type,Wild-Type,Wild-Type,Wild-Type,Wild-Type,Wild-Type,Wild-Type,Wild-Type,Wild-Type,Wild-Type,Wild-Type,Wild-Type,Wild-Type,Wild-Type,Wild-Type,Wild-Type,Wild-Type,Wild-Type,Wild-Type,Wild-Type,Wild-Type
267,C217,Wild-Type,Wild-Type,Wild-Type,Wild-Type,Wild-Type,Wild-Type,Wild-Type,Wild-Type,Wild-Type,Wild-Type,Wild-Type,Wild-Type,Wild-Type,Wild-Type,Wild-Type,Wild-Type,Wild-Type,Wild-Type,Wild-Type,Wild-Type,Wild-Type,Wild-Type,Wild-Type,Wild-Type,Wild-Type,Wild-Type,Wild-Type,Wild-Type,Wild-Type,Wild-Type,Wild-Type,Wild-Type,Wild-Type,Mutated,Wild-Type,Wild-Type,Wild-Type,Wild-Type,Wild-Type,Wild-Type,Wild-Type,Wild-Type,Wild-Type,Wild-Type,Wild-Type,Wild-Type,Wild-Type,Wild-Type,Wild-Type,Wild-Type,Wild-Type,Wild-Type,Wild-Type,Wild-Type,Wild-Type,Wild-Type,Wild-Type,Wild-Type,Wild-Type,Wild-Type,Wild-Type,Wild-Type,Wild-Type,Wild-Type,Wild-Type,Wild-Type,Wild-Type,Wild-Type,Wild-Type,Wild-Type,Wild-Type,Wild-Type
268,S407,Wild-Type,Wild-Type,Wild-Type,Wild-Type,Wild-Type,Wild-Type,Wild-Type,Wild-Type,Wild-Type,Wild-Type,Wild-Type,Wild-Type,Wild-Type,Wild-Type,Wild-Type,Wild-Type,Wild-Type,Wild-Type,Wild-Type,Wild-Type,Wild-Type,Wild-Type,Wild-Type,Wild-Type,Wild-Type,Wild-Type,Wild-Type,Wild-Type,Wild-Type,Wild-Type,Wild-Type,Wild-Type,Wild-Type,Mutated,Wild-Type,Wild-Type,Wild-Type,Wild-Type,Wild-Type,Wild-Type,Wild-Type,Wild-Type,Wild-Type,Wild-Type,Wild-Type,Wild-Type,Wild-Type,Wild-Type,Wild-Type,Wild-Type,Wild-Type,Mutated,Wild-Type,Wild-Type,Wild-Type,Wild-Type,Wild-Type,Wild-Type,Wild-Type,Wild-Type,Wild-Type,Wild-Type,Wild-Type,Wild-Type,Wild-Type,Wild-Type,Wild-Type,Wild-Type,Wild-Type,Wild-Type,Wild-Type,Wild-Type
269,S408,Wild-Type,Wild-Type,Wild-Type,Wild-Type,Wild-Type,Wild-Type,Wild-Type,Wild-Type,Wild-Type,Wild-Type,Wild-Type,Wild-Type,Wild-Type,Wild-Type,Wild-Type,Mutated,Wild-Type,Wild-Type,Wild-Type,Wild-Type,Wild-Type,Wild-Type,Wild-Type,Wild-Type,Wild-Type,Wild-Type,Wild-Type,Wild-Type,Wild-Type,Wild-Type,Wild-Type,Wild-Type,Wild-Type,Mutated,Wild-Type,Wild-Type,Wild-Type,Wild-Type,Wild-Type,Wild-Type,Wild-Type,Wild-Type,Wild-Type,Wild-Type,Mutated,Wild-Type,Wild-Type,Wild-Type,Wild-Type,Wild-Type,Wild-Type,Wild-Type,Wild-Type,Wild-Type,Wild-Type,Wild-Type,Wild-Type,Wild-Type,Wild-Type,Wild-Type,Wild-Type,Wild-Type,Wild-Type,Wild-Type,Wild-Type,Wild-Type,Wild-Type,Wild-Type,Wild-Type,Wild-Type,Wild-Type,Wild-Type
270,S409,Wild-Type,Wild-Type,Wild-Type,Wild-Type,Wild-Type,Wild-Type,Wild-Type,Wild-Type,Wild-Type,Wild-Type,Wild-Type,Wild-Type,Wild-Type,Wild-Type,Wild-Type,Mutated,Wild-Type,Wild-Type,Wild-Type,Wild-Type,Wild-Type,Wild-Type,Wild-Type,Mutated,Wild-Type,Mutated,Wild-Type,Wild-Type,Wild-Type,Wild-Type,Wild-Type,Wild-Type,Wild-Type,Mutated,Wild-Type,Wild-Type,Wild-Type,Wild-Type,Wild-Type,Wild-Type,Wild-Type,Wild-Type,Wild-Type,Wild-Type,Mutated,Wild-Type,Wild-Type,Wild-Type,Wild-Type,Wild-Type,Wild-Type,Wild-Type,Wild-Type,Wild-Type,Wild-Type,Wild-Type,Wild-Type,Mutated,Wild-Type,Wild-Type,Wild-Type,Wild-Type,Wild-Type,Wild-Type,Wild-Type,Wild-Type,Mutated,Wild-Type,Wild-Type,Wild-Type,Wild-Type,Wild-Type
271,S410,Wild-Type,Wild-Type,Wild-Type,Wild-Type,Wild-Type,Wild-Type,Wild-Type,Wild-Type,Wild-Type,Wild-Type,Wild-Type,Wild-Type,Wild-Type,Wild-Type,Wild-Type,Mutated,Wild-Type,Wild-Type,Wild-Type,Wild-Type,Wild-Type,Wild-Type,Wild-Type,Mutated,Wild-Type,Mutated,Wild-Type,Wild-Type,Wild-Type,Wild-Type,Wild-Type,Wild-Type,Wild-Type,Wild-Type,Wild-Type,Wild-Type,Wild-Type,Wild-Type,Wild-Type,Wild-Type,Wild-Type,Mutated,Wild-Type,Wild-Type,Mutated,Wild-Type,Wild-Type,Wild-Type,Wild-Type,Wild-Type,Wild-Type,Wild-Type,Wild-Type,Wild-Type,Wild-Type,Wild-Type,Wild-Type,Wild-Type,Wild-Type,Wild-Type,Wild-Type,Wild-Type,Wild-Type,Wild-Type,Wild-Type,Wild-Type,Wild-Type,Wild-Type,Wild-Type,Wild-Type,Wild-Type,Wild-Type
272,C220,Wild-Type,Wild-Type,Wild-Type,Wild-Type,Wild-Type,Wild-Type,Wild-Type,Wild-Type,Wild-Type,Wild-Type,Wild-Type,Wild-Type,Wild-Type,Wild-Type,Wild-Type,Wild-Type,Wild-Type,Wild-Type,Wild-Type,Wild-Type,Wild-Type,Wild-Type,Wild-Type,Mutated,Wild-Type,Mutated,Wild-Type,Wild-Type,Wild-Type,Mutated,Wild-Type,Wild-Type,Wild-Type,Wild-Type,Wild-Type,Wild-Type,Wild-Type,Wild-Type,Wild-Type,Wild-Type,Wild-Type,Wild-Type,Mutated,Wild-Type,Wild-Type,Wild-Type,Wild-Type,Wild-Type,Mutated,Wild-Type,Wild-Type,Mutated,Wild-Type,Wild-Type,Wild-Type,Wild-Type,Mutated,Wild-Type,Wild-Type,Wild-Type,Mutated,Wild-Type,Wild-Type,Wild-Type,Wild-Type,Wild-Type,Wild-Type,Wild-Type,Wild-Type,Wild-Type,Wild-Type,Wild-Type
273,S411,Wild-Type,Wild-Type,Wild-Type,Wild-Type,Wild-Type,Wild-Type,Wild-Type,Wild-Type,Wild-Type,Wild-Type,Wild-Type,Wild-Type,Wild-Type,Wild-Type,Wild-Type,Wild-Type,Wild-Type,Wild-Type,Wild-Type,Wild-Type,Wild-Type,Wild-Type,Wild-Type,Wild-Type,Wild-Type,Wild-Type,Wild-Type,Wild-Type,Wild-Type,Wild-Type,Wild-Type,Wild-Type,Wild-Type,Wild-Type,Wild-Type,Wild-Type,Wild-Type,Wild-Type,Wild-Type,Wild-Type,Wild-Type,Wild-Type,Wild-Type,Wild-Type,Mutated,Wild-Type,Wild-Type,Wild-Type,Wild-Type,Wild-Type,Wild-Type,Wild-Type,Wild-Type,Wild-Type,Wild-Type,Wild-Type,Wild-Type,Wild-Type,Wild-Type,Wild-Type,Wild-Type,Wild-Type,Wild-Type,Wild-Type,Wild-Type,Wild-Type,Wild-Type,Wild-Type,Wild-Type,Wild-Type,Wild-Type,Wild-Type
274,S412,Wild-Type,Wild-Type,Wild-Type,Wild-Type,Wild-Type,Wild-Type,Wild-Type,Wild-Type,Wild-Type,Wild-Type,Wild-Type,Wild-Type,Wild-Type,Wild-Type,Wild-Type,Wild-Type,Wild-Type,Wild-Type,Wild-Type,Wild-Type,Wild-Type,Wild-Type,Wild-Type,Mutated,Wild-Type,Mutated,Wild-Type,Wild-Type,Mutated,Wild-Type,Wild-Type,Wild-Type,Wild-Type,Wild-Type,Wild-Type,Wild-Type,Wild-Type,Wild-Type,Wild-Type,Wild-Type,Wild-Type,Wild-Type,Wild-Type,Wild-Type,Mutated,Wild-Type,Wild-Type,Wild-Type,Wild-Type,Wild-Type,Wild-Type,Mutated,Wild-Type,Wild-Type,Wild-Type,Wild-Type,Wild-Type,Wild-Type,Wild-Type,Wild-Type,Wild-Type,Wild-Type,Mutated,Wild-Type,Wild-Type,Wild-Type,Wild-Type,Wild-Type,Wild-Type,Wild-Type,Wild-Type,Wild-Type
275,C223,Wild-Type,Wild-Type,Wild-Type,Wild-Type,Wild-Type,Wild-Type,Wild-Type,Wild-Type,Wild-Type,Wild-Type,Wild-Type,Wild-Type,Wild-Type,Wild-Type,Wild-Type,Wild-Type,Wild-Type,Wild-Type,Wild-Type,Wild-Type,Wild-Type,Wild-Type,Wild-Type,Mutated,Wild-Type,Mutated,Wild-Type,Wild-Type,Mutated,Wild-Type,Wild-Type,Wild-Type,Wild-Type,Wild-Type,Wild-Type,Wild-Type,Wild-Type,Wild-Type,Wild-Type,Wild-Type,Wild-Type,Wild-Type,Wild-Type,Wild-Type,Mutated,Wild-Type,Wild-Type,Wild-Type,Wild-Type,Wild-Type,Wild-Type,Wild-Type,Wild-Type,Wild-Type,Wild-Type,Wild-Type,Wild-Type,Wild-Type,Wild-Type,Wild-Type,Wild-Type,Wild-Type,Mutated,Wild-Type,Wild-Type,Wild-Type,Wild-Type,Wild-Type,Wild-Type,Wild-Type,Wild-Type,Wild-Type
276,S413,Wild-Type,Wild-Type,Wild-Type,Wild-Type,Wild-Type,Wild-Type,Wild-Type,Wild-Type,Wild-Type,Wild-Type,Wild-Type,Wild-Type,Wild-Type,Wild-Type,Wild-Type,Mutated,Wild-Type,Wild-Type,Wild-Type,Wild-Type,Wild-Type,Wild-Type,Wild-Type,Wild-Type,Wild-Type,Wild-Type,Wild-Type,Wild-Type,Wild-Type,Mutated,Wild-Type,Mutated,Wild-Type,Wild-Type,Wild-Type,Wild-Type,Wild-Type,Wild-Type,Wild-Type,Wild-Type,Wild-Type,Wild-Type,Wild-Type,Wild-Type,Wild-Type,Wild-Type,Wild-Type,Wild-Type,Wild-Type,Wild-Type,Wild-Type,Wild-Type,Wild-Type,Wild-Type,Wild-Type,Wild-Type,Mutated,Wild-Type,Wild-Type,Wild-Type,Wild-Type,Wild-Type,Mutated,Wild-Type,Wild-Type,Wild-Type,Wild-Type,Wild-Type,Wild-Type,Wild-Type,Wild-Type,Wild-Type
277,C225,Wild-Type,Wild-Type,Wild-Type,Wild-Type,Wild-Type,Wild-Type,Wild-Type,Wild-Type,Wild-Type,Wild-Type,Wild-Type,Wild-Type,Wild-Type,Wild-Type,Wild-Type,Mutated,Wild-Type,Wild-Type,Wild-Type,Wild-Type,Wild-Type,Wild-Type,Wild-Type,Mutated,Wild-Type,Mutated,Wild-Type,Wild-Type,Wild-Type,Mutated,Wild-Type,Mutated,Wild-Type,Wild-Type,Wild-Type,Wild-Type,Wild-Type,Wild-Type,Wild-Type,Wild-Type,Wild-Type,Wild-Type,Wild-Type,Wild-Type,Wild-Type,Wild-Type,Wild-Type,Wild-Type,Wild-Type,Wild-Type,Wild-Type,Wild-Type,Wild-Type,Wild-Type,Wild-Type,Wild-Type,Mutated,Wild-Type,Wild-Type,Wild-Type,Wild-Type,Wild-Type,Mutated,Wild-Type,Wild-Type,Wild-Type,Wild-Type,Wild-Type,Wild-Type,Wild-Type,Wild-Type,Wild-Type
278,S414,Mutated,Wild-Type,Wild-Type,Wild-Type,Mutated,Wild-Type,Wild-Type,Wild-Type,Wild-Type,Wild-Type,Wild-Type,Wild-Type,Wild-Type,Wild-Type,Wild-Type,Wild-Type,Wild-Type,Wild-Type,Wild-Type,Wild-Type,Wild-Type,Wild-Type,Wild-Type,Wild-Type,Wild-Type,Wild-Type,Wild-Type,Wild-Type,Wild-Type,Wild-Type,Wild-Type,Wild-Type,Wild-Type,Wild-Type,Wild-Type,Wild-Type,Wild-Type,Wild-Type,Wild-Type,Wild-Type,Wild-Type,Wild-Type,Wild-Type,Wild-Type,Wild-Type,Mutated,Wild-Type,Wild-Type,Wild-Type,Wild-Type,Mutated,Wild-Type,Wild-Type,Wild-Type,Wild-Type,Wild-Type,Wild-Type,Wild-Type,Wild-Type,Wild-Type,Wild-Type,Wild-Type,Mutated,Mutated,Wild-Type,Wild-Type,Wild-Type,Wild-Type,Wild-Type,Wild-Type,Wild-Type,Wild-Type
279,S415,Wild-Type,Wild-Type,Wild-Type,Wild-Type,Wild-Type,Wild-Type,Wild-Type,Wild-Type,Wild-Type,Wild-Type,Wild-Type,Wild-Type,Wild-Type,Wild-Type,Wild-Type,Wild-Type,Wild-Type,Wild-Type,Wild-Type,Wild-Type,Wild-Type,Wild-Type,Wild-Type,Mutated,Mutated,Mutated,Wild-Type,Wild-Type,Wild-Type,Wild-Type,Wild-Type,Wild-Type,Wild-Type,Wild-Type,Wild-Type,Wild-Type,Wild-Type,Wild-Type,Wild-Type,Wild-Type,Wild-Type,Wild-Type,Wild-Type,Wild-Type,Wild-Type,Wild-Type,Wild-Type,Wild-Type,Wild-Type,Wild-Type,Wild-Type,Wild-Type,Wild-Type,Wild-Type,Wild-Type,Wild-Type,Wild-Type,Wild-Type,Wild-Type,Wild-Type,Wild-Type,Wild-Type,Wild-Type,Wild-Type,Wild-Type,Wild-Type,Wild-Type,Wild-Type,Wild-Type,Wild-Type,Wild-Type,Wild-Type
280,S416,Wild-Type,Wild-Type,Wild-Type,Wild-Type,Wild-Type,Wild-Type,Wild-Type,Wild-Type,Wild-Type,Wild-Type,Wild-Type,Wild-Type,Wild-Type,Wild-Type,Wild-Type,Mutated,Wild-Type,Wild-Type,Wild-Type,Wild-Type,Wild-Type,Wild-Type,Wild-Type,Wild-Type,Wild-Type,Wild-Type,Wild-Type,Wild-Type,Wild-Type,Wild-Type,Wild-Type,Mutated,Wild-Type,Wild-Type,Wild-Type,Wild-Type,Wild-Type,Wild-Type,Wild-Type,Wild-Type,Wild-Type,Wild-Type,Wild-Type,Wild-Type,Wild-Type,Wild-Type,Wild-Type,Wild-Type,Wild-Type,Wild-Type,Wild-Type,Wild-Type,Wild-Type,Wild-Type,Wild-Type,Wild-Type,Mutated,Mutated,Wild-Type,Wild-Type,Wild-Type,Wild-Type,Mutated,Wild-Type,Wild-Type,Wild-Type,Wild-Type,Wild-Type,Wild-Type,Wild-Type,Wild-Type,Wild-Type
281,C233,Wild-Type,Wild-Type,Wild-Type,Wild-Type,Wild-Type,Wild-Type,Wild-Type,Wild-Type,Wild-Type,Wild-Type,Wild-Type,Wild-Type,Wild-Type,Wild-Type,Wild-Type,Mutated,Wild-Type,Wild-Type,Wild-Type,Wild-Type,Wild-Type,Wild-Type,Wild-Type,Wild-Type,Wild-Type,Wild-Type,Wild-Type,Wild-Type,Wild-Type,Wild-Type,Wild-Type,Mutated,Wild-Type,Wild-Type,Wild-Type,Wild-Type,Wild-Type,Wild-Type,Wild-Type,Wild-Type,Wild-Type,Wild-Type,Wild-Type,Wild-Type,Wild-Type,Wild-Type,Wild-Type,Wild-Type,Wild-Type,Wild-Type,Wild-Type,Wild-Type,Wild-Type,Wild-Type,Wild-Type,Wild-Type,Mutated,Mutated,Wild-Type,Wild-Type,Wild-Type,Wild-Type,Mutated,Wild-Type,Wild-Type,Wild-Type,Wild-Type,Wild-Type,Wild-Type,Wild-Type,Wild-Type,Wild-Type
282,S417,Wild-Type,Wild-Type,Wild-Type,Wild-Type,Wild-Type,Wild-Type,Wild-Type,Wild-Type,Wild-Type,Wild-Type,Wild-Type,Wild-Type,Wild-Type,Wild-Type,Wild-Type,Wild-Type,Wild-Type,Wild-Type,Wild-Type,Wild-Type,Wild-Type,Wild-Type,Wild-Type,Wild-Type,Wild-Type,Wild-Type,Wild-Type,Wild-Type,Wild-Type,Wild-Type,Wild-Type,Wild-Type,Wild-Type,Wild-Type,Wild-Type,Wild-Type,Wild-Type,Wild-Type,Wild-Type,Wild-Type,Wild-Type,Wild-Type,Wild-Type,Wild-Type,Wild-Type,Mutated,Wild-Type,Wild-Type,Wild-Type,Wild-Type,Wild-Type,Wild-Type,Wild-Type,Wild-Type,Wild-Type,Wild-Type,Wild-Type,Wild-Type,Wild-Type,Wild-Type,Wild-Type,Wild-Type,Wild-Type,Wild-Type,Wild-Type,Wild-Type,Wild-Type,Wild-Type,Wild-Type,Wild-Type,Wild-Type,Wild-Type
283,S418,Wild-Type,Wild-Type,Wild-Type,Wild-Type,Wild-Type,Wild-Type,Wild-Type,Wild-Type,Wild-Type,Wild-Type,Wild-Type,Wild-Type,Wild-Type,Wild-Type,Wild-Type,Wild-Type,Wild-Type,Wild-Type,Wild-Type,Wild-Type,Wild-Type,Wild-Type,Wild-Type,Mutated,Wild-Type,Mutated,Wild-Type,Wild-Type,Wild-Type,Wild-Type,Wild-Type,Wild-Type,Wild-Type,Wild-Type,Wild-Type,Wild-Type,Wild-Type,Wild-Type,Wild-Type,Wild-Type,Wild-Type,Wild-Type,Wild-Type,Wild-Type,Wild-Type,Wild-Type,Wild-Type,Wild-Type,Wild-Type,Wild-Type,Wild-Type,Wild-Type,Wild-Type,Wild-Type,Wild-Type,Wild-Type,Wild-Type,Wild-Type,Wild-Type,Wild-Type,Wild-Type,Wild-Type,Wild-Type,Wild-Type,Wild-Type,Wild-Type,Wild-Type,Wild-Type,Wild-Type,Wild-Type,Wild-Type,Wild-Type
284,S419,Wild-Type,Wild-Type,Wild-Type,Wild-Type,Wild-Type,Wild-Type,Wild-Type,Wild-Type,Wild-Type,Wild-Type,Wild-Type,Wild-Type,Wild-Type,Wild-Type,Wild-Type,Wild-Type,Wild-Type,Wild-Type,Wild-Type,Wild-Type,Wild-Type,Wild-Type,Wild-Type,Mutated,Wild-Type,Mutated,Wild-Type,Wild-Type,Wild-Type,Mutated,Wild-Type,Wild-Type,Wild-Type,Wild-Type,Wild-Type,Wild-Type,Wild-Type,Wild-Type,Wild-Type,Wild-Type,Wild-Type,Wild-Type,Wild-Type,Wild-Type,Wild-Type,Wild-Type,Wild-Type,Wild-Type,Wild-Type,Wild-Type,Wild-Type,Wild-Type,Wild-Type,Wild-Type,Wild-Type,Wild-Type,Wild-Type,Wild-Type,Wild-Type,Wild-Type,Wild-Type,Wild-Type,Wild-Type,Mutated,Mutated,Wild-Type,Wild-Type,Wild-Type,Wild-Type,Wild-Type,Wild-Type,Wild-Type
285,C234,Wild-Type,Wild-Type,Wild-Type,Wild-Type,Wild-Type,Wild-Type,Wild-Type,Wild-Type,Wild-Type,Wild-Type,Wild-Type,Wild-Type,Wild-Type,Wild-Type,Wild-Type,Wild-Type,Wild-Type,Wild-Type,Wild-Type,Wild-Type,Wild-Type,Wild-Type,Wild-Type,Mutated,Wild-Type,Mutated,Wild-Type,Wild-Type,Wild-Type,Mutated,Wild-Type,Wild-Type,Wild-Type,Wild-Type,Wild-Type,Wild-Type,Wild-Type,Wild-Type,Wild-Type,Wild-Type,Wild-Type,Wild-Type,Wild-Type,Wild-Type,Wild-Type,Wild-Type,Wild-Type,Wild-Type,Wild-Type,Wild-Type,Wild-Type,Wild-Type,Wild-Type,Wild-Type,Wild-Type,Wild-Type,Wild-Type,Wild-Type,Wild-Type,Wild-Type,Wild-Type,Wild-Type,Wild-Type,Mutated,Wild-Type,Wild-Type,Wild-Type,Wild-Type,Wild-Type,Wild-Type,Wild-Type,Wild-Type
286,S420,Wild-Type,Wild-Type,Wild-Type,Wild-Type,Wild-Type,Wild-Type,Wild-Type,Wild-Type,Wild-Type,Wild-Type,Wild-Type,Wild-Type,Wild-Type,Wild-Type,Wild-Type,Wild-Type,Wild-Type,Wild-Type,Wild-Type,Wild-Type,Wild-Type,Wild-Type,Wild-Type,Mutated,Wild-Type,Mutated,Wild-Type,Wild-Type,Mutated,Wild-Type,Wild-Type,Wild-Type,Wild-Type,Wild-Type,Wild-Type,Wild-Type,Wild-Type,Wild-Type,Wild-Type,Wild-Type,Wild-Type,Wild-Type,Wild-Type,Wild-Type,Mutated,Wild-Type,Wild-Type,Wild-Type,Wild-Type,Wild-Type,Wild-Type,Wild-Type,Wild-Type,Wild-Type,Wild-Type,Wild-Type,Wild-Type,Wild-Type,Wild-Type,Wild-Type,Wild-Type,Wild-Type,Wild-Type,Wild-Type,Wild-Type,Wild-Type,Wild-Type,Wild-Type,Wild-Type,Wild-Type,Wild-Type,Wild-Type
287,C237,Wild-Type,Wild-Type,Wild-Type,Wild-Type,Wild-Type,Wild-Type,Wild-Type,Wild-Type,Wild-Type,Wild-Type,Mutated,Wild-Type,Wild-Type,Wild-Type,Mutated,Wild-Type,Wild-Type,Wild-Type,Wild-Type,Wild-Type,Wild-Type,Wild-Type,Wild-Type,Wild-Type,Wild-Type,Wild-Type,Mutated,Wild-Type,Wild-Type,Wild-Type,Wild-Type,Wild-Type,Wild-Type,Wild-Type,Wild-Type,Wild-Type,Wild-Type,Wild-Type,Wild-Type,Wild-Type,Wild-Type,Wild-Type,Wild-Type,Wild-Type,Wild-Type,Wild-Type,Wild-Type,Wild-Type,Wild-Type,Wild-Type,Wild-Type,Wild-Type,Wild-Type,Wild-Type,Wild-Type,Wild-Type,Wild-Type,Wild-Type,Wild-Type,Wild-Type,Wild-Type,Wild-Type,Wild-Type,Wild-Type,Wild-Type,Wild-Type,Wild-Type,Wild-Type,Wild-Type,Wild-Type,Wild-Type,Wild-Type
288,S421,Mutated,Wild-Type,Wild-Type,Wild-Type,Wild-Type,Wild-Type,Wild-Type,Wild-Type,Wild-Type,Wild-Type,Wild-Type,Wild-Type,Wild-Type,Wild-Type,Wild-Type,Wild-Type,Wild-Type,Wild-Type,Wild-Type,Wild-Type,Wild-Type,Wild-Type,Wild-Type,Wild-Type,Wild-Type,Wild-Type,Wild-Type,Wild-Type,Wild-Type,Wild-Type,Wild-Type,Wild-Type,Wild-Type,Wild-Type,Wild-Type,Wild-Type,Wild-Type,Wild-Type,Wild-Type,Wild-Type,Wild-Type,Wild-Type,Wild-Type,Wild-Type,Wild-Type,Wild-Type,Wild-Type,Wild-Type,Wild-Type,Wild-Type,Wild-Type,Wild-Type,Wild-Type,Wild-Type,Wild-Type,Wild-Type,Wild-Type,Wild-Type,Wild-Type,Wild-Type,Wild-Type,Wild-Type,Wild-Type,Mutated,Wild-Type,Wild-Type,Wild-Type,Wild-Type,Wild-Type,Wild-Type,Wild-Type,Wild-Type
289,S422,Wild-Type,Wild-Type,Wild-Type,Wild-Type,Mutated,Wild-Type,Wild-Type,Wild-Type,Wild-Type,Wild-Type,Wild-Type,Wild-Type,Wild-Type,Wild-Type,Wild-Type,Wild-Type,Wild-Type,Wild-Type,Wild-Type,Wild-Type,Wild-Type,Wild-Type,Wild-Type,Wild-Type,Wild-Type,Wild-Type,Wild-Type,Wild-Type,Wild-Type,Wild-Type,Wild-Type,Wild-Type,Wild-Type,Wild-Type,Wild-Type,Wild-Type,Wild-Type,Wild-Type,Wild-Type,Wild-Type,Wild-Type,Wild-Type,Mutated,Wild-Type,Wild-Type,Wild-Type,Wild-Type,Wild-Type,Wild-Type,Wild-Type,Wild-Type,Wild-Type,Wild-Type,Wild-Type,Wild-Type,Wild-Type,Mutated,Wild-Type,Wild-Type,Mutated,Wild-Type,Wild-Type,Mutated,Wild-Type,Wild-Type,Wild-Type,Wild-Type,Mutated,Wild-Type,Wild-Type,Wild-Type,Wild-Type
290,C242,Wild-Type,Wild-Type,Wild-Type,Wild-Type,Wild-Type,Wild-Type,Wild-Type,Wild-Type,Wild-Type,Wild-Type,Wild-Type,Wild-Type,Wild-Type,Wild-Type,Wild-Type,Wild-Type,Wild-Type,Wild-Type,Wild-Type,Wild-Type,Wild-Type,Wild-Type,Wild-Type,Wild-Type,Wild-Type,Wild-Type,Wild-Type,Wild-Type,Wild-Type,Wild-Type,Wild-Type,Mutated,Wild-Type,Wild-Type,Wild-Type,Wild-Type,Wild-Type,Wild-Type,Wild-Type,Wild-Type,Wild-Type,Wild-Type,Wild-Type,Wild-Type,Wild-Type,Wild-Type,Wild-Type,Wild-Type,Wild-Type,Wild-Type,Wild-Type,Wild-Type,Wild-Type,Wild-Type,Wild-Type,Wild-Type,Wild-Type,Wild-Type,Wild-Type,Wild-Type,Wild-Type,Wild-Type,Wild-Type,Wild-Type,Wild-Type,Wild-Type,Wild-Type,Wild-Type,Wild-Type,Wild-Type,Wild-Type,Wild-Type
291,C240,Wild-Type,Wild-Type,Wild-Type,Wild-Type,Wild-Type,Wild-Type,Wild-Type,Wild-Type,Wild-Type,Wild-Type,Wild-Type,Wild-Type,Wild-Type,Wild-Type,Wild-Type,Wild-Type,Wild-Type,Wild-Type,Wild-Type,Wild-Type,Wild-Type,Wild-Type,Wild-Type,Wild-Type,Wild-Type,Wild-Type,Wild-Type,Wild-Type,Wild-Type,Wild-Type,Wild-Type,Wild-Type,Wild-Type,Wild-Type,Wild-Type,Wild-Type,Wild-Type,Mutated,Wild-Type,Wild-Type,Wild-Type,Wild-Type,Wild-Type,Wild-Type,Mutated,Wild-Type,Wild-Type,Wild-Type,Wild-Type,Wild-Type,Wild-Type,Wild-Type,Wild-Type,Wild-Type,Wild-Type,Wild-Type,Wild-Type,Wild-Type,Wild-Type,Wild-Type,Wild-Type,Wild-Type,Wild-Type,Wild-Type,Wild-Type,Wild-Type,Mutated,Wild-Type,Wild-Type,Wild-Type,Wild-Type,Wild-Type
292,S423,Wild-Type,Wild-Type,Wild-Type,Wild-Type,Wild-Type,Wild-Type,Wild-Type,Wild-Type,Wild-Type,Wild-Type,Wild-Type,Wild-Type,Wild-Type,Wild-Type,Wild-Type,Wild-Type,Wild-Type,Wild-Type,Wild-Type,Wild-Type,Wild-Type,Wild-Type,Wild-Type,Wild-Type,Wild-Type,Wild-Type,Wild-Type,Wild-Type,Wild-Type,Wild-Type,Wild-Type,Wild-Type,Wild-Type,Wild-Type,Wild-Type,Wild-Type,Wild-Type,Mutated,Wild-Type,Wild-Type,Wild-Type,Wild-Type,Wild-Type,Wild-Type,Mutated,Wild-Type,Wild-Type,Wild-Type,Wild-Type,Wild-Type,Wild-Type,Wild-Type,Wild-Type,Wild-Type,Wild-Type,Wild-Type,Wild-Type,Wild-Type,Wild-Type,Wild-Type,Wild-Type,Wild-Type,Wild-Type,Wild-Type,Wild-Type,Wild-Type,Mutated,Wild-Type,Wild-Type,Wild-Type,Wild-Type,Wild-Type
293,S424,Wild-Type,Wild-Type,Wild-Type,Wild-Type,Wild-Type,Wild-Type,Wild-Type,Wild-Type,Wild-Type,Wild-Type,Wild-Type,Wild-Type,Wild-Type,Wild-Type,Wild-Type,Wild-Type,Wild-Type,Wild-Type,Wild-Type,Wild-Type,Wild-Type,Wild-Type,Wild-Type,Mutated,Wild-Type,Mutated,Wild-Type,Wild-Type,Wild-Type,Wild-Type,Wild-Type,Wild-Type,Wild-Type,Wild-Type,Wild-Type,Wild-Type,Wild-Type,Wild-Type,Wild-Type,Wild-Type,Wild-Type,Wild-Type,Wild-Type,Wild-Type,Wild-Type,Wild-Type,Wild-Type,Wild-Type,Wild-Type,Wild-Type,Wild-Type,Wild-Type,Wild-Type,Wild-Type,Wild-Type,Wild-Type,Wild-Type,Wild-Type,Wild-Type,Wild-Type,Wild-Type,Wild-Type,Wild-Type,Wild-Type,Wild-Type,Wild-Type,Wild-Type,Wild-Type,Wild-Type,Wild-Type,Wild-Type,Wild-Type
294,S425,Wild-Type,Wild-Type,Wild-Type,Wild-Type,Wild-Type,Wild-Type,Wild-Type,Wild-Type,Wild-Type,Wild-Type,Wild-Type,Wild-Type,Wild-Type,Wild-Type,Wild-Type,Wild-Type,Wild-Type,Wild-Type,Wild-Type,Wild-Type,Wild-Type,Wild-Type,Wild-Type,Wild-Type,Wild-Type,Wild-Type,Wild-Type,Wild-Type,Wild-Type,Wild-Type,Wild-Type,Wild-Type,Wild-Type,Wild-Type,Wild-Type,Wild-Type,Wild-Type,Wild-Type,Wild-Type,Wild-Type,Wild-Type,Wild-Type,Wild-Type,Wild-Type,Wild-Type,Mutated,Wild-Type,Wild-Type,Wild-Type,Wild-Type,Wild-Type,Wild-Type,Wild-Type,Wild-Type,Wild-Type,Wild-Type,Wild-Type,Wild-Type,Wild-Type,Wild-Type,Wild-Type,Wild-Type,Wild-Type,Wild-Type,Wild-Type,Wild-Type,Wild-Type,Wild-Type,Wild-Type,Wild-Type,Wild-Type,Wild-Type
295,C245,Wild-Type,Wild-Type,Wild-Type,Wild-Type,Wild-Type,Wild-Type,Wild-Type,Wild-Type,Wild-Type,Wild-Type,Wild-Type,Wild-Type,Wild-Type,Wild-Type,Wild-Type,Wild-Type,Wild-Type,Wild-Type,Wild-Type,Wild-Type,Wild-Type,Wild-Type,Wild-Type,Wild-Type,Wild-Type,Wild-Type,Wild-Type,Wild-Type,Wild-Type,Wild-Type,Wild-Type,Wild-Type,Wild-Type,Mutated,Wild-Type,Wild-Type,Wild-Type,Mutated,Wild-Type,Wild-Type,Wild-Type,Wild-Type,Wild-Type,Wild-Type,Wild-Type,Wild-Type,Wild-Type,Wild-Type,Wild-Type,Wild-Type,Wild-Type,Wild-Type,Wild-Type,Wild-Type,Wild-Type,Wild-Type,Wild-Type,Wild-Type,Wild-Type,Wild-Type,Wild-Type,Wild-Type,Wild-Type,Wild-Type,Wild-Type,Wild-Type,Wild-Type,Wild-Type,Wild-Type,Wild-Type,Wild-Type,Wild-Type
296,S426,Wild-Type,Wild-Type,Wild-Type,Wild-Type,Wild-Type,Wild-Type,Wild-Type,Wild-Type,Wild-Type,Wild-Type,Wild-Type,Wild-Type,Wild-Type,Wild-Type,Wild-Type,Wild-Type,Wild-Type,Wild-Type,Wild-Type,Wild-Type,Wild-Type,Wild-Type,Wild-Type,Mutated,Wild-Type,Mutated,Wild-Type,Wild-Type,Wild-Type,Mutated,Wild-Type,Wild-Type,Wild-Type,Wild-Type,Wild-Type,Wild-Type,Wild-Type,Wild-Type,Wild-Type,Wild-Type,Wild-Type,Wild-Type,Wild-Type,Wild-Type,Mutated,Wild-Type,Wild-Type,Wild-Type,Wild-Type,Wild-Type,Wild-Type,Wild-Type,Wild-Type,Wild-Type,Wild-Type,Wild-Type,Wild-Type,Wild-Type,Wild-Type,Wild-Type,Wild-Type,Wild-Type,Wild-Type,Wild-Type,Wild-Type,Wild-Type,Wild-Type,Wild-Type,Wild-Type,Wild-Type,Wild-Type,Wild-Type
297,S427,Wild-Type,Wild-Type,Wild-Type,Wild-Type,Wild-Type,Wild-Type,Wild-Type,Wild-Type,Wild-Type,Wild-Type,Wild-Type,Wild-Type,Wild-Type,Wild-Type,Wild-Type,Wild-Type,Wild-Type,Wild-Type,Wild-Type,Wild-Type,Wild-Type,Wild-Type,Wild-Type,Wild-Type,Wild-Type,Wild-Type,Wild-Type,Wild-Type,Wild-Type,Wild-Type,Wild-Type,Wild-Type,Wild-Type,Wild-Type,Wild-Type,Wild-Type,Wild-Type,Wild-Type,Wild-Type,Wild-Type,Wild-Type,Wild-Type,Mutated,Wild-Type,Wild-Type,Wild-Type,Wild-Type,Wild-Type,Wild-Type,Wild-Type,Wild-Type,Wild-Type,Wild-Type,Wild-Type,Wild-Type,Wild-Type,Wild-Type,Wild-Type,Wild-Type,Wild-Type,Wild-Type,Wild-Type,Wild-Type,Wild-Type,Wild-Type,Wild-Type,Wild-Type,Mutated,Wild-Type,Wild-Type,Wild-Type,Wild-Type
298,C248,Wild-Type,Wild-Type,Wild-Type,Wild-Type,Wild-Type,Wild-Type,Wild-Type,Wild-Type,Wild-Type,Wild-Type,Wild-Type,Wild-Type,Wild-Type,Wild-Type,Wild-Type,Wild-Type,Wild-Type,Wild-Type,Wild-Type,Wild-Type,Wild-Type,Wild-Type,Wild-Type,Mutated,Wild-Type,Mutated,Wild-Type,Wild-Type,Wild-Type,Wild-Type,Wild-Type,Wild-Type,Wild-Type,Wild-Type,Wild-Type,Wild-Type,Wild-Type,Wild-Type,Wild-Type,Wild-Type,Wild-Type,Wild-Type,Wild-Type,Wild-Type,Wild-Type,Wild-Type,Wild-Type,Wild-Type,Wild-Type,Wild-Type,Wild-Type,Wild-Type,Wild-Type,Wild-Type,Wild-Type,Wild-Type,Wild-Type,Wild-Type,Wild-Type,Wild-Type,Wild-Type,Wild-Type,Wild-Type,Wild-Type,Wild-Type,Wild-Type,Wild-Type,Wild-Type,Wild-Type,Wild-Type,Wild-Type,Wild-Type
299,S430,Wild-Type,Wild-Type,Wild-Type,Wild-Type,Wild-Type,Wild-Type,Wild-Type,Wild-Type,Wild-Type,Wild-Type,Wild-Type,Wild-Type,Wild-Type,Wild-Type,Wild-Type,Mutated,Wild-Type,Wild-Type,Wild-Type,Wild-Type,Wild-Type,Wild-Type,Wild-Type,Mutated,Wild-Type,Mutated,Wild-Type,Wild-Type,Wild-Type,Mutated,Wild-Type,Wild-Type,Wild-Type,Wild-Type,Wild-Type,Wild-Type,Wild-Type,Wild-Type,Wild-Type,Wild-Type,Wild-Type,Wild-Type,Wild-Type,Wild-Type,Wild-Type,Wild-Type,Wild-Type,Wild-Type,Wild-Type,Wild-Type,Wild-Type,Wild-Type,Wild-Type,Wild-Type,Wild-Type,Wild-Type,Mutated,Wild-Type,Wild-Type,Wild-Type,Wild-Type,Wild-Type,Wild-Type,Wild-Type,Wild-Type,Wild-Type,Wild-Type,Wild-Type,Wild-Type,Wild-Type,Wild-Type,Wild-Type
300,C292,,,,,,,,,,,,,,,,,,,,,,,,Wild-Type,,Wild-Type,,,,,,,,,,,,,,,,,,,Wild-Type,,,,,,,,,,,,,,,,,,,,,,,,,,,
301,S431,Wild-Type,Wild-Type,Wild-Type,Wild-Type,Wild-Type,Wild-Type,Wild-Type,Wild-Type,Wild-Type,Wild-Type,Wild-Type,Wild-Type,Wild-Type,Wild-Type,Wild-Type,Wild-Type,Wild-Type,Wild-Type,Wild-Type,Wild-Type,Wild-Type,Wild-Type,Wild-Type,Mutated,Wild-Type,Wild-Type,Wild-Type,Wild-Type,Wild-Type,Wild-Type,Wild-Type,Wild-Type,Wild-Type,Wild-Type,Wild-Type,Wild-Type,Wild-Type,Wild-Type,Wild-Type,Wild-Type,Wild-Type,Wild-Type,Mutated,Wild-Type,Wild-Type,Wild-Type,Wild-Type,Wild-Type,Wild-Type,Wild-Type,Wild-Type,Wild-Type,Wild-Type,Wild-Type,Wild-Type,Wild-Type,Wild-Type,Wild-Type,Wild-Type,Wild-Type,Wild-Type,Wild-Type,Wild-Type,Wild-Type,Wild-Type,Wild-Type,Wild-Type,Mutated,Wild-Type,Wild-Type,Wild-Type,Wild-Type
302,S432,Wild-Type,Wild-Type,Wild-Type,Wild-Type,Wild-Type,Wild-Type,Wild-Type,Wild-Type,Wild-Type,Wild-Type,Wild-Type,Wild-Type,Wild-Type,Wild-Type,Wild-Type,Wild-Type,Wild-Type,Wild-Type,Wild-Type,Wild-Type,Wild-Type,Wild-Type,Wild-Type,Mutated,Wild-Type,Mutated,Wild-Type,Wild-Type,Wild-Type,Mutated,Wild-Type,Wild-Type,Wild-Type,Wild-Type,Wild-Type,Wild-Type,Wild-Type,Wild-Type,Wild-Type,Wild-Type,Wild-Type,Wild-Type,Wild-Type,Wild-Type,Mutated,Wild-Type,Wild-Type,Wild-Type,Wild-Type,Wild-Type,Wild-Type,Wild-Type,Wild-Type,Wild-Type,Wild-Type,Wild-Type,Wild-Type,Wild-Type,Wild-Type,Wild-Type,Wild-Type,Wild-Type,Mutated,Wild-Type,Wild-Type,Wild-Type,Wild-Type,Wild-Type,Wild-Type,Wild-Type,Wild-Type,Wild-Type
303,S433,Wild-Type,Wild-Type,Wild-Type,Wild-Type,Wild-Type,Wild-Type,Wild-Type,Wild-Type,Wild-Type,Wild-Type,Wild-Type,Wild-Type,Wild-Type,Wild-Type,Wild-Type,Wild-Type,Wild-Type,Wild-Type,Wild-Type,Wild-Type,Wild-Type,Wild-Type,Wild-Type,Wild-Type,Wild-Type,Wild-Type,Wild-Type,Wild-Type,Wild-Type,Wild-Type,Wild-Type,Wild-Type,Wild-Type,Wild-Type,Wild-Type,Wild-Type,Wild-Type,Wild-Type,Wild-Type,Wild-Type,Wild-Type,Wild-Type,Mutated,Wild-Type,Wild-Type,Wild-Type,Wild-Type,Wild-Type,Wild-Type,Wild-Type,Wild-Type,Wild-Type,Wild-Type,Wild-Type,Wild-Type,Wild-Type,Wild-Type,Wild-Type,Wild-Type,Wild-Type,Wild-Type,Wild-Type,Wild-Type,Wild-Type,Wild-Type,Wild-Type,Wild-Type,Wild-Type,Wild-Type,Wild-Type,Wild-Type,Wild-Type
304,S434,Wild-Type,Wild-Type,Wild-Type,Wild-Type,Wild-Type,Wild-Type,Wild-Type,Wild-Type,Wild-Type,Wild-Type,Wild-Type,Wild-Type,Wild-Type,Wild-Type,Wild-Type,Wild-Type,Wild-Type,Wild-Type,Wild-Type,Wild-Type,Wild-Type,Wild-Type,Wild-Type,Wild-Type,Wild-Type,Wild-Type,Wild-Type,Wild-Type,Wild-Type,Wild-Type,Wild-Type,Wild-Type,Wild-Type,Mutated,Wild-Type,Wild-Type,Wild-Type,Wild-Type,Wild-Type,Wild-Type,Wild-Type,Wild-Type,Wild-Type,Wild-Type,Wild-Type,Wild-Type,Wild-Type,Wild-Type,Wild-Type,Wild-Type,Wild-Type,Wild-Type,Wild-Type,Wild-Type,Wild-Type,Wild-Type,Wild-Type,Wild-Type,Wild-Type,Wild-Type,Wild-Type,Wild-Type,Wild-Type,Wild-Type,Wild-Type,Wild-Type,Wild-Type,Wild-Type,Wild-Type,Wild-Type,Wild-Type,Wild-Type
305,C258,Wild-Type,Wild-Type,Wild-Type,Wild-Type,Wild-Type,Wild-Type,Wild-Type,Wild-Type,Wild-Type,Wild-Type,Wild-Type,Wild-Type,Wild-Type,Wild-Type,Wild-Type,Wild-Type,Wild-Type,Wild-Type,Wild-Type,Wild-Type,Wild-Type,Wild-Type,Wild-Type,Mutated,Wild-Type,Mutated,Wild-Type,Wild-Type,Mutated,Wild-Type,Wild-Type,Mutated,Wild-Type,Wild-Type,Wild-Type,Wild-Type,Wild-Type,Wild-Type,Wild-Type,Wild-Type,Wild-Type,Wild-Type,Wild-Type,Wild-Type,Wild-Type,Wild-Type,Wild-Type,Wild-Type,Wild-Type,Wild-Type,Wild-Type,Wild-Type,Wild-Type,Wild-Type,Wild-Type,Wild-Type,Mutated,Wild-Type,Wild-Type,Wild-Type,Wild-Type,Wild-Type,Wild-Type,Wild-Type,Wild-Type,Wild-Type,Wild-Type,Wild-Type,Mutated,Wild-Type,Wild-Type,Wild-Type
306,S435,Mutated,Wild-Type,Wild-Type,Wild-Type,Wild-Type,Wild-Type,Wild-Type,Wild-Type,Wild-Type,Wild-Type,Mutated,Wild-Type,Wild-Type,Wild-Type,Wild-Type,Wild-Type,Wild-Type,Mutated,Wild-Type,Wild-Type,Wild-Type,Wild-Type,Wild-Type,Wild-Type,Wild-Type,Wild-Type,Wild-Type,Wild-Type,Wild-Type,Mutated,Wild-Type,Wild-Type,Wild-Type,Wild-Type,Wild-Type,Wild-Type,Mutated,Wild-Type,Wild-Type,Wild-Type,Wild-Type,Wild-Type,Wild-Type,Wild-Type,Wild-Type,Wild-Type,Wild-Type,Wild-Type,Wild-Type,Wild-Type,Wild-Type,Wild-Type,Wild-Type,Wild-Type,Wild-Type,Wild-Type,Wild-Type,Wild-Type,Wild-Type,Wild-Type,Wild-Type,Wild-Type,Wild-Type,Wild-Type,Wild-Type,Wild-Type,Wild-Type,Wild-Type,Wild-Type,Wild-Type,Wild-Type,Wild-Type
307,S436,Wild-Type,Wild-Type,Wild-Type,Wild-Type,Wild-Type,Wild-Type,Wild-Type,Wild-Type,Wild-Type,Wild-Type,Wild-Type,Wild-Type,Wild-Type,Wild-Type,Wild-Type,Wild-Type,Wild-Type,Wild-Type,Wild-Type,Wild-Type,Wild-Type,Wild-Type,Wild-Type,Wild-Type,Wild-Type,Wild-Type,Wild-Type,Wild-Type,Wild-Type,Wild-Type,Wild-Type,Wild-Type,Wild-Type,Wild-Type,Wild-Type,Wild-Type,Wild-Type,Wild-Type,Wild-Type,Wild-Type,Wild-Type,Wild-Type,Mutated,Wild-Type,Wild-Type,Wild-Type,Wild-Type,Wild-Type,Wild-Type,Wild-Type,Wild-Type,Wild-Type,Wild-Type,Wild-Type,Wild-Type,Wild-Type,Wild-Type,Wild-Type,Wild-Type,Wild-Type,Wild-Type,Wild-Type,Wild-Type,Wild-Type,Wild-Type,Wild-Type,Wild-Type,Mutated,Wild-Type,Wild-Type,Wild-Type,Wild-Type
308,S437,Mutated,Wild-Type,Wild-Type,Wild-Type,Wild-Type,Wild-Type,Wild-Type,Wild-Type,Wild-Type,Wild-Type,Wild-Type,Wild-Type,Wild-Type,Wild-Type,Wild-Type,Wild-Type,Wild-Type,Wild-Type,Wild-Type,Wild-Type,Wild-Type,Wild-Type,Wild-Type,Wild-Type,Wild-Type,Wild-Type,Wild-Type,Wild-Type,Wild-Type,Wild-Type,Wild-Type,Wild-Type,Wild-Type,Wild-Type,Wild-Type,Wild-Type,Wild-Type,Wild-Type,Wild-Type,Wild-Type,Wild-Type,Wild-Type,Wild-Type,Wild-Type,Wild-Type,Wild-Type,Wild-Type,Wild-Type,Wild-Type,Wild-Type,Mutated,Wild-Type,Wild-Type,Wild-Type,Wild-Type,Wild-Type,Mutated,Wild-Type,Wild-Type,Wild-Type,Wild-Type,Wild-Type,Wild-Type,Wild-Type,Wild-Type,Wild-Type,Wild-Type,Wild-Type,Wild-Type,Wild-Type,Wild-Type,Wild-Type
309,S438,Wild-Type,Wild-Type,Wild-Type,Wild-Type,Wild-Type,Wild-Type,Wild-Type,Wild-Type,Wild-Type,Wild-Type,Wild-Type,Wild-Type,Wild-Type,Wild-Type,Wild-Type,Mutated,Wild-Type,Wild-Type,Wild-Type,Wild-Type,Wild-Type,Wild-Type,Wild-Type,Wild-Type,Wild-Type,Wild-Type,Wild-Type,Wild-Type,Wild-Type,Mutated,Wild-Type,Wild-Type,Wild-Type,Wild-Type,Wild-Type,Wild-Type,Wild-Type,Wild-Type,Wild-Type,Wild-Type,Wild-Type,Wild-Type,Wild-Type,Wild-Type,Mutated,Wild-Type,Wild-Type,Wild-Type,Wild-Type,Wild-Type,Wild-Type,Wild-Type,Wild-Type,Wild-Type,Wild-Type,Wild-Type,Wild-Type,Wild-Type,Wild-Type,Wild-Type,Wild-Type,Wild-Type,Wild-Type,Wild-Type,Wild-Type,Wild-Type,Wild-Type,Wild-Type,Wild-Type,Wild-Type,Wild-Type,Wild-Type
310,C262,,,,,,,,,,,,,,,,,,,,,,,,Wild-Type,,Wild-Type,,,,,,,,,,,,,,,,,,,Mutated,,,,,,,,,,,,,,,,,,,,,,,,,,,
311,S439,Wild-Type,Wild-Type,Wild-Type,Wild-Type,Wild-Type,Wild-Type,Wild-Type,Wild-Type,Wild-Type,Wild-Type,Wild-Type,Wild-Type,Wild-Type,Wild-Type,Wild-Type,Mutated,Wild-Type,Wild-Type,Wild-Type,Wild-Type,Wild-Type,Wild-Type,Wild-Type,Wild-Type,Wild-Type,Wild-Type,Wild-Type,Wild-Type,Wild-Type,Wild-Type,Wild-Type,Wild-Type,Wild-Type,Wild-Type,Wild-Type,Wild-Type,Wild-Type,Wild-Type,Wild-Type,Wild-Type,Wild-Type,Wild-Type,Wild-Type,Wild-Type,Mutated,Wild-Type,Wild-Type,Wild-Type,Wild-Type,Wild-Type,Wild-Type,Wild-Type,Wild-Type,Wild-Type,Wild-Type,Wild-Type,Wild-Type,Wild-Type,Wild-Type,Wild-Type,Wild-Type,Wild-Type,Wild-Type,Wild-Type,Wild-Type,Wild-Type,Mutated,Wild-Type,Wild-Type,Wild-Type,Wild-Type,Wild-Type
312,C266,Wild-Type,Wild-Type,Wild-Type,Wild-Type,Wild-Type,Wild-Type,Wild-Type,Wild-Type,Wild-Type,Wild-Type,Wild-Type,Wild-Type,Wild-Type,Wild-Type,Wild-Type,Wild-Type,Wild-Type,Wild-Type,Wild-Type,Wild-Type,Wild-Type,Wild-Type,Wild-Type,Mutated,Wild-Type,Wild-Type,Wild-Type,Wild-Type,Wild-Type,Wild-Type,Wild-Type,Wild-Type,Wild-Type,Wild-Type,Wild-Type,Wild-Type,Wild-Type,Wild-Type,Wild-Type,Wild-Type,Wild-Type,Wild-Type,Wild-Type,Wild-Type,Wild-Type,Wild-Type,Wild-Type,Wild-Type,Wild-Type,Wild-Type,Wild-Type,Wild-Type,Wild-Type,Wild-Type,Wild-Type,Wild-Type,Wild-Type,Wild-Type,Wild-Type,Wild-Type,Wild-Type,Wild-Type,Wild-Type,Wild-Type,Wild-Type,Wild-Type,Wild-Type,Wild-Type,Wild-Type,Wild-Type,Wild-Type,Wild-Type
313,S440,Wild-Type,Wild-Type,Wild-Type,Wild-Type,Wild-Type,Wild-Type,Wild-Type,Wild-Type,Wild-Type,Wild-Type,Wild-Type,Wild-Type,Wild-Type,Wild-Type,Wild-Type,Wild-Type,Wild-Type,Wild-Type,Wild-Type,Wild-Type,Wild-Type,Wild-Type,Wild-Type,Mutated,Wild-Type,Wild-Type,Wild-Type,Wild-Type,Wild-Type,Wild-Type,Wild-Type,Wild-Type,Wild-Type,Wild-Type,Wild-Type,Wild-Type,Wild-Type,Wild-Type,Wild-Type,Wild-Type,Wild-Type,Wild-Type,Wild-Type,Wild-Type,Wild-Type,Wild-Type,Wild-Type,Wild-Type,Wild-Type,Wild-Type,Wild-Type,Wild-Type,Wild-Type,Wild-Type,Wild-Type,Wild-Type,Wild-Type,Wild-Type,Wild-Type,Wild-Type,Wild-Type,Wild-Type,Wild-Type,Mutated,Mutated,Wild-Type,Wild-Type,Wild-Type,Wild-Type,Wild-Type,Wild-Type,Wild-Type
314,S441,Wild-Type,Wild-Type,Wild-Type,Wild-Type,Wild-Type,Wild-Type,Wild-Type,Wild-Type,Wild-Type,Wild-Type,Wild-Type,Wild-Type,Wild-Type,Wild-Type,Wild-Type,Wild-Type,Wild-Type,Wild-Type,Wild-Type,Wild-Type,Wild-Type,Wild-Type,Wild-Type,Mutated,Wild-Type,Mutated,Wild-Type,Wild-Type,Wild-Type,Wild-Type,Wild-Type,Wild-Type,Wild-Type,Wild-Type,Wild-Type,Wild-Type,Wild-Type,Wild-Type,Wild-Type,Wild-Type,Wild-Type,Wild-Type,Wild-Type,Wild-Type,Wild-Type,Wild-Type,Wild-Type,Wild-Type,Wild-Type,Wild-Type,Wild-Type,Wild-Type,Wild-Type,Wild-Type,Wild-Type,Wild-Type,Wild-Type,Wild-Type,Wild-Type,Wild-Type,Wild-Type,Wild-Type,Wild-Type,Wild-Type,Wild-Type,Wild-Type,Wild-Type,Wild-Type,Wild-Type,Wild-Type,Wild-Type,Wild-Type
315,S600,Wild-Type,Wild-Type,Wild-Type,Wild-Type,Wild-Type,Wild-Type,Wild-Type,Wild-Type,Wild-Type,Wild-Type,Mutated,Wild-Type,Wild-Type,Wild-Type,Wild-Type,Wild-Type,Wild-Type,Wild-Type,Wild-Type,Wild-Type,Wild-Type,Wild-Type,Wild-Type,Wild-Type,Wild-Type,Wild-Type,Wild-Type,Wild-Type,Wild-Type,Wild-Type,Wild-Type,Wild-Type,Wild-Type,Wild-Type,Wild-Type,Wild-Type,Wild-Type,Wild-Type,Wild-Type,Wild-Type,Wild-Type,Wild-Type,Wild-Type,Wild-Type,Mutated,Wild-Type,Wild-Type,Wild-Type,Wild-Type,Wild-Type,Mutated,Mutated,Wild-Type,Wild-Type,Wild-Type,Wild-Type,Wild-Type,Wild-Type,Wild-Type,Wild-Type,Wild-Type,Wild-Type,Wild-Type,Wild-Type,Wild-Type,Wild-Type,Mutated,Wild-Type,Wild-Type,Wild-Type,Wild-Type,Wild-Type
316,S443,Wild-Type,Wild-Type,Wild-Type,Wild-Type,Wild-Type,Wild-Type,Wild-Type,Wild-Type,Wild-Type,Wild-Type,Wild-Type,Wild-Type,Wild-Type,Wild-Type,Wild-Type,Wild-Type,Wild-Type,Wild-Type,Wild-Type,Wild-Type,Wild-Type,Wild-Type,Wild-Type,Mutated,Wild-Type,Wild-Type,Wild-Type,Wild-Type,Wild-Type,Wild-Type,Wild-Type,Wild-Type,Wild-Type,Wild-Type,Wild-Type,Wild-Type,Wild-Type,Wild-Type,Wild-Type,Wild-Type,Wild-Type,Wild-Type,Wild-Type,Wild-Type,Wild-Type,Wild-Type,Wild-Type,Wild-Type,Wild-Type,Wild-Type,Wild-Type,Wild-Type,Wild-Type,Wild-Type,Wild-Type,Wild-Type,Mutated,Wild-Type,Wild-Type,Wild-Type,Wild-Type,Wild-Type,Wild-Type,Wild-Type,Wild-Type,Wild-Type,Wild-Type,Wild-Type,Wild-Type,Wild-Type,Wild-Type,Wild-Type
317,S601,Wild-Type,Wild-Type,Wild-Type,Wild-Type,Wild-Type,Wild-Type,Wild-Type,Wild-Type,Wild-Type,Wild-Type,Wild-Type,Wild-Type,Wild-Type,Wild-Type,Wild-Type,Wild-Type,Wild-Type,Wild-Type,Wild-Type,Wild-Type,Wild-Type,Wild-Type,Wild-Type,Mutated,Wild-Type,Wild-Type,Wild-Type,Wild-Type,Wild-Type,Wild-Type,Wild-Type,Wild-Type,Wild-Type,Wild-Type,Wild-Type,Wild-Type,Wild-Type,Wild-Type,Wild-Type,Wild-Type,Wild-Type,Wild-Type,Wild-Type,Wild-Type,Wild-Type,Mutated,Wild-Type,Wild-Type,Wild-Type,Wild-Type,Wild-Type,Wild-Type,Wild-Type,Wild-Type,Wild-Type,Wild-Type,Mutated,Wild-Type,Wild-Type,Wild-Type,Wild-Type,Wild-Type,Mutated,Wild-Type,Wild-Type,Wild-Type,Wild-Type,Wild-Type,Wild-Type,Wild-Type,Wild-Type,Wild-Type
318,S444,Wild-Type,Wild-Type,Wild-Type,Wild-Type,Wild-Type,Wild-Type,Wild-Type,Wild-Type,Wild-Type,Wild-Type,Wild-Type,Wild-Type,Wild-Type,Wild-Type,Wild-Type,Wild-Type,Wild-Type,Wild-Type,Wild-Type,Wild-Type,Wild-Type,Wild-Type,Wild-Type,Wild-Type,Wild-Type,Wild-Type,Wild-Type,Wild-Type,Wild-Type,Wild-Type,Wild-Type,Wild-Type,Wild-Type,Wild-Type,Wild-Type,Wild-Type,Wild-Type,Wild-Type,Wild-Type,Wild-Type,Wild-Type,Wild-Type,Wild-Type,Wild-Type,Wild-Type,Wild-Type,Wild-Type,Wild-Type,Wild-Type,Wild-Type,Wild-Type,Wild-Type,Wild-Type,Wild-Type,Wild-Type,Wild-Type,Wild-Type,Wild-Type,Wild-Type,Mutated,Wild-Type,Wild-Type,Wild-Type,Wild-Type,Wild-Type,Wild-Type,Wild-Type,Wild-Type,Wild-Type,Wild-Type,Wild-Type,Wild-Type
319,S446,Wild-Type,Wild-Type,Wild-Type,Wild-Type,Wild-Type,Wild-Type,Wild-Type,Wild-Type,Wild-Type,Wild-Type,Wild-Type,Wild-Type,Wild-Type,Wild-Type,Wild-Type,Wild-Type,Wild-Type,Wild-Type,Wild-Type,Wild-Type,Wild-Type,Wild-Type,Wild-Type,Mutated,Wild-Type,Mutated,Wild-Type,Wild-Type,Wild-Type,Wild-Type,Wild-Type,Wild-Type,Wild-Type,Wild-Type,Wild-Type,Wild-Type,Wild-Type,Wild-Type,Wild-Type,Wild-Type,Wild-Type,Wild-Type,Wild-Type,Wild-Type,Wild-Type,Wild-Type,Wild-Type,Wild-Type,Wild-Type,Wild-Type,Wild-Type,Wild-Type,Wild-Type,Wild-Type,Wild-Type,Wild-Type,Wild-Type,Wild-Type,Wild-Type,Wild-Type,Wild-Type,Wild-Type,Wild-Type,Wild-Type,Wild-Type,Wild-Type,Wild-Type,Wild-Type,Wild-Type,Wild-Type,Wild-Type,Wild-Type
320,S447,Wild-Type,Wild-Type,Wild-Type,Wild-Type,Wild-Type,Wild-Type,Wild-Type,Wild-Type,Wild-Type,Wild-Type,Wild-Type,Wild-Type,Wild-Type,Wild-Type,Wild-Type,Wild-Type,Wild-Type,Wild-Type,Wild-Type,Wild-Type,Wild-Type,Wild-Type,Wild-Type,Mutated,Wild-Type,Wild-Type,Wild-Type,Wild-Type,Wild-Type,Wild-Type,Wild-Type,Wild-Type,Wild-Type,Wild-Type,Wild-Type,Wild-Type,Wild-Type,Wild-Type,Wild-Type,Wild-Type,Wild-Type,Wild-Type,Wild-Type,Wild-Type,Mutated,Wild-Type,Wild-Type,Wild-Type,Wild-Type,Wild-Type,Wild-Type,Wild-Type,Wild-Type,Wild-Type,Wild-Type,Wild-Type,Wild-Type,Wild-Type,Wild-Type,Wild-Type,Wild-Type,Wild-Type,Wild-Type,Mutated,Wild-Type,Wild-Type,Wild-Type,Wild-Type,Wild-Type,Wild-Type,Mutated,Wild-Type
321,S448,Wild-Type,Wild-Type,Wild-Type,Wild-Type,Wild-Type,Wild-Type,Wild-Type,Wild-Type,Wild-Type,Wild-Type,Wild-Type,Wild-Type,Wild-Type,Wild-Type,Wild-Type,Wild-Type,Wild-Type,Wild-Type,Wild-Type,Wild-Type,Wild-Type,Wild-Type,Wild-Type,Wild-Type,Wild-Type,Wild-Type,Wild-Type,Wild-Type,Wild-Type,Wild-Type,Wild-Type,Wild-Type,Wild-Type,Wild-Type,Wild-Type,Wild-Type,Wild-Type,Mutated,Wild-Type,Wild-Type,Wild-Type,Wild-Type,Wild-Type,Wild-Type,Wild-Type,Wild-Type,Wild-Type,Wild-Type,Wild-Type,Wild-Type,Wild-Type,Wild-Type,Wild-Type,Wild-Type,Wild-Type,Wild-Type,Wild-Type,Wild-Type,Wild-Type,Wild-Type,Wild-Type,Wild-Type,Wild-Type,Wild-Type,Wild-Type,Wild-Type,Wild-Type,Mutated,Wild-Type,Wild-Type,Wild-Type,Wild-Type
322,S449,Wild-Type,Wild-Type,Wild-Type,Wild-Type,Wild-Type,Wild-Type,Wild-Type,Wild-Type,Wild-Type,Wild-Type,Wild-Type,Wild-Type,Wild-Type,Wild-Type,Wild-Type,Wild-Type,Wild-Type,Wild-Type,Wild-Type,Wild-Type,Wild-Type,Wild-Type,Wild-Type,Wild-Type,Wild-Type,Wild-Type,Wild-Type,Wild-Type,Wild-Type,Mutated,Wild-Type,Wild-Type,Wild-Type,Wild-Type,Wild-Type,Wild-Type,Wild-Type,Wild-Type,Wild-Type,Wild-Type,Wild-Type,Wild-Type,Wild-Type,Wild-Type,Mutated,Wild-Type,Wild-Type,Wild-Type,Wild-Type,Wild-Type,Wild-Type,Wild-Type,Wild-Type,Wild-Type,Wild-Type,Wild-Type,Wild-Type,Wild-Type,Wild-Type,Wild-Type,Wild-Type,Wild-Type,Mutated,Wild-Type,Wild-Type,Wild-Type,Wild-Type,Wild-Type,Wild-Type,Wild-Type,Wild-Type,Wild-Type
323,S450,Mutated,Wild-Type,Wild-Type,Wild-Type,Wild-Type,Mutated,Wild-Type,Wild-Type,Wild-Type,Wild-Type,Wild-Type,Wild-Type,Wild-Type,Wild-Type,Mutated,Wild-Type,Wild-Type,Wild-Type,Wild-Type,Mutated,Wild-Type,Wild-Type,Wild-Type,Wild-Type,Wild-Type,Wild-Type,Wild-Type,Wild-Type,Wild-Type,Mutated,Wild-Type,Wild-Type,Wild-Type,Wild-Type,Wild-Type,Wild-Type,Wild-Type,Wild-Type,Wild-Type,Wild-Type,Wild-Type,Wild-Type,Wild-Type,Wild-Type,Wild-Type,Wild-Type,Wild-Type,Wild-Type,Mutated,Wild-Type,Mutated,Wild-Type,Wild-Type,Wild-Type,Wild-Type,Wild-Type,Mutated,Wild-Type,Wild-Type,Wild-Type,Wild-Type,Wild-Type,Wild-Type,Wild-Type,Wild-Type,Wild-Type,Wild-Type,Wild-Type,Wild-Type,Wild-Type,Wild-Type,Wild-Type
324,S451,Wild-Type,Wild-Type,Wild-Type,Wild-Type,Wild-Type,Wild-Type,Wild-Type,Wild-Type,Wild-Type,Wild-Type,Wild-Type,Wild-Type,Wild-Type,Wild-Type,Wild-Type,Wild-Type,Wild-Type,Wild-Type,Wild-Type,Wild-Type,Wild-Type,Wild-Type,Wild-Type,Wild-Type,Wild-Type,Wild-Type,Wild-Type,Wild-Type,Wild-Type,Wild-Type,Wild-Type,Wild-Type,Wild-Type,Wild-Type,Wild-Type,Wild-Type,Wild-Type,Wild-Type,Wild-Type,Wild-Type,Wild-Type,Wild-Type,Wild-Type,Wild-Type,Mutated,Mutated,Wild-Type,Wild-Type,Wild-Type,Wild-Type,Wild-Type,Wild-Type,Wild-Type,Wild-Type,Wild-Type,Wild-Type,Wild-Type,Wild-Type,Wild-Type,Mutated,Wild-Type,Wild-Type,Wild-Type,Wild-Type,Wild-Type,Wild-Type,Mutated,Wild-Type,Wild-Type,Wild-Type,Wild-Type,Wild-Type
325,C277,Wild-Type,Wild-Type,Wild-Type,Wild-Type,Wild-Type,Wild-Type,Wild-Type,Wild-Type,Wild-Type,Wild-Type,Wild-Type,Wild-Type,Wild-Type,Wild-Type,Wild-Type,Wild-Type,Wild-Type,Wild-Type,Wild-Type,Wild-Type,Wild-Type,Wild-Type,Wild-Type,Wild-Type,Wild-Type,Wild-Type,Wild-Type,Wild-Type,Wild-Type,Wild-Type,Wild-Type,Wild-Type,Wild-Type,Wild-Type,Wild-Type,Wild-Type,Wild-Type,Wild-Type,Wild-Type,Wild-Type,Wild-Type,Wild-Type,Wild-Type,Wild-Type,Mutated,Mutated,Wild-Type,Wild-Type,Wild-Type,Wild-Type,Wild-Type,Wild-Type,Wild-Type,Wild-Type,Wild-Type,Wild-Type,Wild-Type,Wild-Type,Wild-Type,Mutated,Wild-Type,Wild-Type,Wild-Type,Wild-Type,Wild-Type,Wild-Type,Wild-Type,Wild-Type,Wild-Type,Wild-Type,Wild-Type,Wild-Type
326,S452,Wild-Type,Wild-Type,Wild-Type,Wild-Type,Wild-Type,Wild-Type,Wild-Type,Wild-Type,Wild-Type,Wild-Type,Wild-Type,Wild-Type,Wild-Type,Wild-Type,Wild-Type,Wild-Type,Wild-Type,Wild-Type,Wild-Type,Wild-Type,Wild-Type,Wild-Type,Wild-Type,Mutated,Wild-Type,Wild-Type,Wild-Type,Wild-Type,Wild-Type,Wild-Type,Wild-Type,Wild-Type,Wild-Type,Wild-Type,Wild-Type,Wild-Type,Wild-Type,Wild-Type,Wild-Type,Wild-Type,Wild-Type,Wild-Type,Wild-Type,Wild-Type,Mutated,Wild-Type,Wild-Type,Wild-Type,Wild-Type,Wild-Type,Wild-Type,Wild-Type,Wild-Type,Wild-Type,Wild-Type,Wild-Type,Wild-Type,Wild-Type,Wild-Type,Wild-Type,Wild-Type,Wild-Type,Wild-Type,Wild-Type,Wild-Type,Wild-Type,Mutated,Wild-Type,Wild-Type,Wild-Type,Wild-Type,Wild-Type
327,S453,Wild-Type,Wild-Type,Wild-Type,Wild-Type,Wild-Type,Wild-Type,Wild-Type,Wild-Type,Wild-Type,Wild-Type,Wild-Type,Wild-Type,Wild-Type,Wild-Type,Wild-Type,Wild-Type,Wild-Type,Wild-Type,Wild-Type,Wild-Type,Wild-Type,Wild-Type,Wild-Type,Wild-Type,Wild-Type,Wild-Type,Wild-Type,Wild-Type,Wild-Type,Wild-Type,Wild-Type,Wild-Type,Wild-Type,Wild-Type,Wild-Type,Wild-Type,Wild-Type,Mutated,Wild-Type,Wild-Type,Wild-Type,Wild-Type,Wild-Type,Wild-Type,Wild-Type,Wild-Type,Wild-Type,Wild-Type,Wild-Type,Wild-Type,Wild-Type,Wild-Type,Wild-Type,Wild-Type,Wild-Type,Wild-Type,Wild-Type,Wild-Type,Wild-Type,Wild-Type,Wild-Type,Wild-Type,Wild-Type,Wild-Type,Wild-Type,Wild-Type,Wild-Type,Wild-Type,Mutated,Wild-Type,Wild-Type,Wild-Type
328,C280,Wild-Type,Wild-Type,Wild-Type,Wild-Type,Wild-Type,Wild-Type,Wild-Type,Wild-Type,Wild-Type,Wild-Type,Wild-Type,Wild-Type,Wild-Type,Wild-Type,Wild-Type,Wild-Type,Wild-Type,Wild-Type,Wild-Type,Wild-Type,Wild-Type,Wild-Type,Wild-Type,Wild-Type,Wild-Type,Wild-Type,Wild-Type,Wild-Type,Wild-Type,Wild-Type,Wild-Type,Wild-Type,Wild-Type,Wild-Type,Wild-Type,Wild-Type,Wild-Type,Mutated,Wild-Type,Wild-Type,Wild-Type,Wild-Type,Wild-Type,Wild-Type,Wild-Type,Wild-Type,Wild-Type,Wild-Type,Wild-Type,Wild-Type,Wild-Type,Wild-Type,Wild-Type,Wild-Type,Wild-Type,Wild-Type,Wild-Type,Wild-Type,Wild-Type,Wild-Type,Wild-Type,Wild-Type,Wild-Type,Wild-Type,Wild-Type,Wild-Type,Wild-Type,Wild-Type,Mutated,Wild-Type,Wild-Type,Wild-Type
329,S454,Wild-Type,Wild-Type,Wild-Type,Wild-Type,Wild-Type,Wild-Type,Wild-Type,Wild-Type,Wild-Type,Wild-Type,Wild-Type,Wild-Type,Wild-Type,Wild-Type,Wild-Type,Wild-Type,Wild-Type,Wild-Type,Wild-Type,Wild-Type,Wild-Type,Wild-Type,Wild-Type,Wild-Type,Wild-Type,Wild-Type,Wild-Type,Wild-Type,Wild-Type,Wild-Type,Wild-Type,Wild-Type,Wild-Type,Wild-Type,Wild-Type,Wild-Type,Wild-Type,Mutated,Wild-Type,Wild-Type,Wild-Type,Wild-Type,Wild-Type,Wild-Type,Wild-Type,Wild-Type,Wild-Type,Wild-Type,Wild-Type,Wild-Type,Wild-Type,Wild-Type,Wild-Type,Wild-Type,Wild-Type,Wild-Type,Wild-Type,Wild-Type,Wild-Type,Wild-Type,Wild-Type,Wild-Type,Wild-Type,Wild-Type,Wild-Type,Wild-Type,Wild-Type,Wild-Type,Mutated,Wild-Type,Wild-Type,Wild-Type
330,S455,Wild-Type,Wild-Type,Wild-Type,Wild-Type,Wild-Type,Wild-Type,Wild-Type,Wild-Type,Wild-Type,Wild-Type,Wild-Type,Wild-Type,Wild-Type,Wild-Type,Wild-Type,Wild-Type,Wild-Type,Wild-Type,Wild-Type,Wild-Type,Wild-Type,Wild-Type,Wild-Type,Wild-Type,Wild-Type,Wild-Type,Wild-Type,Wild-Type,Wild-Type,Wild-Type,Wild-Type,Wild-Type,Wild-Type,Wild-Type,Wild-Type,Wild-Type,Wild-Type,Mutated,Wild-Type,Wild-Type,Wild-Type,Wild-Type,Wild-Type,Wild-Type,Wild-Type,Wild-Type,Wild-Type,Wild-Type,Wild-Type,Wild-Type,Wild-Type,Wild-Type,Wild-Type,Wild-Type,Wild-Type,Wild-Type,Wild-Type,Wild-Type,Wild-Type,Wild-Type,Wild-Type,Wild-Type,Wild-Type,Wild-Type,Wild-Type,Wild-Type,Wild-Type,Wild-Type,Mutated,Wild-Type,Wild-Type,Wild-Type
331,C281,Wild-Type,Wild-Type,Wild-Type,Wild-Type,Wild-Type,Wild-Type,Wild-Type,Wild-Type,Wild-Type,Wild-Type,Wild-Type,Wild-Type,Wild-Type,Wild-Type,Wild-Type,Wild-Type,Wild-Type,Wild-Type,Wild-Type,Wild-Type,Wild-Type,Wild-Type,Wild-Type,Wild-Type,Wild-Type,Wild-Type,Wild-Type,Wild-Type,Wild-Type,Wild-Type,Wild-Type,Mutated,Wild-Type,Wild-Type,Wild-Type,Wild-Type,Wild-Type,Wild-Type,Wild-Type,Wild-Type,Wild-Type,Wild-Type,Wild-Type,Wild-Type,Wild-Type,Wild-Type,Wild-Type,Wild-Type,Wild-Type,Wild-Type,Wild-Type,Wild-Type,Wild-Type,Wild-Type,Wild-Type,Wild-Type,Wild-Type,Wild-Type,Wild-Type,Wild-Type,Wild-Type,Wild-Type,Wild-Type,Wild-Type,Wild-Type,Wild-Type,Wild-Type,Mutated,Wild-Type,Wild-Type,Wild-Type,Wild-Type
332,S456,Wild-Type,Wild-Type,Wild-Type,Wild-Type,Mutated,Wild-Type,Wild-Type,Wild-Type,Wild-Type,Wild-Type,Wild-Type,Wild-Type,Wild-Type,Wild-Type,Wild-Type,Wild-Type,Wild-Type,Wild-Type,Wild-Type,Wild-Type,Wild-Type,Wild-Type,Wild-Type,Mutated,Mutated,Wild-Type,Wild-Type,Wild-Type,Wild-Type,Wild-Type,Wild-Type,Wild-Type,Wild-Type,Wild-Type,Wild-Type,Wild-Type,Wild-Type,Wild-Type,Wild-Type,Mutated,Wild-Type,Wild-Type,Wild-Type,Wild-Type,Wild-Type,Wild-Type,Wild-Type,Wild-Type,Wild-Type,Wild-Type,Wild-Type,Wild-Type,Wild-Type,Wild-Type,Wild-Type,Wild-Type,Wild-Type,Wild-Type,Wild-Type,Wild-Type,Wild-Type,Wild-Type,Wild-Type,Wild-Type,Wild-Type,Wild-Type,Wild-Type,Wild-Type,Wild-Type,Wild-Type,Wild-Type,Wild-Type
333,C283,Wild-Type,Wild-Type,Wild-Type,Wild-Type,Wild-Type,Wild-Type,Wild-Type,Wild-Type,Wild-Type,Wild-Type,Wild-Type,Wild-Type,Wild-Type,Wild-Type,Wild-Type,Mutated,Wild-Type,Wild-Type,Wild-Type,Wild-Type,Wild-Type,Wild-Type,Wild-Type,Wild-Type,Wild-Type,Wild-Type,Wild-Type,Wild-Type,Wild-Type,Mutated,Wild-Type,Wild-Type,Wild-Type,Wild-Type,Wild-Type,Wild-Type,Wild-Type,Wild-Type,Wild-Type,Wild-Type,Wild-Type,Wild-Type,Wild-Type,Wild-Type,Mutated,Wild-Type,Wild-Type,Wild-Type,Wild-Type,Wild-Type,Wild-Type,Wild-Type,Wild-Type,Wild-Type,Wild-Type,Wild-Type,Wild-Type,Wild-Type,Wild-Type,Wild-Type,Wild-Type,Wild-Type,Wild-Type,Wild-Type,Wild-Type,Wild-Type,Wild-Type,Wild-Type,Wild-Type,Wild-Type,Wild-Type,Wild-Type
334,C596,,,,,,,,,,,,,,,,,,,,,,,,,,,,,,,,,,,,,,,,,,,,,,,,,,,,,,,,,,,,,,,,,,,,,,,,
335,S602,Wild-Type,Wild-Type,Wild-Type,Wild-Type,Wild-Type,Wild-Type,Wild-Type,Wild-Type,Wild-Type,Wild-Type,Wild-Type,Wild-Type,Wild-Type,Wild-Type,Wild-Type,Wild-Type,Wild-Type,Wild-Type,Wild-Type,Wild-Type,Wild-Type,Wild-Type,Wild-Type,Mutated,Wild-Type,Wild-Type,Wild-Type,Wild-Type,Wild-Type,Wild-Type,Wild-Type,Wild-Type,Wild-Type,Wild-Type,Wild-Type,Wild-Type,Wild-Type,Wild-Type,Wild-Type,Wild-Type,Wild-Type,Wild-Type,Wild-Type,Wild-Type,Wild-Type,Wild-Type,Wild-Type,Wild-Type,Wild-Type,Wild-Type,Wild-Type,Wild-Type,Wild-Type,Wild-Type,Wild-Type,Wild-Type,Wild-Type,Wild-Type,Wild-Type,Wild-Type,Wild-Type,Wild-Type,Wild-Type,Wild-Type,Wild-Type,Wild-Type,Wild-Type,Wild-Type,Wild-Type,Wild-Type,Wild-Type,Wild-Type
336,S457,Wild-Type,Wild-Type,Wild-Type,Wild-Type,Wild-Type,Wild-Type,Wild-Type,Wild-Type,Wild-Type,Wild-Type,Wild-Type,Wild-Type,Wild-Type,Wild-Type,Wild-Type,Wild-Type,Wild-Type,Wild-Type,Wild-Type,Wild-Type,Wild-Type,Wild-Type,Wild-Type,Mutated,Wild-Type,Mutated,Wild-Type,Wild-Type,Wild-Type,Wild-Type,Mutated,Wild-Type,Wild-Type,Wild-Type,Wild-Type,Wild-Type,Wild-Type,Wild-Type,Wild-Type,Wild-Type,Wild-Type,Wild-Type,Wild-Type,Wild-Type,Mutated,Wild-Type,Wild-Type,Wild-Type,Wild-Type,Wild-Type,Wild-Type,Wild-Type,Wild-Type,Wild-Type,Wild-Type,Wild-Type,Wild-Type,Wild-Type,Wild-Type,Wild-Type,Wild-Type,Wild-Type,Wild-Type,Wild-Type,Wild-Type,Wild-Type,Wild-Type,Wild-Type,Wild-Type,Wild-Type,Wild-Type,Wild-Type
337,S458,Wild-Type,Wild-Type,Wild-Type,Wild-Type,Wild-Type,Wild-Type,Wild-Type,Wild-Type,Wild-Type,Wild-Type,Wild-Type,Wild-Type,Wild-Type,Wild-Type,Wild-Type,Mutated,Wild-Type,Wild-Type,Wild-Type,Wild-Type,Wild-Type,Wild-Type,Wild-Type,Mutated,Wild-Type,Mutated,Wild-Type,Wild-Type,Wild-Type,Wild-Type,Wild-Type,Wild-Type,Wild-Type,Wild-Type,Wild-Type,Wild-Type,Wild-Type,Wild-Type,Wild-Type,Wild-Type,Wild-Type,Wild-Type,Wild-Type,Wild-Type,Mutated,Wild-Type,Wild-Type,Wild-Type,Wild-Type,Wild-Type,Wild-Type,Wild-Type,Wild-Type,Wild-Type,Wild-Type,Wild-Type,Wild-Type,Wild-Type,Wild-Type,Wild-Type,Wild-Type,Wild-Type,Wild-Type,Wild-Type,Wild-Type,Wild-Type,Wild-Type,Wild-Type,Wild-Type,Wild-Type,Wild-Type,Wild-Type
338,S459,Wild-Type,Wild-Type,Wild-Type,Wild-Type,Mutated,Wild-Type,Wild-Type,Wild-Type,Wild-Type,Wild-Type,Wild-Type,Wild-Type,Wild-Type,Wild-Type,Wild-Type,Mutated,Wild-Type,Wild-Type,Wild-Type,Wild-Type,Wild-Type,Wild-Type,Wild-Type,Mutated,Wild-Type,Mutated,Wild-Type,Wild-Type,Wild-Type,Wild-Type,Wild-Type,Wild-Type,Wild-Type,Mutated,Wild-Type,Wild-Type,Wild-Type,Wild-Type,Wild-Type,Wild-Type,Wild-Type,Wild-Type,Wild-Type,Wild-Type,Mutated,Mutated,Wild-Type,Wild-Type,Wild-Type,Wild-Type,Wild-Type,Wild-Type,Wild-Type,Wild-Type,Wild-Type,Wild-Type,Wild-Type,Wild-Type,Wild-Type,Wild-Type,Wild-Type,Wild-Type,Wild-Type,Wild-Type,Wild-Type,Wild-Type,Wild-Type,Wild-Type,Wild-Type,Wild-Type,Wild-Type,Wild-Type
339,C286,Wild-Type,Wild-Type,Wild-Type,Wild-Type,Mutated,Wild-Type,Wild-Type,Wild-Type,Wild-Type,Wild-Type,Wild-Type,Wild-Type,Wild-Type,Wild-Type,Wild-Type,Mutated,Wild-Type,Wild-Type,Wild-Type,Wild-Type,Wild-Type,Wild-Type,Wild-Type,Mutated,Wild-Type,Mutated,Wild-Type,Wild-Type,Wild-Type,Wild-Type,Wild-Type,Wild-Type,Wild-Type,Wild-Type,Wild-Type,Wild-Type,Wild-Type,Wild-Type,Wild-Type,Wild-Type,Wild-Type,Wild-Type,Wild-Type,Wild-Type,Mutated,Mutated,Wild-Type,Wild-Type,Wild-Type,Wild-Type,Wild-Type,Wild-Type,Wild-Type,Wild-Type,Wild-Type,Wild-Type,Wild-Type,Wild-Type,Wild-Type,Wild-Type,Wild-Type,Wild-Type,Wild-Type,Wild-Type,Wild-Type,Wild-Type,Wild-Type,Wild-Type,Wild-Type,Wild-Type,Wild-Type,Wild-Type
340,S460,Wild-Type,Wild-Type,Wild-Type,Wild-Type,Wild-Type,Wild-Type,Wild-Type,Wild-Type,Wild-Type,Wild-Type,Wild-Type,Wild-Type,Wild-Type,Wild-Type,Wild-Type,Wild-Type,Wild-Type,Wild-Type,Wild-Type,Wild-Type,Wild-Type,Wild-Type,Wild-Type,Wild-Type,Wild-Type,Wild-Type,Wild-Type,Wild-Type,Wild-Type,Wild-Type,Wild-Type,Wild-Type,Wild-Type,Wild-Type,Wild-Type,Wild-Type,Wild-Type,Wild-Type,Wild-Type,Wild-Type,Wild-Type,Wild-Type,Wild-Type,Wild-Type,Wild-Type,Wild-Type,Wild-Type,Wild-Type,Wild-Type,Wild-Type,Wild-Type,Wild-Type,Wild-Type,Wild-Type,Wild-Type,Wild-Type,Wild-Type,Wild-Type,Wild-Type,Wild-Type,Wild-Type,Wild-Type,Wild-Type,Wild-Type,Wild-Type,Wild-Type,Mutated,Wild-Type,Wild-Type,Wild-Type,Wild-Type,Wild-Type
341,S461,Wild-Type,Wild-Type,Wild-Type,Wild-Type,Wild-Type,Wild-Type,Wild-Type,Wild-Type,Wild-Type,Wild-Type,Wild-Type,Wild-Type,Wild-Type,Wild-Type,Wild-Type,Mutated,Wild-Type,Wild-Type,Mutated,Wild-Type,Wild-Type,Wild-Type,Wild-Type,Mutated,Wild-Type,Mutated,Wild-Type,Wild-Type,Wild-Type,Wild-Type,Wild-Type,Wild-Type,Wild-Type,Wild-Type,Wild-Type,Wild-Type,Wild-Type,Wild-Type,Wild-Type,Wild-Type,Wild-Type,Wild-Type,Wild-Type,Wild-Type,Wild-Type,Wild-Type,Wild-Type,Wild-Type,Wild-Type,Wild-Type,Wild-Type,Wild-Type,Wild-Type,Wild-Type,Wild-Type,Wild-Type,Wild-Type,Wild-Type,Wild-Type,Wild-Type,Wild-Type,Wild-Type,Wild-Type,Wild-Type,Wild-Type,Wild-Type,Mutated,Wild-Type,Wild-Type,Wild-Type,Wild-Type,Wild-Type
342,C291,,,,,,,,,,,,,,,,,,,,,,,,Wild-Type,,Wild-Type,,,,,,,,,,,,,,,,,,,Wild-Type,,,,,,,,,,,,,,,,,,,,,,,,,,,
343,C546,Wild-Type,Wild-Type,Wild-Type,Wild-Type,Wild-Type,Wild-Type,Wild-Type,Wild-Type,Wild-Type,Wild-Type,Wild-Type,Wild-Type,Wild-Type,Wild-Type,Wild-Type,Wild-Type,Wild-Type,Wild-Type,Wild-Type,Mutated,Wild-Type,Wild-Type,Wild-Type,Wild-Type,Wild-Type,Wild-Type,Wild-Type,Wild-Type,Wild-Type,Wild-Type,Wild-Type,Wild-Type,Wild-Type,Wild-Type,Wild-Type,Wild-Type,Wild-Type,Wild-Type,Wild-Type,Wild-Type,Wild-Type,Wild-Type,Wild-Type,Wild-Type,Wild-Type,Wild-Type,Wild-Type,Wild-Type,Wild-Type,Wild-Type,Mutated,Wild-Type,Wild-Type,Wild-Type,Wild-Type,Wild-Type,Wild-Type,Wild-Type,Wild-Type,Wild-Type,Wild-Type,Wild-Type,Wild-Type,Wild-Type,Wild-Type,Wild-Type,Wild-Type,Wild-Type,Wild-Type,Wild-Type,Wild-Type,Wild-Type
344,C296,Wild-Type,Wild-Type,Wild-Type,Wild-Type,Wild-Type,Wild-Type,Wild-Type,Wild-Type,Wild-Type,Wild-Type,Wild-Type,Wild-Type,Wild-Type,Wild-Type,Wild-Type,Wild-Type,Wild-Type,Wild-Type,Wild-Type,Wild-Type,Wild-Type,Wild-Type,Wild-Type,Mutated,Wild-Type,Mutated,Wild-Type,Wild-Type,Wild-Type,Wild-Type,Wild-Type,Wild-Type,Wild-Type,Wild-Type,Wild-Type,Wild-Type,Wild-Type,Wild-Type,Wild-Type,Wild-Type,Wild-Type,Wild-Type,Wild-Type,Wild-Type,Wild-Type,Wild-Type,Wild-Type,Wild-Type,Wild-Type,Wild-Type,Wild-Type,Wild-Type,Wild-Type,Wild-Type,Wild-Type,Wild-Type,Wild-Type,Wild-Type,Wild-Type,Wild-Type,Wild-Type,Wild-Type,Wild-Type,Wild-Type,Wild-Type,Wild-Type,Wild-Type,Wild-Type,Wild-Type,Wild-Type,Wild-Type,Wild-Type
345,S464,Wild-Type,Wild-Type,Wild-Type,Wild-Type,Wild-Type,Wild-Type,Wild-Type,Wild-Type,Wild-Type,Wild-Type,Wild-Type,Wild-Type,Wild-Type,Wild-Type,Wild-Type,Wild-Type,Wild-Type,Wild-Type,Wild-Type,Wild-Type,Wild-Type,Wild-Type,Wild-Type,Wild-Type,Wild-Type,Wild-Type,Wild-Type,Wild-Type,Wild-Type,Wild-Type,Wild-Type,Wild-Type,Wild-Type,Wild-Type,Wild-Type,Wild-Type,Wild-Type,Wild-Type,Wild-Type,Mutated,Wild-Type,Wild-Type,Wild-Type,Wild-Type,Wild-Type,Wild-Type,Wild-Type,Wild-Type,Wild-Type,Wild-Type,Wild-Type,Wild-Type,Wild-Type,Wild-Type,Wild-Type,Wild-Type,Mutated,Wild-Type,Wild-Type,Wild-Type,Wild-Type,Wild-Type,Wild-Type,Wild-Type,Wild-Type,Wild-Type,Wild-Type,Wild-Type,Wild-Type,Wild-Type,Wild-Type,Wild-Type
346,S465,Wild-Type,Wild-Type,Wild-Type,Wild-Type,Wild-Type,Wild-Type,Wild-Type,Wild-Type,Wild-Type,Wild-Type,Wild-Type,Wild-Type,Wild-Type,Wild-Type,Wild-Type,Wild-Type,Wild-Type,Wild-Type,Wild-Type,Wild-Type,Wild-Type,Wild-Type,Wild-Type,Wild-Type,Wild-Type,Wild-Type,Wild-Type,Wild-Type,Wild-Type,Wild-Type,Mutated,Wild-Type,Wild-Type,Wild-Type,Wild-Type,Wild-Type,Wild-Type,Mutated,Wild-Type,Wild-Type,Wild-Type,Wild-Type,Wild-Type,Wild-Type,Wild-Type,Wild-Type,Wild-Type,Wild-Type,Wild-Type,Wild-Type,Wild-Type,Wild-Type,Wild-Type,Wild-Type,Wild-Type,Wild-Type,Mutated,Wild-Type,Wild-Type,Mutated,Wild-Type,Wild-Type,Wild-Type,Wild-Type,Wild-Type,Wild-Type,Wild-Type,Wild-Type,Wild-Type,Wild-Type,Wild-Type,Wild-Type
347,C294,Wild-Type,Wild-Type,Wild-Type,Wild-Type,Wild-Type,Wild-Type,Wild-Type,Wild-Type,Wild-Type,Wild-Type,Wild-Type,Wild-Type,Wild-Type,Wild-Type,Wild-Type,Mutated,Wild-Type,Wild-Type,Wild-Type,Wild-Type,Wild-Type,Wild-Type,Wild-Type,Wild-Type,Wild-Type,Wild-Type,Wild-Type,Wild-Type,Wild-Type,Wild-Type,Wild-Type,Wild-Type,Wild-Type,Wild-Type,Wild-Type,Wild-Type,Wild-Type,Wild-Type,Wild-Type,Wild-Type,Wild-Type,Wild-Type,Wild-Type,Wild-Type,Wild-Type,Wild-Type,Wild-Type,Wild-Type,Wild-Type,Wild-Type,Wild-Type,Wild-Type,Wild-Type,Wild-Type,Wild-Type,Wild-Type,Wild-Type,Wild-Type,Wild-Type,Wild-Type,Wild-Type,Wild-Type,Wild-Type,Wild-Type,Wild-Type,Wild-Type,Wild-Type,Wild-Type,Wild-Type,Wild-Type,Wild-Type,Wild-Type
348,S466,Wild-Type,Wild-Type,Wild-Type,Wild-Type,Wild-Type,Wild-Type,Wild-Type,Mutated,Wild-Type,Wild-Type,Wild-Type,Wild-Type,Wild-Type,Wild-Type,Wild-Type,Mutated,Wild-Type,Wild-Type,Wild-Type,Wild-Type,Wild-Type,Wild-Type,Wild-Type,Wild-Type,Wild-Type,Wild-Type,Wild-Type,Wild-Type,Wild-Type,Wild-Type,Wild-Type,Wild-Type,Wild-Type,Wild-Type,Wild-Type,Wild-Type,Wild-Type,Wild-Type,Wild-Type,Wild-Type,Wild-Type,Wild-Type,Wild-Type,Wild-Type,Wild-Type,Wild-Type,Wild-Type,Wild-Type,Wild-Type,Wild-Type,Wild-Type,Wild-Type,Wild-Type,Wild-Type,Wild-Type,Wild-Type,Wild-Type,Wild-Type,Wild-Type,Wild-Type,Wild-Type,Wild-Type,Wild-Type,Wild-Type,Wild-Type,Wild-Type,Wild-Type,Wild-Type,Wild-Type,Wild-Type,Wild-Type,Wild-Type
349,S467,Wild-Type,Wild-Type,Wild-Type,Wild-Type,Wild-Type,Wild-Type,Wild-Type,Wild-Type,Wild-Type,Wild-Type,Wild-Type,Wild-Type,Wild-Type,Wild-Type,Wild-Type,Wild-Type,Wild-Type,Wild-Type,Wild-Type,Wild-Type,Wild-Type,Wild-Type,Wild-Type,Wild-Type,Wild-Type,Wild-Type,Wild-Type,Wild-Type,Wild-Type,Wild-Type,Wild-Type,Wild-Type,Wild-Type,Wild-Type,Wild-Type,Wild-Type,Wild-Type,Wild-Type,Wild-Type,Wild-Type,Wild-Type,Wild-Type,Wild-Type,Wild-Type,Wild-Type,Wild-Type,Wild-Type,Wild-Type,Wild-Type,Wild-Type,Wild-Type,Wild-Type,Wild-Type,Wild-Type,Wild-Type,Wild-Type,Wild-Type,Wild-Type,Wild-Type,Wild-Type,Wild-Type,Wild-Type,Wild-Type,Wild-Type,Wild-Type,Wild-Type,Mutated,Wild-Type,Wild-Type,Wild-Type,Wild-Type,Wild-Type
350,C422,Wild-Type,Wild-Type,Wild-Type,Wild-Type,Wild-Type,Wild-Type,Wild-Type,Wild-Type,Wild-Type,Wild-Type,Mutated,Wild-Type,Wild-Type,Wild-Type,Wild-Type,Wild-Type,Mutated,Wild-Type,Wild-Type,Wild-Type,Mutated,Wild-Type,Wild-Type,Wild-Type,Wild-Type,Wild-Type,Mutated,Wild-Type,Wild-Type,Wild-Type,Wild-Type,Wild-Type,Wild-Type,Wild-Type,Wild-Type,Wild-Type,Wild-Type,Wild-Type,Wild-Type,Wild-Type,Wild-Type,Wild-Type,Wild-Type,Wild-Type,Mutated,Wild-Type,Wild-Type,Wild-Type,Wild-Type,Wild-Type,Wild-Type,Wild-Type,Wild-Type,Wild-Type,Wild-Type,Wild-Type,Wild-Type,Wild-Type,Wild-Type,Wild-Type,Wild-Type,Wild-Type,Wild-Type,Wild-Type,Wild-Type,Wild-Type,Wild-Type,Wild-Type,Wild-Type,Wild-Type,Wild-Type,Wild-Type
351,S469,Wild-Type,Wild-Type,Wild-Type,Wild-Type,Wild-Type,Wild-Type,Wild-Type,Wild-Type,Wild-Type,Wild-Type,Wild-Type,Wild-Type,Wild-Type,Mutated,Wild-Type,Wild-Type,Wild-Type,Wild-Type,Wild-Type,Wild-Type,Wild-Type,Wild-Type,Wild-Type,Wild-Type,Wild-Type,Wild-Type,Wild-Type,Wild-Type,Wild-Type,Wild-Type,Wild-Type,Wild-Type,Wild-Type,Wild-Type,Wild-Type,Wild-Type,Wild-Type,Wild-Type,Wild-Type,Wild-Type,Wild-Type,Wild-Type,Mutated,Wild-Type,Wild-Type,Wild-Type,Wild-Type,Wild-Type,Wild-Type,Wild-Type,Wild-Type,Wild-Type,Wild-Type,Wild-Type,Wild-Type,Wild-Type,Wild-Type,Wild-Type,Wild-Type,Wild-Type,Wild-Type,Wild-Type,Wild-Type,Wild-Type,Wild-Type,Wild-Type,Wild-Type,Mutated,Wild-Type,Wild-Type,Wild-Type,Wild-Type
352,S470,Wild-Type,Wild-Type,Wild-Type,Wild-Type,Wild-Type,Wild-Type,Wild-Type,Wild-Type,Wild-Type,Wild-Type,Wild-Type,Wild-Type,Wild-Type,Wild-Type,Wild-Type,Wild-Type,Wild-Type,Wild-Type,Wild-Type,Wild-Type,Wild-Type,Wild-Type,Wild-Type,Wild-Type,Wild-Type,Wild-Type,Wild-Type,Wild-Type,Wild-Type,Wild-Type,Wild-Type,Wild-Type,Wild-Type,Mutated,Wild-Type,Wild-Type,Wild-Type,Wild-Type,Wild-Type,Wild-Type,Wild-Type,Wild-Type,Wild-Type,Wild-Type,Mutated,Mutated,Wild-Type,Wild-Type,Wild-Type,Wild-Type,Wild-Type,Wild-Type,Wild-Type,Wild-Type,Wild-Type,Wild-Type,Wild-Type,Wild-Type,Wild-Type,Wild-Type,Wild-Type,Wild-Type,Wild-Type,Wild-Type,Wild-Type,Wild-Type,Wild-Type,Wild-Type,Wild-Type,Wild-Type,Wild-Type,Wild-Type
353,S472,Wild-Type,Wild-Type,Wild-Type,Wild-Type,Wild-Type,Wild-Type,Wild-Type,Wild-Type,Wild-Type,Wild-Type,Wild-Type,Wild-Type,Wild-Type,Wild-Type,Wild-Type,Mutated,Wild-Type,Wild-Type,Wild-Type,Wild-Type,Mutated,Wild-Type,Wild-Type,Wild-Type,Wild-Type,Wild-Type,Wild-Type,Wild-Type,Wild-Type,Wild-Type,Wild-Type,Wild-Type,Wild-Type,Wild-Type,Wild-Type,Wild-Type,Wild-Type,Wild-Type,Wild-Type,Wild-Type,Wild-Type,Wild-Type,Wild-Type,Wild-Type,Wild-Type,Wild-Type,Wild-Type,Wild-Type,Wild-Type,Wild-Type,Wild-Type,Wild-Type,Wild-Type,Wild-Type,Wild-Type,Wild-Type,Mutated,Wild-Type,Wild-Type,Wild-Type,Wild-Type,Wild-Type,Wild-Type,Wild-Type,Wild-Type,Wild-Type,Wild-Type,Wild-Type,Wild-Type,Wild-Type,Wild-Type,Wild-Type
354,S473,Wild-Type,Wild-Type,Wild-Type,Wild-Type,Wild-Type,Wild-Type,Wild-Type,Wild-Type,Wild-Type,Wild-Type,Wild-Type,Wild-Type,Wild-Type,Wild-Type,Wild-Type,Wild-Type,Wild-Type,Wild-Type,Wild-Type,Wild-Type,Wild-Type,Wild-Type,Wild-Type,Mutated,Wild-Type,Mutated,Wild-Type,Wild-Type,Wild-Type,Wild-Type,Wild-Type,Wild-Type,Wild-Type,Wild-Type,Wild-Type,Wild-Type,Wild-Type,Wild-Type,Wild-Type,Wild-Type,Wild-Type,Wild-Type,Wild-Type,Wild-Type,Mutated,Wild-Type,Wild-Type,Wild-Type,Wild-Type,Wild-Type,Wild-Type,Wild-Type,Wild-Type,Wild-Type,Wild-Type,Wild-Type,Wild-Type,Wild-Type,Wild-Type,Wild-Type,Wild-Type,Wild-Type,Wild-Type,Wild-Type,Wild-Type,Wild-Type,Mutated,Wild-Type,Wild-Type,Wild-Type,Wild-Type,Wild-Type
355,S474,Wild-Type,Wild-Type,Wild-Type,Wild-Type,Wild-Type,Wild-Type,Wild-Type,Wild-Type,Wild-Type,Wild-Type,Wild-Type,Wild-Type,Wild-Type,Wild-Type,Wild-Type,Wild-Type,Wild-Type,Wild-Type,Wild-Type,Wild-Type,Wild-Type,Wild-Type,Wild-Type,Mutated,Mutated,Wild-Type,Wild-Type,Wild-Type,Wild-Type,Wild-Type,Wild-Type,Wild-Type,Wild-Type,Wild-Type,Wild-Type,Wild-Type,Wild-Type,Mutated,Wild-Type,Wild-Type,Wild-Type,Wild-Type,Wild-Type,Wild-Type,Wild-Type,Wild-Type,Wild-Type,Wild-Type,Wild-Type,Wild-Type,Wild-Type,Wild-Type,Wild-Type,Wild-Type,Wild-Type,Wild-Type,Wild-Type,Wild-Type,Wild-Type,Wild-Type,Wild-Type,Wild-Type,Wild-Type,Mutated,Wild-Type,Wild-Type,Wild-Type,Wild-Type,Wild-Type,Wild-Type,Wild-Type,Wild-Type
356,C567,,,,,,,,,,,,,,,,,,,,,,,,Wild-Type,,Wild-Type,,,,,,,,,,,,,,,,,,,Wild-Type,,,,,,,,,,,,,,,,,,,,,,,,,,,
357,C549,,,,,,,,,,,,,,,,,,,,,,,,Wild-Type,,Wild-Type,,,,,,,,,,,,,,,,,,,Wild-Type,,,,,,,,,,,,,,,,,,,,,,,,,,,
358,S475,Wild-Type,Wild-Type,Wild-Type,Wild-Type,Wild-Type,Wild-Type,Wild-Type,Wild-Type,Mutated,Wild-Type,Wild-Type,Wild-Type,Wild-Type,Wild-Type,Wild-Type,Wild-Type,Wild-Type,Wild-Type,Wild-Type,Wild-Type,Wild-Type,Wild-Type,Wild-Type,Mutated,Wild-Type,Wild-Type,Wild-Type,Wild-Type,Wild-Type,Wild-Type,Wild-Type,Wild-Type,Wild-Type,Wild-Type,Wild-Type,Wild-Type,Wild-Type,Wild-Type,Wild-Type,Wild-Type,Wild-Type,Wild-Type,Wild-Type,Wild-Type,Mutated,Wild-Type,Wild-Type,Wild-Type,Wild-Type,Wild-Type,Wild-Type,Wild-Type,Wild-Type,Wild-Type,Wild-Type,Wild-Type,Wild-Type,Wild-Type,Wild-Type,Wild-Type,Wild-Type,Wild-Type,Wild-Type,Wild-Type,Wild-Type,Wild-Type,Mutated,Wild-Type,Mutated,Wild-Type,Wild-Type,Wild-Type
359,C550,Wild-Type,Wild-Type,Wild-Type,Wild-Type,Wild-Type,Wild-Type,Wild-Type,Wild-Type,Wild-Type,Wild-Type,Wild-Type,Wild-Type,Wild-Type,Wild-Type,Wild-Type,Wild-Type,Wild-Type,Wild-Type,Wild-Type,Wild-Type,Wild-Type,Wild-Type,Wild-Type,Mutated,Wild-Type,Mutated,Wild-Type,Wild-Type,Wild-Type,Mutated,Wild-Type,Wild-Type,Wild-Type,Wild-Type,Wild-Type,Wild-Type,Wild-Type,Wild-Type,Wild-Type,Wild-Type,Wild-Type,Wild-Type,Wild-Type,Wild-Type,Mutated,Wild-Type,Wild-Type,Wild-Type,Wild-Type,Wild-Type,Wild-Type,Wild-Type,Wild-Type,Wild-Type,Wild-Type,Wild-Type,Wild-Type,Wild-Type,Wild-Type,Wild-Type,Wild-Type,Wild-Type,Wild-Type,Wild-Type,Wild-Type,Wild-Type,Wild-Type,Wild-Type,Wild-Type,Wild-Type,Wild-Type,Wild-Type
360,C304,Wild-Type,Wild-Type,Wild-Type,Wild-Type,Wild-Type,Wild-Type,Wild-Type,Wild-Type,Wild-Type,Wild-Type,Wild-Type,Wild-Type,Wild-Type,Wild-Type,Wild-Type,Mutated,Wild-Type,Wild-Type,Wild-Type,Wild-Type,Wild-Type,Wild-Type,Wild-Type,Mutated,Wild-Type,Mutated,Wild-Type,Wild-Type,Wild-Type,Wild-Type,Wild-Type,Wild-Type,Wild-Type,Wild-Type,Wild-Type,Wild-Type,Wild-Type,Wild-Type,Wild-Type,Wild-Type,Wild-Type,Wild-Type,Wild-Type,Wild-Type,Mutated,Wild-Type,Wild-Type,Wild-Type,Wild-Type,Wild-Type,Wild-Type,Wild-Type,Wild-Type,Wild-Type,Wild-Type,Wild-Type,Wild-Type,Wild-Type,Wild-Type,Wild-Type,Wild-Type,Wild-Type,Wild-Type,Wild-Type,Wild-Type,Wild-Type,Wild-Type,Wild-Type,Wild-Type,Wild-Type,Mutated,Wild-Type
361,S477,Wild-Type,Wild-Type,Wild-Type,Wild-Type,Wild-Type,Wild-Type,Wild-Type,Wild-Type,Wild-Type,Wild-Type,Wild-Type,Wild-Type,Wild-Type,Wild-Type,Wild-Type,Wild-Type,Wild-Type,Wild-Type,Wild-Type,Wild-Type,Wild-Type,Wild-Type,Wild-Type,Wild-Type,Wild-Type,Wild-Type,Wild-Type,Wild-Type,Wild-Type,Wild-Type,Wild-Type,Wild-Type,Wild-Type,Wild-Type,Wild-Type,Wild-Type,Wild-Type,Wild-Type,Wild-Type,Mutated,Wild-Type,Wild-Type,Wild-Type,Wild-Type,Wild-Type,Wild-Type,Wild-Type,Wild-Type,Wild-Type,Wild-Type,Wild-Type,Wild-Type,Wild-Type,Wild-Type,Wild-Type,Wild-Type,Wild-Type,Wild-Type,Wild-Type,Wild-Type,Wild-Type,Wild-Type,Wild-Type,Wild-Type,Wild-Type,Wild-Type,Wild-Type,Mutated,Wild-Type,Wild-Type,Wild-Type,Wild-Type
362,S478,Wild-Type,Wild-Type,Wild-Type,Wild-Type,Wild-Type,Wild-Type,Wild-Type,Wild-Type,Wild-Type,Wild-Type,Wild-Type,Wild-Type,Wild-Type,Wild-Type,Wild-Type,Wild-Type,Wild-Type,Wild-Type,Wild-Type,Wild-Type,Wild-Type,Wild-Type,Wild-Type,Wild-Type,Wild-Type,Wild-Type,Wild-Type,Wild-Type,Wild-Type,Wild-Type,Wild-Type,Wild-Type,Wild-Type,Wild-Type,Wild-Type,Wild-Type,Wild-Type,Wild-Type,Wild-Type,Wild-Type,Wild-Type,Wild-Type,Wild-Type,Wild-Type,Wild-Type,Wild-Type,Wild-Type,Wild-Type,Wild-Type,Wild-Type,Wild-Type,Wild-Type,Wild-Type,Wild-Type,Wild-Type,Wild-Type,Mutated,Wild-Type,Wild-Type,Wild-Type,Wild-Type,Wild-Type,Mutated,Wild-Type,Wild-Type,Wild-Type,Wild-Type,Wild-Type,Wild-Type,Wild-Type,Wild-Type,Wild-Type
363,S479,Wild-Type,Wild-Type,Wild-Type,Wild-Type,Wild-Type,Wild-Type,Wild-Type,Wild-Type,Wild-Type,Wild-Type,Wild-Type,Wild-Type,Wild-Type,Wild-Type,Wild-Type,Mutated,Wild-Type,Wild-Type,Wild-Type,Wild-Type,Wild-Type,Wild-Type,Wild-Type,Mutated,Wild-Type,Wild-Type,Wild-Type,Wild-Type,Wild-Type,Wild-Type,Wild-Type,Wild-Type,Wild-Type,Wild-Type,Wild-Type,Wild-Type,Wild-Type,Wild-Type,Wild-Type,Wild-Type,Wild-Type,Wild-Type,Wild-Type,Wild-Type,Mutated,Wild-Type,Wild-Type,Wild-Type,Wild-Type,Wild-Type,Mutated,Wild-Type,Wild-Type,Wild-Type,Wild-Type,Wild-Type,Wild-Type,Wild-Type,Wild-Type,Wild-Type,Wild-Type,Wild-Type,Wild-Type,Wild-Type,Wild-Type,Wild-Type,Wild-Type,Wild-Type,Wild-Type,Wild-Type,Wild-Type,Wild-Type
364,S480,Mutated,Wild-Type,Wild-Type,Wild-Type,Wild-Type,Wild-Type,Wild-Type,Wild-Type,Wild-Type,Wild-Type,Wild-Type,Wild-Type,Wild-Type,Wild-Type,Mutated,Wild-Type,Wild-Type,Wild-Type,Wild-Type,Wild-Type,Wild-Type,Wild-Type,Wild-Type,Wild-Type,Wild-Type,Wild-Type,Wild-Type,Wild-Type,Wild-Type,Wild-Type,Wild-Type,Wild-Type,Wild-Type,Wild-Type,Wild-Type,Wild-Type,Wild-Type,Mutated,Wild-Type,Wild-Type,Wild-Type,Wild-Type,Wild-Type,Wild-Type,Wild-Type,Mutated,Wild-Type,Wild-Type,Wild-Type,Wild-Type,Wild-Type,Wild-Type,Wild-Type,Wild-Type,Wild-Type,Wild-Type,Wild-Type,Wild-Type,Wild-Type,Wild-Type,Wild-Type,Wild-Type,Mutated,Mutated,Wild-Type,Wild-Type,Wild-Type,Wild-Type,Wild-Type,Wild-Type,Wild-Type,Wild-Type
365,S481,Wild-Type,Wild-Type,Wild-Type,Wild-Type,Wild-Type,Wild-Type,Wild-Type,Wild-Type,Wild-Type,Wild-Type,Wild-Type,Wild-Type,Wild-Type,Wild-Type,Wild-Type,Mutated,Wild-Type,Wild-Type,Wild-Type,Wild-Type,Wild-Type,Wild-Type,Wild-Type,Wild-Type,Wild-Type,Wild-Type,Wild-Type,Wild-Type,Wild-Type,Mutated,Wild-Type,Wild-Type,Wild-Type,Wild-Type,Mutated,Wild-Type,Wild-Type,Wild-Type,Wild-Type,Wild-Type,Wild-Type,Wild-Type,Wild-Type,Wild-Type,Wild-Type,Wild-Type,Wild-Type,Wild-Type,Wild-Type,Wild-Type,Wild-Type,Wild-Type,Wild-Type,Wild-Type,Wild-Type,Wild-Type,Wild-Type,Wild-Type,Wild-Type,Wild-Type,Wild-Type,Wild-Type,Wild-Type,Wild-Type,Wild-Type,Wild-Type,Wild-Type,Wild-Type,Wild-Type,Wild-Type,Wild-Type,Wild-Type
366,S482,Wild-Type,Wild-Type,Wild-Type,Wild-Type,Wild-Type,Wild-Type,Wild-Type,Wild-Type,Wild-Type,Wild-Type,Wild-Type,Wild-Type,Wild-Type,Wild-Type,Wild-Type,Wild-Type,Wild-Type,Wild-Type,Wild-Type,Wild-Type,Wild-Type,Wild-Type,Wild-Type,Wild-Type,Wild-Type,Wild-Type,Mutated,Wild-Type,Wild-Type,Wild-Type,Wild-Type,Wild-Type,Wild-Type,Wild-Type,Wild-Type,Wild-Type,Wild-Type,Wild-Type,Wild-Type,Wild-Type,Wild-Type,Wild-Type,Wild-Type,Wild-Type,Wild-Type,Mutated,Wild-Type,Wild-Type,Wild-Type,Wild-Type,Wild-Type,Wild-Type,Wild-Type,Wild-Type,Wild-Type,Wild-Type,Wild-Type,Wild-Type,Wild-Type,Wild-Type,Wild-Type,Wild-Type,Wild-Type,Wild-Type,Wild-Type,Wild-Type,Wild-Type,Wild-Type,Wild-Type,Wild-Type,Wild-Type,Wild-Type
367,S483,Wild-Type,Wild-Type,Wild-Type,Wild-Type,Wild-Type,Wild-Type,Wild-Type,Wild-Type,Wild-Type,Wild-Type,Wild-Type,Wild-Type,Wild-Type,Wild-Type,Wild-Type,Wild-Type,Wild-Type,Wild-Type,Wild-Type,Wild-Type,Wild-Type,Wild-Type,Wild-Type,Mutated,Wild-Type,Mutated,Wild-Type,Wild-Type,Mutated,Wild-Type,Wild-Type,Wild-Type,Wild-Type,Wild-Type,Wild-Type,Wild-Type,Wild-Type,Wild-Type,Wild-Type,Wild-Type,Wild-Type,Wild-Type,Wild-Type,Mutated,Mutated,Wild-Type,Wild-Type,Wild-Type,Wild-Type,Wild-Type,Wild-Type,Wild-Type,Wild-Type,Wild-Type,Wild-Type,Wild-Type,Wild-Type,Wild-Type,Wild-Type,Wild-Type,Wild-Type,Wild-Type,Wild-Type,Wild-Type,Wild-Type,Wild-Type,Wild-Type,Wild-Type,Wild-Type,Wild-Type,Wild-Type,Wild-Type
368,C555,Wild-Type,Wild-Type,Wild-Type,Wild-Type,Wild-Type,Wild-Type,Wild-Type,Wild-Type,Wild-Type,Wild-Type,Wild-Type,Wild-Type,Wild-Type,Wild-Type,Wild-Type,Wild-Type,Wild-Type,Wild-Type,Wild-Type,Wild-Type,Wild-Type,Wild-Type,Wild-Type,Wild-Type,Wild-Type,Wild-Type,Wild-Type,Wild-Type,Wild-Type,Wild-Type,Wild-Type,Wild-Type,Wild-Type,Wild-Type,Wild-Type,Wild-Type,Wild-Type,Mutated,Wild-Type,Mutated,Wild-Type,Wild-Type,Wild-Type,Wild-Type,Wild-Type,Wild-Type,Wild-Type,Wild-Type,Wild-Type,Wild-Type,Wild-Type,Wild-Type,Wild-Type,Wild-Type,Wild-Type,Wild-Type,Wild-Type,Wild-Type,Wild-Type,Wild-Type,Wild-Type,Wild-Type,Wild-Type,Wild-Type,Wild-Type,Wild-Type,Wild-Type,Wild-Type,Wild-Type,Wild-Type,Wild-Type,Wild-Type
369,C556,,,,,,,,,,,,,,,,,,,,,,,,Wild-Type,,Wild-Type,,,,,,,,,,,,,,,,,,,Mutated,,,,,,,,,,,,,,,,,,,,,,,,,,,
370,S485,Wild-Type,Wild-Type,Wild-Type,Wild-Type,Mutated,Wild-Type,Wild-Type,Wild-Type,Wild-Type,Wild-Type,Wild-Type,Wild-Type,Wild-Type,Wild-Type,Wild-Type,Wild-Type,Wild-Type,Wild-Type,Wild-Type,Wild-Type,Wild-Type,Wild-Type,Wild-Type,Mutated,Wild-Type,Mutated,Wild-Type,Wild-Type,Wild-Type,Wild-Type,Wild-Type,Wild-Type,Wild-Type,Wild-Type,Wild-Type,Wild-Type,Wild-Type,Wild-Type,Wild-Type,Wild-Type,Wild-Type,Wild-Type,Wild-Type,Wild-Type,Wild-Type,Wild-Type,Wild-Type,Wild-Type,Wild-Type,Wild-Type,Wild-Type,Wild-Type,Wild-Type,Wild-Type,Wild-Type,Wild-Type,Wild-Type,Wild-Type,Wild-Type,Wild-Type,Wild-Type,Wild-Type,Wild-Type,Wild-Type,Wild-Type,Wild-Type,Wild-Type,Wild-Type,Wild-Type,Wild-Type,Mutated,Wild-Type
371,S486,Mutated,Wild-Type,Wild-Type,Wild-Type,Wild-Type,Wild-Type,Wild-Type,Wild-Type,Wild-Type,Wild-Type,Wild-Type,Wild-Type,Wild-Type,Wild-Type,Wild-Type,Wild-Type,Wild-Type,Wild-Type,Wild-Type,Wild-Type,Wild-Type,Wild-Type,Wild-Type,Wild-Type,Wild-Type,Wild-Type,Wild-Type,Wild-Type,Wild-Type,Mutated,Wild-Type,Wild-Type,Wild-Type,Wild-Type,Wild-Type,Wild-Type,Wild-Type,Mutated,Wild-Type,Wild-Type,Wild-Type,Wild-Type,Wild-Type,Mutated,Wild-Type,Wild-Type,Wild-Type,Wild-Type,Wild-Type,Wild-Type,Wild-Type,Wild-Type,Wild-Type,Wild-Type,Wild-Type,Wild-Type,Mutated,Wild-Type,Wild-Type,Wild-Type,Mutated,Wild-Type,Mutated,Wild-Type,Wild-Type,Wild-Type,Wild-Type,Mutated,Wild-Type,Wild-Type,Wild-Type,Wild-Type
372,S487,Wild-Type,Wild-Type,Wild-Type,Wild-Type,Wild-Type,Wild-Type,Wild-Type,Wild-Type,Wild-Type,Wild-Type,Wild-Type,Wild-Type,Wild-Type,Wild-Type,Wild-Type,Wild-Type,Wild-Type,Wild-Type,Wild-Type,Wild-Type,Wild-Type,Wild-Type,Wild-Type,Wild-Type,Wild-Type,Wild-Type,Wild-Type,Wild-Type,Wild-Type,Wild-Type,Wild-Type,Mutated,Wild-Type,Wild-Type,Wild-Type,Wild-Type,Wild-Type,Wild-Type,Wild-Type,Wild-Type,Wild-Type,Wild-Type,Wild-Type,Wild-Type,Wild-Type,Wild-Type,Wild-Type,Wild-Type,Wild-Type,Wild-Type,Wild-Type,Wild-Type,Wild-Type,Wild-Type,Wild-Type,Wild-Type,Wild-Type,Wild-Type,Wild-Type,Mutated,Wild-Type,Wild-Type,Wild-Type,Wild-Type,Wild-Type,Wild-Type,Mutated,Mutated,Wild-Type,Wild-Type,Wild-Type,Wild-Type
373,S488,Mutated,Wild-Type,Wild-Type,Wild-Type,Wild-Type,Wild-Type,Wild-Type,Wild-Type,Wild-Type,Wild-Type,Wild-Type,Wild-Type,Wild-Type,Wild-Type,Wild-Type,Wild-Type,Wild-Type,Wild-Type,Wild-Type,Wild-Type,Wild-Type,Wild-Type,Wild-Type,Mutated,Wild-Type,Wild-Type,Wild-Type,Wild-Type,Wild-Type,Wild-Type,Wild-Type,Wild-Type,Wild-Type,Wild-Type,Wild-Type,Wild-Type,Wild-Type,Wild-Type,Wild-Type,Wild-Type,Wild-Type,Wild-Type,Wild-Type,Wild-Type,Wild-Type,Wild-Type,Wild-Type,Wild-Type,Wild-Type,Wild-Type,Wild-Type,Wild-Type,Wild-Type,Wild-Type,Wild-Type,Wild-Type,Wild-Type,Wild-Type,Wild-Type,Wild-Type,Wild-Type,Wild-Type,Mutated,Mutated,Wild-Type,Wild-Type,Wild-Type,Wild-Type,Wild-Type,Wild-Type,Wild-Type,Wild-Type
374,C561,Wild-Type,Wild-Type,Wild-Type,Wild-Type,Wild-Type,Wild-Type,Wild-Type,Wild-Type,Wild-Type,Wild-Type,Wild-Type,Wild-Type,Wild-Type,Wild-Type,Wild-Type,Wild-Type,Wild-Type,Wild-Type,Wild-Type,Wild-Type,Wild-Type,Wild-Type,Wild-Type,Mutated,Wild-Type,Mutated,Wild-Type,Wild-Type,Wild-Type,Wild-Type,Wild-Type,Wild-Type,Wild-Type,Wild-Type,Wild-Type,Wild-Type,Wild-Type,Wild-Type,Wild-Type,Wild-Type,Wild-Type,Wild-Type,Wild-Type,Wild-Type,Wild-Type,Mutated,Wild-Type,Wild-Type,Wild-Type,Wild-Type,Wild-Type,Wild-Type,Wild-Type,Wild-Type,Wild-Type,Wild-Type,Wild-Type,Wild-Type,Wild-Type,Wild-Type,Wild-Type,Wild-Type,Wild-Type,Wild-Type,Wild-Type,Wild-Type,Wild-Type,Wild-Type,Mutated,Wild-Type,Wild-Type,Wild-Type
375,C562,Mutated,Wild-Type,Wild-Type,Wild-Type,Wild-Type,Wild-Type,Wild-Type,Wild-Type,Wild-Type,Wild-Type,Wild-Type,Wild-Type,Wild-Type,Wild-Type,Wild-Type,Wild-Type,Wild-Type,Wild-Type,Wild-Type,Wild-Type,Wild-Type,Wild-Type,Wild-Type,Wild-Type,Wild-Type,Wild-Type,Wild-Type,Wild-Type,Wild-Type,Wild-Type,Wild-Type,Wild-Type,Wild-Type,Wild-Type,Wild-Type,Wild-Type,Wild-Type,Wild-Type,Wild-Type,Wild-Type,Wild-Type,Wild-Type,Wild-Type,Wild-Type,Wild-Type,Wild-Type,Wild-Type,Wild-Type,Wild-Type,Wild-Type,Wild-Type,Wild-Type,Wild-Type,Wild-Type,Wild-Type,Wild-Type,Wild-Type,Wild-Type,Wild-Type,Wild-Type,Wild-Type,Wild-Type,Wild-Type,Wild-Type,Wild-Type,Wild-Type,Mutated,Wild-Type,Wild-Type,Wild-Type,Wild-Type,Wild-Type
376,S489,Mutated,Wild-Type,Wild-Type,Wild-Type,Wild-Type,Wild-Type,Wild-Type,Wild-Type,Mutated,Wild-Type,Wild-Type,Wild-Type,Wild-Type,Wild-Type,Wild-Type,Wild-Type,Wild-Type,Wild-Type,Wild-Type,Wild-Type,Mutated,Wild-Type,Wild-Type,Wild-Type,Wild-Type,Wild-Type,Wild-Type,Wild-Type,Wild-Type,Wild-Type,Wild-Type,Wild-Type,Wild-Type,Wild-Type,Wild-Type,Wild-Type,Wild-Type,Wild-Type,Wild-Type,Wild-Type,Wild-Type,Wild-Type,Wild-Type,Wild-Type,Wild-Type,Wild-Type,Wild-Type,Wild-Type,Wild-Type,Wild-Type,Wild-Type,Wild-Type,Wild-Type,Wild-Type,Wild-Type,Wild-Type,Mutated,Wild-Type,Wild-Type,Wild-Type,Wild-Type,Wild-Type,Mutated,Mutated,Wild-Type,Wild-Type,Mutated,Wild-Type,Wild-Type,Wild-Type,Wild-Type,Wild-Type
377,C564,,,,,,,,,,,,,,,,,,,,,,,,,,,,,,,,,,,,,,,,,,,,,,,,,,,,,,,,,,,,,,,,,,,,,,,,
378,S490,Wild-Type,Wild-Type,Wild-Type,Wild-Type,Wild-Type,Mutated,Wild-Type,Wild-Type,Wild-Type,Wild-Type,Wild-Type,Wild-Type,Wild-Type,Wild-Type,Wild-Type,Wild-Type,Wild-Type,Wild-Type,Wild-Type,Wild-Type,Wild-Type,Wild-Type,Wild-Type,Wild-Type,Wild-Type,Wild-Type,Wild-Type,Wild-Type,Wild-Type,Wild-Type,Wild-Type,Wild-Type,Wild-Type,Wild-Type,Wild-Type,Wild-Type,Wild-Type,Wild-Type,Wild-Type,Wild-Type,Wild-Type,Wild-Type,Wild-Type,Wild-Type,Wild-Type,Mutated,Wild-Type,Wild-Type,Wild-Type,Wild-Type,Wild-Type,Wild-Type,Wild-Type,Wild-Type,Wild-Type,Wild-Type,Wild-Type,Wild-Type,Wild-Type,Wild-Type,Wild-Type,Wild-Type,Wild-Type,Wild-Type,Wild-Type,Wild-Type,Wild-Type,Wild-Type,Wild-Type,Wild-Type,Wild-Type,Wild-Type
379,S491,Wild-Type,Wild-Type,Wild-Type,Wild-Type,Wild-Type,Wild-Type,Wild-Type,Wild-Type,Wild-Type,Wild-Type,Wild-Type,Wild-Type,Wild-Type,Wild-Type,Wild-Type,Mutated,Wild-Type,Wild-Type,Wild-Type,Wild-Type,Wild-Type,Wild-Type,Wild-Type,Wild-Type,Wild-Type,Wild-Type,Wild-Type,Wild-Type,Wild-Type,Mutated,Wild-Type,Wild-Type,Wild-Type,Wild-Type,Wild-Type,Wild-Type,Wild-Type,Wild-Type,Wild-Type,Wild-Type,Wild-Type,Wild-Type,Wild-Type,Wild-Type,Wild-Type,Wild-Type,Wild-Type,Wild-Type,Mutated,Wild-Type,Wild-Type,Wild-Type,Wild-Type,Wild-Type,Wild-Type,Wild-Type,Wild-Type,Wild-Type,Wild-Type,Wild-Type,Wild-Type,Wild-Type,Wild-Type,Mutated,Wild-Type,Wild-Type,Wild-Type,Wild-Type,Wild-Type,Wild-Type,Wild-Type,Wild-Type
380,S492,Wild-Type,Wild-Type,Wild-Type,Wild-Type,Wild-Type,Wild-Type,Wild-Type,Wild-Type,Wild-Type,Wild-Type,Mutated,Wild-Type,Wild-Type,Wild-Type,Wild-Type,Wild-Type,Wild-Type,Wild-Type,Wild-Type,Wild-Type,Wild-Type,Wild-Type,Wild-Type,Mutated,Wild-Type,Mutated,Wild-Type,Wild-Type,Wild-Type,Wild-Type,Wild-Type,Wild-Type,Wild-Type,Wild-Type,Wild-Type,Wild-Type,Wild-Type,Wild-Type,Wild-Type,Wild-Type,Wild-Type,Wild-Type,Wild-Type,Wild-Type,Mutated,Wild-Type,Wild-Type,Wild-Type,Wild-Type,Wild-Type,Wild-Type,Wild-Type,Wild-Type,Wild-Type,Wild-Type,Wild-Type,Wild-Type,Wild-Type,Wild-Type,Wild-Type,Wild-Type,Wild-Type,Wild-Type,Wild-Type,Wild-Type,Wild-Type,Mutated,Wild-Type,Wild-Type,Wild-Type,Wild-Type,Wild-Type
381,S493,Wild-Type,Wild-Type,Wild-Type,Wild-Type,Wild-Type,Wild-Type,Wild-Type,Wild-Type,Wild-Type,Wild-Type,Wild-Type,Wild-Type,Wild-Type,Wild-Type,Wild-Type,Wild-Type,Wild-Type,Wild-Type,Wild-Type,Wild-Type,Wild-Type,Wild-Type,Wild-Type,Wild-Type,Wild-Type,Wild-Type,Mutated,Wild-Type,Wild-Type,Wild-Type,Wild-Type,Wild-Type,Wild-Type,Wild-Type,Wild-Type,Wild-Type,Wild-Type,Wild-Type,Wild-Type,Wild-Type,Wild-Type,Wild-Type,Wild-Type,Wild-Type,Mutated,Wild-Type,Wild-Type,Wild-Type,Wild-Type,Wild-Type,Wild-Type,Wild-Type,Wild-Type,Wild-Type,Wild-Type,Wild-Type,Wild-Type,Wild-Type,Wild-Type,Wild-Type,Wild-Type,Wild-Type,Wild-Type,Wild-Type,Wild-Type,Wild-Type,Wild-Type,Wild-Type,Wild-Type,Wild-Type,Wild-Type,Wild-Type
382,C310,,,,,,,,,,,,,,,,,,,,,,,,,,,,,,,,,,,,,,,,,,,,,,,,,,,,,,,,,,,,,,,,,,,,,,,,
383,S603,Wild-Type,Wild-Type,Wild-Type,Wild-Type,Wild-Type,Wild-Type,Wild-Type,Wild-Type,Wild-Type,Wild-Type,Wild-Type,Wild-Type,Wild-Type,Wild-Type,Wild-Type,Wild-Type,Wild-Type,Wild-Type,Wild-Type,Mutated,Wild-Type,Wild-Type,Wild-Type,Wild-Type,Wild-Type,Wild-Type,Mutated,Wild-Type,Wild-Type,Wild-Type,Wild-Type,Wild-Type,Wild-Type,Wild-Type,Wild-Type,Wild-Type,Wild-Type,Wild-Type,Wild-Type,Wild-Type,Wild-Type,Wild-Type,Mutated,Wild-Type,Wild-Type,Wild-Type,Wild-Type,Wild-Type,Wild-Type,Wild-Type,Wild-Type,Wild-Type,Wild-Type,Wild-Type,Wild-Type,Wild-Type,Wild-Type,Wild-Type,Wild-Type,Mutated,Wild-Type,Wild-Type,Wild-Type,Wild-Type,Wild-Type,Wild-Type,Wild-Type,Wild-Type,Wild-Type,Wild-Type,Wild-Type,Wild-Type
384,S494,Wild-Type,Wild-Type,Wild-Type,Wild-Type,Wild-Type,Wild-Type,Wild-Type,Wild-Type,Wild-Type,Wild-Type,Wild-Type,Wild-Type,Wild-Type,Wild-Type,Wild-Type,Wild-Type,Wild-Type,Wild-Type,Wild-Type,Wild-Type,Wild-Type,Wild-Type,Wild-Type,Wild-Type,Wild-Type,Wild-Type,Wild-Type,Wild-Type,Wild-Type,Wild-Type,Wild-Type,Wild-Type,Wild-Type,Wild-Type,Wild-Type,Wild-Type,Wild-Type,Wild-Type,Wild-Type,Wild-Type,Wild-Type,Wild-Type,Wild-Type,Wild-Type,Wild-Type,Wild-Type,Wild-Type,Wild-Type,Wild-Type,Wild-Type,Wild-Type,Wild-Type,Wild-Type,Wild-Type,Wild-Type,Wild-Type,Wild-Type,Wild-Type,Wild-Type,Wild-Type,Wild-Type,Wild-Type,Wild-Type,Wild-Type,Wild-Type,Wild-Type,Wild-Type,Mutated,Wild-Type,Wild-Type,Wild-Type,Wild-Type
385,S495,Wild-Type,Wild-Type,Wild-Type,Wild-Type,Wild-Type,Wild-Type,Wild-Type,Wild-Type,Wild-Type,Wild-Type,Wild-Type,Wild-Type,Wild-Type,Wild-Type,Wild-Type,Mutated,Wild-Type,Wild-Type,Wild-Type,Wild-Type,Wild-Type,Wild-Type,Wild-Type,Wild-Type,Wild-Type,Wild-Type,Wild-Type,Wild-Type,Wild-Type,Wild-Type,Wild-Type,Wild-Type,Wild-Type,Wild-Type,Wild-Type,Wild-Type,Wild-Type,Wild-Type,Wild-Type,Wild-Type,Wild-Type,Wild-Type,Wild-Type,Wild-Type,Wild-Type,Mutated,Wild-Type,Wild-Type,Wild-Type,Wild-Type,Mutated,Wild-Type,Wild-Type,Wild-Type,Wild-Type,Wild-Type,Wild-Type,Wild-Type,Wild-Type,Wild-Type,Wild-Type,Wild-Type,Wild-Type,Wild-Type,Wild-Type,Wild-Type,Wild-Type,Wild-Type,Wild-Type,Wild-Type,Wild-Type,Wild-Type
386,S496,Wild-Type,Wild-Type,Wild-Type,Wild-Type,Wild-Type,Wild-Type,Wild-Type,Wild-Type,Wild-Type,Wild-Type,Wild-Type,Wild-Type,Wild-Type,Wild-Type,Wild-Type,Wild-Type,Wild-Type,Wild-Type,Wild-Type,Wild-Type,Wild-Type,Wild-Type,Wild-Type,Wild-Type,Wild-Type,Wild-Type,Wild-Type,Wild-Type,Wild-Type,Wild-Type,Wild-Type,Wild-Type,Wild-Type,Mutated,Wild-Type,Wild-Type,Wild-Type,Wild-Type,Wild-Type,Wild-Type,Wild-Type,Wild-Type,Wild-Type,Wild-Type,Wild-Type,Mutated,Wild-Type,Wild-Type,Wild-Type,Wild-Type,Wild-Type,Wild-Type,Wild-Type,Wild-Type,Wild-Type,Wild-Type,Wild-Type,Wild-Type,Wild-Type,Wild-Type,Wild-Type,Wild-Type,Wild-Type,Wild-Type,Wild-Type,Wild-Type,Wild-Type,Wild-Type,Wild-Type,Wild-Type,Wild-Type,Wild-Type
387,C315,Wild-Type,Wild-Type,Wild-Type,Wild-Type,Wild-Type,Wild-Type,Wild-Type,Wild-Type,Wild-Type,Wild-Type,Wild-Type,Wild-Type,Wild-Type,Wild-Type,Wild-Type,Wild-Type,Wild-Type,Wild-Type,Wild-Type,Wild-Type,Wild-Type,Wild-Type,Wild-Type,Wild-Type,Wild-Type,Wild-Type,Wild-Type,Wild-Type,Wild-Type,Wild-Type,Wild-Type,Wild-Type,Wild-Type,Mutated,Wild-Type,Wild-Type,Wild-Type,Wild-Type,Wild-Type,Wild-Type,Wild-Type,Wild-Type,Wild-Type,Wild-Type,Wild-Type,Mutated,Wild-Type,Wild-Type,Wild-Type,Wild-Type,Wild-Type,Wild-Type,Wild-Type,Wild-Type,Wild-Type,Wild-Type,Wild-Type,Wild-Type,Wild-Type,Wild-Type,Wild-Type,Wild-Type,Wild-Type,Wild-Type,Wild-Type,Wild-Type,Wild-Type,Wild-Type,Wild-Type,Wild-Type,Wild-Type,Wild-Type
388,S497,Wild-Type,Wild-Type,Wild-Type,Wild-Type,Wild-Type,Wild-Type,Wild-Type,Wild-Type,Wild-Type,Wild-Type,Wild-Type,Wild-Type,Wild-Type,Wild-Type,Wild-Type,Mutated,Wild-Type,Wild-Type,Wild-Type,Wild-Type,Wild-Type,Wild-Type,Wild-Type,Mutated,Wild-Type,Mutated,Wild-Type,Wild-Type,Wild-Type,Mutated,Wild-Type,Wild-Type,Wild-Type,Wild-Type,Wild-Type,Wild-Type,Wild-Type,Wild-Type,Wild-Type,Wild-Type,Wild-Type,Wild-Type,Wild-Type,Wild-Type,Mutated,Wild-Type,Wild-Type,Wild-Type,Wild-Type,Wild-Type,Wild-Type,Wild-Type,Mutated,Wild-Type,Wild-Type,Wild-Type,Wild-Type,Wild-Type,Wild-Type,Wild-Type,Wild-Type,Wild-Type,Wild-Type,Wild-Type,Wild-Type,Wild-Type,Wild-Type,Wild-Type,Wild-Type,Wild-Type,Wild-Type,Wild-Type
389,S498,Wild-Type,Wild-Type,Wild-Type,Wild-Type,Mutated,Wild-Type,Wild-Type,Wild-Type,Wild-Type,Wild-Type,Wild-Type,Wild-Type,Wild-Type,Wild-Type,Wild-Type,Mutated,Wild-Type,Wild-Type,Wild-Type,Wild-Type,Wild-Type,Wild-Type,Wild-Type,Mutated,Wild-Type,Wild-Type,Wild-Type,Wild-Type,Mutated,Wild-Type,Wild-Type,Wild-Type,Wild-Type,Wild-Type,Wild-Type,Wild-Type,Wild-Type,Wild-Type,Wild-Type,Wild-Type,Wild-Type,Wild-Type,Wild-Type,Wild-Type,Wild-Type,Wild-Type,Wild-Type,Wild-Type,Mutated,Wild-Type,Wild-Type,Wild-Type,Wild-Type,Wild-Type,Wild-Type,Wild-Type,Wild-Type,Wild-Type,Wild-Type,Wild-Type,Wild-Type,Wild-Type,Wild-Type,Wild-Type,Wild-Type,Wild-Type,Wild-Type,Wild-Type,Wild-Type,Wild-Type,Wild-Type,Wild-Type
390,S500,Wild-Type,Wild-Type,Wild-Type,Wild-Type,Wild-Type,Wild-Type,Wild-Type,Wild-Type,Wild-Type,Wild-Type,Wild-Type,Wild-Type,Wild-Type,Wild-Type,Wild-Type,Wild-Type,Wild-Type,Wild-Type,Wild-Type,Wild-Type,Wild-Type,Wild-Type,Wild-Type,Mutated,Wild-Type,Wild-Type,Mutated,Wild-Type,Wild-Type,Wild-Type,Wild-Type,Wild-Type,Wild-Type,Wild-Type,Wild-Type,Wild-Type,Wild-Type,Wild-Type,Wild-Type,Wild-Type,Wild-Type,Wild-Type,Wild-Type,Wild-Type,Mutated,Wild-Type,Wild-Type,Wild-Type,Wild-Type,Wild-Type,Wild-Type,Wild-Type,Wild-Type,Wild-Type,Wild-Type,Wild-Type,Wild-Type,Wild-Type,Wild-Type,Wild-Type,Wild-Type,Wild-Type,Mutated,Wild-Type,Wild-Type,Wild-Type,Mutated,Wild-Type,Wild-Type,Wild-Type,Wild-Type,Wild-Type
391,C321,Mutated,Wild-Type,Wild-Type,Wild-Type,Wild-Type,Wild-Type,Wild-Type,Wild-Type,Mutated,Wild-Type,Wild-Type,Wild-Type,Wild-Type,Wild-Type,Wild-Type,Mutated,Wild-Type,Wild-Type,Wild-Type,Wild-Type,Wild-Type,Wild-Type,Wild-Type,Mutated,Wild-Type,Mutated,Wild-Type,Wild-Type,Wild-Type,Wild-Type,Wild-Type,Wild-Type,Wild-Type,Wild-Type,Wild-Type,Wild-Type,Wild-Type,Wild-Type,Wild-Type,Wild-Type,Wild-Type,Wild-Type,Wild-Type,Wild-Type,Wild-Type,Wild-Type,Wild-Type,Wild-Type,Wild-Type,Wild-Type,Wild-Type,Wild-Type,Wild-Type,Wild-Type,Wild-Type,Wild-Type,Wild-Type,Wild-Type,Wild-Type,Mutated,Wild-Type,Wild-Type,Wild-Type,Wild-Type,Wild-Type,Wild-Type,Wild-Type,Wild-Type,Wild-Type,Wild-Type,Wild-Type,Wild-Type
392,S501,Mutated,Wild-Type,Wild-Type,Wild-Type,Wild-Type,Wild-Type,Wild-Type,Wild-Type,Mutated,Wild-Type,Wild-Type,Wild-Type,Wild-Type,Wild-Type,Wild-Type,Mutated,Wild-Type,Wild-Type,Wild-Type,Wild-Type,Wild-Type,Wild-Type,Wild-Type,Mutated,Wild-Type,Mutated,Wild-Type,Wild-Type,Wild-Type,Wild-Type,Wild-Type,Wild-Type,Wild-Type,Wild-Type,Wild-Type,Wild-Type,Wild-Type,Wild-Type,Wild-Type,Wild-Type,Wild-Type,Wild-Type,Wild-Type,Wild-Type,Wild-Type,Wild-Type,Wild-Type,Wild-Type,Wild-Type,Wild-Type,Wild-Type,Wild-Type,Wild-Type,Wild-Type,Wild-Type,Wild-Type,Mutated,Wild-Type,Wild-Type,Mutated,Wild-Type,Wild-Type,Wild-Type,Wild-Type,Wild-Type,Wild-Type,Wild-Type,Wild-Type,Wild-Type,Wild-Type,Wild-Type,Wild-Type
393,S502,Mutated,Wild-Type,Wild-Type,Wild-Type,Wild-Type,Wild-Type,Wild-Type,Wild-Type,Wild-Type,Wild-Type,Wild-Type,Wild-Type,Wild-Type,Wild-Type,Wild-Type,Wild-Type,Wild-Type,Wild-Type,Wild-Type,Wild-Type,Wild-Type,Wild-Type,Wild-Type,Wild-Type,Wild-Type,Wild-Type,Mutated,Wild-Type,Wild-Type,Wild-Type,Wild-Type,Wild-Type,Wild-Type,Wild-Type,Wild-Type,Wild-Type,Wild-Type,Wild-Type,Wild-Type,Wild-Type,Wild-Type,Wild-Type,Wild-Type,Wild-Type,Wild-Type,Wild-Type,Wild-Type,Wild-Type,Wild-Type,Wild-Type,Wild-Type,Wild-Type,Wild-Type,Wild-Type,Wild-Type,Wild-Type,Mutated,Mutated,Wild-Type,Mutated,Wild-Type,Wild-Type,Mutated,Mutated,Wild-Type,Wild-Type,Wild-Type,Wild-Type,Wild-Type,Wild-Type,Wild-Type,Wild-Type
394,S503,Mutated,Wild-Type,Wild-Type,Wild-Type,Wild-Type,Wild-Type,Wild-Type,Wild-Type,Wild-Type,Wild-Type,Wild-Type,Wild-Type,Wild-Type,Wild-Type,Wild-Type,Wild-Type,Wild-Type,Wild-Type,Wild-Type,Wild-Type,Wild-Type,Wild-Type,Wild-Type,Wild-Type,Wild-Type,Wild-Type,Wild-Type,Wild-Type,Mutated,Wild-Type,Wild-Type,Wild-Type,Wild-Type,Wild-Type,Wild-Type,Wild-Type,Wild-Type,Wild-Type,Wild-Type,Mutated,Wild-Type,Wild-Type,Wild-Type,Wild-Type,Wild-Type,Mutated,Wild-Type,Wild-Type,Wild-Type,Wild-Type,Wild-Type,Wild-Type,Wild-Type,Wild-Type,Wild-Type,Wild-Type,Mutated,Wild-Type,Wild-Type,Wild-Type,Wild-Type,Wild-Type,Mutated,Mutated,Wild-Type,Wild-Type,Wild-Type,Wild-Type,Wild-Type,Wild-Type,Wild-Type,Wild-Type
395,S504,Wild-Type,Mutated,Wild-Type,Wild-Type,Wild-Type,Wild-Type,Wild-Type,Wild-Type,Wild-Type,Wild-Type,Wild-Type,Wild-Type,Wild-Type,Wild-Type,Wild-Type,Wild-Type,Wild-Type,Wild-Type,Wild-Type,Wild-Type,Wild-Type,Wild-Type,Wild-Type,Wild-Type,Wild-Type,Wild-Type,Wild-Type,Wild-Type,Wild-Type,Mutated,Wild-Type,Wild-Type,Wild-Type,Wild-Type,Wild-Type,Wild-Type,Wild-Type,Wild-Type,Wild-Type,Wild-Type,Wild-Type,Wild-Type,Wild-Type,Wild-Type,Wild-Type,Mutated,Wild-Type,Wild-Type,Wild-Type,Wild-Type,Wild-Type,Wild-Type,Wild-Type,Wild-Type,Wild-Type,Wild-Type,Wild-Type,Wild-Type,Wild-Type,Wild-Type,Mutated,Wild-Type,Mutated,Wild-Type,Wild-Type,Wild-Type,Wild-Type,Wild-Type,Wild-Type,Wild-Type,Wild-Type,Wild-Type
396,C324,Wild-Type,Wild-Type,Wild-Type,Wild-Type,Wild-Type,Wild-Type,Wild-Type,Wild-Type,Wild-Type,Wild-Type,Wild-Type,Wild-Type,Wild-Type,Wild-Type,Wild-Type,Wild-Type,Wild-Type,Wild-Type,Wild-Type,Wild-Type,Wild-Type,Wild-Type,Wild-Type,Wild-Type,Wild-Type,Wild-Type,Wild-Type,Wild-Type,Wild-Type,Mutated,Wild-Type,Wild-Type,Wild-Type,Wild-Type,Wild-Type,Wild-Type,Wild-Type,Wild-Type,Wild-Type,Wild-Type,Wild-Type,Wild-Type,Wild-Type,Wild-Type,Wild-Type,Mutated,Wild-Type,Wild-Type,Wild-Type,Wild-Type,Wild-Type,Wild-Type,Wild-Type,Wild-Type,Wild-Type,Wild-Type,Wild-Type,Wild-Type,Wild-Type,Wild-Type,Mutated,Wild-Type,Mutated,Wild-Type,Wild-Type,Wild-Type,Wild-Type,Wild-Type,Wild-Type,Wild-Type,Wild-Type,Wild-Type
397,S505,Wild-Type,Wild-Type,Wild-Type,Wild-Type,Wild-Type,Wild-Type,Wild-Type,Wild-Type,Wild-Type,Wild-Type,Wild-Type,Wild-Type,Wild-Type,Wild-Type,Wild-Type,Mutated,Wild-Type,Wild-Type,Wild-Type,Mutated,Wild-Type,Wild-Type,Wild-Type,Wild-Type,Wild-Type,Wild-Type,Wild-Type,Wild-Type,Wild-Type,Wild-Type,Mutated,Wild-Type,Wild-Type,Wild-Type,Wild-Type,Wild-Type,Wild-Type,Wild-Type,Wild-Type,Wild-Type,Wild-Type,Wild-Type,Wild-Type,Wild-Type,Wild-Type,Mutated,Wild-Type,Wild-Type,Wild-Type,Wild-Type,Wild-Type,Wild-Type,Wild-Type,Wild-Type,Wild-Type,Wild-Type,Mutated,Wild-Type,Wild-Type,Mutated,Wild-Type,Wild-Type,Wild-Type,Wild-Type,Wild-Type,Wild-Type,Wild-Type,Wild-Type,Wild-Type,Wild-Type,Wild-Type,Wild-Type
398,S506,Wild-Type,Wild-Type,Wild-Type,Wild-Type,Wild-Type,Wild-Type,Wild-Type,Wild-Type,Wild-Type,Wild-Type,Wild-Type,Wild-Type,Wild-Type,Wild-Type,Wild-Type,Wild-Type,Wild-Type,Wild-Type,Wild-Type,Wild-Type,Wild-Type,Wild-Type,Wild-Type,Mutated,Wild-Type,Mutated,Wild-Type,Wild-Type,Wild-Type,Wild-Type,Wild-Type,Wild-Type,Wild-Type,Wild-Type,Wild-Type,Wild-Type,Wild-Type,Wild-Type,Wild-Type,Wild-Type,Wild-Type,Wild-Type,Wild-Type,Wild-Type,Wild-Type,Wild-Type,Wild-Type,Wild-Type,Wild-Type,Wild-Type,Wild-Type,Wild-Type,Wild-Type,Wild-Type,Wild-Type,Wild-Type,Wild-Type,Wild-Type,Wild-Type,Wild-Type,Wild-Type,Wild-Type,Wild-Type,Wild-Type,Wild-Type,Wild-Type,Wild-Type,Wild-Type,Wild-Type,Wild-Type,Wild-Type,Wild-Type
399,S507,Wild-Type,Wild-Type,Wild-Type,Wild-Type,Wild-Type,Wild-Type,Wild-Type,Wild-Type,Wild-Type,Wild-Type,Wild-Type,Wild-Type,Wild-Type,Wild-Type,Wild-Type,Wild-Type,Wild-Type,Wild-Type,Wild-Type,Wild-Type,Wild-Type,Wild-Type,Wild-Type,Mutated,Wild-Type,Mutated,Wild-Type,Wild-Type,Wild-Type,Wild-Type,Wild-Type,Wild-Type,Wild-Type,Wild-Type,Wild-Type,Wild-Type,Wild-Type,Wild-Type,Wild-Type,Wild-Type,Wild-Type,Wild-Type,Wild-Type,Wild-Type,Wild-Type,Wild-Type,Wild-Type,Wild-Type,Wild-Type,Wild-Type,Wild-Type,Wild-Type,Wild-Type,Wild-Type,Wild-Type,Wild-Type,Wild-Type,Wild-Type,Wild-Type,Wild-Type,Wild-Type,Wild-Type,Wild-Type,Wild-Type,Wild-Type,Wild-Type,Wild-Type,Wild-Type,Wild-Type,Wild-Type,Wild-Type,Wild-Type
400,S606,,,,,,,,,,,,,,,,,,,,,,,,Wild-Type,,Wild-Type,,,,,,,,,,,,,,,,,,,Wild-Type,,,,,,,,,,,,,,,,,,,,,,,,,,,
401,S607,,,,,,,,,,,,,,,,,,,,,,,,Wild-Type,,Wild-Type,,,,,,,,,,,,,,,,,,,Wild-Type,,,,,,,,,,,,,,,,,,,,,,,,,,,
402,C328,,,,,,,,,,,,,,,,,,,,,,,,,,,,,,,,,,,,,,,,,,,,,,,,,,,,,,,,,,,,,,,,,,,,,,,,
403,S509,Wild-Type,Wild-Type,Wild-Type,Wild-Type,Wild-Type,Wild-Type,Wild-Type,Wild-Type,Wild-Type,Wild-Type,Wild-Type,Wild-Type,Wild-Type,Wild-Type,Wild-Type,Wild-Type,Wild-Type,Wild-Type,Wild-Type,Wild-Type,Wild-Type,Wild-Type,Wild-Type,Wild-Type,Wild-Type,Wild-Type,Wild-Type,Wild-Type,Wild-Type,Wild-Type,Wild-Type,Wild-Type,Wild-Type,Wild-Type,Wild-Type,Wild-Type,Wild-Type,Wild-Type,Wild-Type,Wild-Type,Wild-Type,Wild-Type,Wild-Type,Wild-Type,Mutated,Wild-Type,Wild-Type,Wild-Type,Mutated,Wild-Type,Wild-Type,Wild-Type,Wild-Type,Wild-Type,Wild-Type,Wild-Type,Wild-Type,Wild-Type,Wild-Type,Wild-Type,Wild-Type,Wild-Type,Wild-Type,Wild-Type,Wild-Type,Wild-Type,Mutated,Wild-Type,Wild-Type,Wild-Type,Wild-Type,Wild-Type
404,S510,Wild-Type,Wild-Type,Wild-Type,Mutated,Wild-Type,Wild-Type,Wild-Type,Wild-Type,Wild-Type,Wild-Type,Wild-Type,Wild-Type,Wild-Type,Wild-Type,Wild-Type,Mutated,Wild-Type,Wild-Type,Wild-Type,Wild-Type,Wild-Type,Wild-Type,Wild-Type,Wild-Type,Wild-Type,Wild-Type,Wild-Type,Wild-Type,Mutated,Mutated,Wild-Type,Wild-Type,Wild-Type,Wild-Type,Wild-Type,Wild-Type,Wild-Type,Mutated,Wild-Type,Wild-Type,Wild-Type,Wild-Type,Wild-Type,Wild-Type,Mutated,Wild-Type,Wild-Type,Wild-Type,Wild-Type,Wild-Type,Wild-Type,Wild-Type,Wild-Type,Wild-Type,Wild-Type,Wild-Type,Wild-Type,Wild-Type,Wild-Type,Wild-Type,Wild-Type,Wild-Type,Wild-Type,Wild-Type,Wild-Type,Wild-Type,Wild-Type,Wild-Type,Mutated,Wild-Type,Wild-Type,Wild-Type
405,S511,Wild-Type,Wild-Type,Wild-Type,Wild-Type,Wild-Type,Wild-Type,Wild-Type,Wild-Type,Wild-Type,Wild-Type,Wild-Type,Wild-Type,Wild-Type,Wild-Type,Wild-Type,Wild-Type,Wild-Type,Wild-Type,Wild-Type,Wild-Type,Wild-Type,Wild-Type,Wild-Type,Wild-Type,Wild-Type,Wild-Type,Wild-Type,Wild-Type,Wild-Type,Wild-Type,Wild-Type,Wild-Type,Wild-Type,Wild-Type,Wild-Type,Wild-Type,Wild-Type,Wild-Type,Wild-Type,Wild-Type,Wild-Type,Wild-Type,Mutated,Wild-Type,Wild-Type,Wild-Type,Wild-Type,Wild-Type,Wild-Type,Wild-Type,Wild-Type,Wild-Type,Wild-Type,Wild-Type,Wild-Type,Wild-Type,Wild-Type,Wild-Type,Wild-Type,Wild-Type,Wild-Type,Wild-Type,Wild-Type,Wild-Type,Wild-Type,Wild-Type,Wild-Type,Mutated,Wild-Type,Wild-Type,Wild-Type,Wild-Type
406,S512,Wild-Type,Wild-Type,Wild-Type,Wild-Type,Wild-Type,Wild-Type,Wild-Type,Wild-Type,Wild-Type,Wild-Type,Wild-Type,Wild-Type,Wild-Type,Wild-Type,Wild-Type,Mutated,Wild-Type,Wild-Type,Wild-Type,Wild-Type,Wild-Type,Wild-Type,Wild-Type,Wild-Type,Wild-Type,Wild-Type,Wild-Type,Wild-Type,Wild-Type,Wild-Type,Wild-Type,Wild-Type,Wild-Type,Wild-Type,Wild-Type,Wild-Type,Wild-Type,Wild-Type,Wild-Type,Mutated,Wild-Type,Wild-Type,Mutated,Wild-Type,Wild-Type,Mutated,Wild-Type,Wild-Type,Wild-Type,Wild-Type,Wild-Type,Wild-Type,Wild-Type,Wild-Type,Wild-Type,Wild-Type,Wild-Type,Wild-Type,Wild-Type,Wild-Type,Wild-Type,Wild-Type,Wild-Type,Wild-Type,Wild-Type,Wild-Type,Wild-Type,Wild-Type,Mutated,Wild-Type,Mutated,Wild-Type
407,S513,Wild-Type,Wild-Type,Wild-Type,Wild-Type,Wild-Type,Wild-Type,Wild-Type,Wild-Type,Wild-Type,Wild-Type,Wild-Type,Wild-Type,Wild-Type,Wild-Type,Wild-Type,Wild-Type,Wild-Type,Wild-Type,Wild-Type,Wild-Type,Wild-Type,Wild-Type,Wild-Type,Mutated,Wild-Type,Mutated,Mutated,Wild-Type,Wild-Type,Wild-Type,Wild-Type,Wild-Type,Wild-Type,Wild-Type,Wild-Type,Wild-Type,Wild-Type,Wild-Type,Wild-Type,Wild-Type,Wild-Type,Wild-Type,Wild-Type,Wild-Type,Mutated,Mutated,Wild-Type,Wild-Type,Wild-Type,Wild-Type,Wild-Type,Wild-Type,Wild-Type,Wild-Type,Wild-Type,Wild-Type,Mutated,Wild-Type,Wild-Type,Wild-Type,Wild-Type,Wild-Type,Wild-Type,Wild-Type,Wild-Type,Wild-Type,Wild-Type,Wild-Type,Wild-Type,Wild-Type,Mutated,Mutated
408,C577,Wild-Type,Wild-Type,Wild-Type,Wild-Type,Wild-Type,Wild-Type,Wild-Type,Wild-Type,Wild-Type,Wild-Type,Wild-Type,Wild-Type,Wild-Type,Wild-Type,Wild-Type,Wild-Type,Wild-Type,Wild-Type,Wild-Type,Wild-Type,Wild-Type,Wild-Type,Wild-Type,Mutated,Wild-Type,Mutated,Mutated,Wild-Type,Wild-Type,Wild-Type,Wild-Type,Wild-Type,Wild-Type,Wild-Type,Wild-Type,Wild-Type,Wild-Type,Wild-Type,Wild-Type,Wild-Type,Wild-Type,Wild-Type,Wild-Type,Wild-Type,Mutated,Mutated,Wild-Type,Wild-Type,Wild-Type,Wild-Type,Wild-Type,Wild-Type,Wild-Type,Wild-Type,Wild-Type,Wild-Type,Mutated,Wild-Type,Wild-Type,Wild-Type,Wild-Type,Wild-Type,Wild-Type,Wild-Type,Wild-Type,Wild-Type,Wild-Type,Wild-Type,Wild-Type,Wild-Type,Mutated,Mutated
409,C372,,,,,,,,,,,,,,,,,,,,,,,,Mutated,,Mutated,,,,,,,,,,,,,,,,,,,Mutated,,,,,,,,,,,,,,,,,,,,,,,,,,,
410,S514,Wild-Type,Wild-Type,Wild-Type,Wild-Type,Wild-Type,Wild-Type,Wild-Type,Wild-Type,Wild-Type,Wild-Type,Wild-Type,Wild-Type,Wild-Type,Wild-Type,Wild-Type,Wild-Type,Wild-Type,Wild-Type,Wild-Type,Wild-Type,Wild-Type,Wild-Type,Wild-Type,Mutated,Wild-Type,Wild-Type,Mutated,Wild-Type,Wild-Type,Wild-Type,Wild-Type,Wild-Type,Wild-Type,Wild-Type,Wild-Type,Wild-Type,Wild-Type,Wild-Type,Wild-Type,Wild-Type,Wild-Type,Wild-Type,Wild-Type,Wild-Type,Mutated,Wild-Type,Wild-Type,Wild-Type,Wild-Type,Wild-Type,Wild-Type,Wild-Type,Wild-Type,Wild-Type,Wild-Type,Wild-Type,Wild-Type,Wild-Type,Wild-Type,Wild-Type,Wild-Type,Wild-Type,Wild-Type,Wild-Type,Wild-Type,Wild-Type,Mutated,Wild-Type,Wild-Type,Wild-Type,Wild-Type,Wild-Type
411,C335,Wild-Type,Wild-Type,Wild-Type,Wild-Type,Wild-Type,Wild-Type,Wild-Type,Wild-Type,Wild-Type,Wild-Type,Wild-Type,Wild-Type,Wild-Type,Wild-Type,Wild-Type,Wild-Type,Wild-Type,Wild-Type,Wild-Type,Wild-Type,Wild-Type,Wild-Type,Wild-Type,Wild-Type,Wild-Type,Wild-Type,Mutated,Wild-Type,Wild-Type,Wild-Type,Wild-Type,Wild-Type,Wild-Type,Wild-Type,Wild-Type,Wild-Type,Wild-Type,Wild-Type,Wild-Type,Wild-Type,Wild-Type,Wild-Type,Wild-Type,Wild-Type,Mutated,Wild-Type,Wild-Type,Wild-Type,Wild-Type,Wild-Type,Wild-Type,Wild-Type,Wild-Type,Wild-Type,Wild-Type,Wild-Type,Wild-Type,Wild-Type,Wild-Type,Wild-Type,Wild-Type,Wild-Type,Wild-Type,Wild-Type,Wild-Type,Wild-Type,Mutated,Wild-Type,Wild-Type,Wild-Type,Wild-Type,Wild-Type
412,S515,Wild-Type,Wild-Type,Wild-Type,Wild-Type,Mutated,Wild-Type,Wild-Type,Wild-Type,Wild-Type,Wild-Type,Wild-Type,Wild-Type,Wild-Type,Wild-Type,Wild-Type,Wild-Type,Wild-Type,Wild-Type,Wild-Type,Wild-Type,Wild-Type,Wild-Type,Wild-Type,Mutated,Wild-Type,Mutated,Wild-Type,Wild-Type,Wild-Type,Wild-Type,Wild-Type,Wild-Type,Wild-Type,Wild-Type,Wild-Type,Wild-Type,Wild-Type,Wild-Type,Wild-Type,Wild-Type,Wild-Type,Wild-Type,Mutated,Wild-Type,Wild-Type,Wild-Type,Wild-Type,Wild-Type,Wild-Type,Wild-Type,Wild-Type,Wild-Type,Wild-Type,Wild-Type,Wild-Type,Wild-Type,Mutated,Wild-Type,Wild-Type,Mutated,Wild-Type,Wild-Type,Wild-Type,Wild-Type,Wild-Type,Wild-Type,Wild-Type,Wild-Type,Wild-Type,Wild-Type,Wild-Type,Wild-Type
413,S516,Wild-Type,Wild-Type,Wild-Type,Wild-Type,Wild-Type,Wild-Type,Wild-Type,Wild-Type,Mutated,Wild-Type,Wild-Type,Wild-Type,Wild-Type,Wild-Type,Wild-Type,Wild-Type,Wild-Type,Wild-Type,Wild-Type,Wild-Type,Wild-Type,Wild-Type,Wild-Type,Wild-Type,Wild-Type,Wild-Type,Wild-Type,Wild-Type,Wild-Type,Wild-Type,Wild-Type,Wild-Type,Wild-Type,Mutated,Wild-Type,Wild-Type,Wild-Type,Wild-Type,Wild-Type,Wild-Type,Wild-Type,Wild-Type,Wild-Type,Wild-Type,Wild-Type,Wild-Type,Wild-Type,Wild-Type,Wild-Type,Wild-Type,Wild-Type,Wild-Type,Wild-Type,Wild-Type,Wild-Type,Wild-Type,Wild-Type,Wild-Type,Wild-Type,Wild-Type,Wild-Type,Wild-Type,Wild-Type,Wild-Type,Wild-Type,Wild-Type,Wild-Type,Wild-Type,Wild-Type,Wild-Type,Wild-Type,Wild-Type
414,C337,Wild-Type,Wild-Type,Wild-Type,Wild-Type,Wild-Type,Wild-Type,Wild-Type,Wild-Type,Mutated,Wild-Type,Wild-Type,Wild-Type,Wild-Type,Wild-Type,Wild-Type,Wild-Type,Wild-Type,Wild-Type,Wild-Type,Wild-Type,Wild-Type,Wild-Type,Wild-Type,Wild-Type,Wild-Type,Wild-Type,Wild-Type,Wild-Type,Wild-Type,Wild-Type,Wild-Type,Wild-Type,Wild-Type,Mutated,Wild-Type,Wild-Type,Wild-Type,Wild-Type,Wild-Type,Wild-Type,Wild-Type,Wild-Type,Wild-Type,Wild-Type,Wild-Type,Wild-Type,Wild-Type,Wild-Type,Wild-Type,Wild-Type,Wild-Type,Wild-Type,Wild-Type,Wild-Type,Wild-Type,Wild-Type,Wild-Type,Wild-Type,Wild-Type,Wild-Type,Wild-Type,Wild-Type,Wild-Type,Wild-Type,Wild-Type,Wild-Type,Wild-Type,Wild-Type,Wild-Type,Wild-Type,Wild-Type,Wild-Type
415,S518,Wild-Type,Wild-Type,Wild-Type,Wild-Type,Wild-Type,Wild-Type,Wild-Type,Wild-Type,Mutated,Wild-Type,Wild-Type,Wild-Type,Wild-Type,Wild-Type,Wild-Type,Wild-Type,Wild-Type,Wild-Type,Wild-Type,Wild-Type,Wild-Type,Wild-Type,Wild-Type,Mutated,Wild-Type,Wild-Type,Wild-Type,Wild-Type,Wild-Type,Wild-Type,Wild-Type,Wild-Type,Wild-Type,Wild-Type,Wild-Type,Wild-Type,Wild-Type,Wild-Type,Wild-Type,Wild-Type,Wild-Type,Wild-Type,Wild-Type,Wild-Type,Wild-Type,Wild-Type,Wild-Type,Wild-Type,Wild-Type,Wild-Type,Wild-Type,Wild-Type,Wild-Type,Wild-Type,Wild-Type,Wild-Type,Wild-Type,Wild-Type,Wild-Type,Wild-Type,Wild-Type,Wild-Type,Wild-Type,Wild-Type,Wild-Type,Wild-Type,Wild-Type,Mutated,Wild-Type,Wild-Type,Wild-Type,Wild-Type
416,S519,Wild-Type,Wild-Type,Wild-Type,Wild-Type,Wild-Type,Wild-Type,Wild-Type,Wild-Type,Wild-Type,Wild-Type,Wild-Type,Wild-Type,Wild-Type,Wild-Type,Wild-Type,Mutated,Wild-Type,Wild-Type,Wild-Type,Wild-Type,Wild-Type,Wild-Type,Wild-Type,Wild-Type,Wild-Type,Wild-Type,Wild-Type,Wild-Type,Wild-Type,Wild-Type,Wild-Type,Wild-Type,Wild-Type,Wild-Type,Wild-Type,Wild-Type,Wild-Type,Wild-Type,Wild-Type,Wild-Type,Wild-Type,Wild-Type,Wild-Type,Wild-Type,Mutated,Mutated,Wild-Type,Wild-Type,Wild-Type,Wild-Type,Wild-Type,Wild-Type,Wild-Type,Wild-Type,Wild-Type,Wild-Type,Wild-Type,Wild-Type,Wild-Type,Wild-Type,Wild-Type,Wild-Type,Wild-Type,Wild-Type,Wild-Type,Wild-Type,Wild-Type,Wild-Type,Wild-Type,Wild-Type,Wild-Type,Wild-Type
417,S520,Wild-Type,Wild-Type,Wild-Type,Wild-Type,Wild-Type,Wild-Type,Wild-Type,Wild-Type,Wild-Type,Wild-Type,Wild-Type,Wild-Type,Wild-Type,Wild-Type,Wild-Type,Wild-Type,Wild-Type,Wild-Type,Wild-Type,Wild-Type,Wild-Type,Wild-Type,Wild-Type,Wild-Type,Wild-Type,Wild-Type,Wild-Type,Wild-Type,Wild-Type,Wild-Type,Wild-Type,Wild-Type,Wild-Type,Wild-Type,Wild-Type,Wild-Type,Wild-Type,Wild-Type,Wild-Type,Wild-Type,Wild-Type,Wild-Type,Wild-Type,Wild-Type,Wild-Type,Wild-Type,Wild-Type,Wild-Type,Wild-Type,Wild-Type,Mutated,Wild-Type,Wild-Type,Wild-Type,Wild-Type,Wild-Type,Wild-Type,Wild-Type,Wild-Type,Wild-Type,Wild-Type,Wild-Type,Wild-Type,Wild-Type,Wild-Type,Wild-Type,Wild-Type,Mutated,Wild-Type,Wild-Type,Wild-Type,Wild-Type
418,S521,Wild-Type,Wild-Type,Wild-Type,Wild-Type,Wild-Type,Wild-Type,Wild-Type,Wild-Type,Wild-Type,Wild-Type,Mutated,Wild-Type,Wild-Type,Wild-Type,Wild-Type,Wild-Type,Wild-Type,Wild-Type,Wild-Type,Wild-Type,Wild-Type,Wild-Type,Wild-Type,Mutated,Wild-Type,Wild-Type,Wild-Type,Wild-Type,Mutated,Wild-Type,Wild-Type,Wild-Type,Wild-Type,Wild-Type,Wild-Type,Wild-Type,Wild-Type,Wild-Type,Wild-Type,Wild-Type,Mutated,Wild-Type,Wild-Type,Wild-Type,Mutated,Wild-Type,Wild-Type,Wild-Type,Wild-Type,Wild-Type,Mutated,Wild-Type,Wild-Type,Wild-Type,Wild-Type,Wild-Type,Wild-Type,Wild-Type,Wild-Type,Wild-Type,Wild-Type,Wild-Type,Wild-Type,Wild-Type,Wild-Type,Wild-Type,Wild-Type,Wild-Type,Wild-Type,Wild-Type,Wild-Type,Wild-Type
419,S523,Mutated,Wild-Type,Wild-Type,Wild-Type,Wild-Type,Wild-Type,Wild-Type,Wild-Type,Wild-Type,Wild-Type,Mutated,Wild-Type,Wild-Type,Wild-Type,Wild-Type,Wild-Type,Wild-Type,Wild-Type,Wild-Type,Wild-Type,Wild-Type,Wild-Type,Wild-Type,Wild-Type,Wild-Type,Wild-Type,Wild-Type,Wild-Type,Wild-Type,Wild-Type,Wild-Type,Wild-Type,Wild-Type,Wild-Type,Wild-Type,Wild-Type,Wild-Type,Wild-Type,Wild-Type,Wild-Type,Wild-Type,Wild-Type,Wild-Type,Wild-Type,Wild-Type,Wild-Type,Wild-Type,Wild-Type,Wild-Type,Wild-Type,Wild-Type,Wild-Type,Wild-Type,Wild-Type,Wild-Type,Wild-Type,Mutated,Wild-Type,Wild-Type,Wild-Type,Wild-Type,Wild-Type,Mutated,Wild-Type,Wild-Type,Wild-Type,Mutated,Wild-Type,Wild-Type,Wild-Type,Wild-Type,Wild-Type
420,S524,Mutated,Wild-Type,Wild-Type,Wild-Type,Wild-Type,Wild-Type,Wild-Type,Wild-Type,Wild-Type,Wild-Type,Wild-Type,Wild-Type,Wild-Type,Wild-Type,Wild-Type,Wild-Type,Wild-Type,Wild-Type,Wild-Type,Wild-Type,Wild-Type,Wild-Type,Wild-Type,Wild-Type,Wild-Type,Wild-Type,Wild-Type,Wild-Type,Wild-Type,Wild-Type,Wild-Type,Wild-Type,Wild-Type,Wild-Type,Wild-Type,Wild-Type,Wild-Type,Wild-Type,Wild-Type,Wild-Type,Wild-Type,Wild-Type,Wild-Type,Wild-Type,Wild-Type,Mutated,Wild-Type,Wild-Type,Wild-Type,Wild-Type,Wild-Type,Wild-Type,Wild-Type,Wild-Type,Wild-Type,Wild-Type,Wild-Type,Wild-Type,Wild-Type,Wild-Type,Wild-Type,Wild-Type,Wild-Type,Wild-Type,Wild-Type,Wild-Type,Mutated,Wild-Type,Wild-Type,Wild-Type,Wild-Type,Wild-Type
421,C344,Mutated,Wild-Type,Wild-Type,Wild-Type,Wild-Type,Wild-Type,Wild-Type,Wild-Type,Wild-Type,Wild-Type,Wild-Type,Wild-Type,Wild-Type,Wild-Type,Wild-Type,Wild-Type,Wild-Type,Wild-Type,Wild-Type,Wild-Type,Wild-Type,Wild-Type,Wild-Type,Wild-Type,Wild-Type,Wild-Type,Wild-Type,Wild-Type,Wild-Type,Wild-Type,Wild-Type,Wild-Type,Wild-Type,Wild-Type,Wild-Type,Wild-Type,Wild-Type,Wild-Type,Wild-Type,Wild-Type,Wild-Type,Wild-Type,Wild-Type,Wild-Type,Wild-Type,Mutated,Wild-Type,Wild-Type,Wild-Type,Wild-Type,Wild-Type,Wild-Type,Wild-Type,Wild-Type,Wild-Type,Wild-Type,Wild-Type,Wild-Type,Wild-Type,Wild-Type,Wild-Type,Wild-Type,Wild-Type,Wild-Type,Wild-Type,Wild-Type,Mutated,Wild-Type,Wild-Type,Wild-Type,Wild-Type,Wild-Type
422,S525,Wild-Type,Wild-Type,Wild-Type,Wild-Type,Wild-Type,Wild-Type,Wild-Type,Wild-Type,Wild-Type,Wild-Type,Wild-Type,Wild-Type,Wild-Type,Wild-Type,Wild-Type,Wild-Type,Wild-Type,Wild-Type,Wild-Type,Wild-Type,Wild-Type,Wild-Type,Wild-Type,Wild-Type,Wild-Type,Wild-Type,Wild-Type,Wild-Type,Wild-Type,Mutated,Wild-Type,Wild-Type,Wild-Type,Wild-Type,Wild-Type,Wild-Type,Wild-Type,Wild-Type,Wild-Type,Wild-Type,Wild-Type,Wild-Type,Wild-Type,Wild-Type,Mutated,Wild-Type,Wild-Type,Wild-Type,Wild-Type,Wild-Type,Wild-Type,Wild-Type,Wild-Type,Wild-Type,Wild-Type,Wild-Type,Wild-Type,Wild-Type,Wild-Type,Wild-Type,Wild-Type,Wild-Type,Wild-Type,Wild-Type,Wild-Type,Wild-Type,Wild-Type,Wild-Type,Wild-Type,Wild-Type,Wild-Type,Wild-Type
423,S526,Wild-Type,Wild-Type,Wild-Type,Mutated,Wild-Type,Wild-Type,Wild-Type,Wild-Type,Wild-Type,Wild-Type,Wild-Type,Wild-Type,Wild-Type,Wild-Type,Wild-Type,Wild-Type,Wild-Type,Wild-Type,Wild-Type,Wild-Type,Wild-Type,Wild-Type,Wild-Type,Mutated,Wild-Type,Mutated,Wild-Type,Wild-Type,Wild-Type,Mutated,Wild-Type,Wild-Type,Wild-Type,Wild-Type,Wild-Type,Wild-Type,Wild-Type,Wild-Type,Wild-Type,Wild-Type,Wild-Type,Wild-Type,Wild-Type,Wild-Type,Mutated,Mutated,Wild-Type,Wild-Type,Wild-Type,Wild-Type,Wild-Type,Wild-Type,Wild-Type,Wild-Type,Wild-Type,Wild-Type,Wild-Type,Wild-Type,Wild-Type,Wild-Type,Wild-Type,Wild-Type,Wild-Type,Wild-Type,Wild-Type,Wild-Type,Wild-Type,Wild-Type,Wild-Type,Wild-Type,Wild-Type,Wild-Type
424,S608,Wild-Type,Wild-Type,Wild-Type,Wild-Type,Mutated,Wild-Type,Wild-Type,Wild-Type,Wild-Type,Wild-Type,Wild-Type,Wild-Type,Wild-Type,Wild-Type,Wild-Type,Wild-Type,Wild-Type,Wild-Type,Wild-Type,Wild-Type,Wild-Type,Wild-Type,Wild-Type,Wild-Type,Wild-Type,Wild-Type,Wild-Type,Wild-Type,Wild-Type,Wild-Type,Wild-Type,Wild-Type,Wild-Type,Wild-Type,Wild-Type,Wild-Type,Wild-Type,Wild-Type,Wild-Type,Wild-Type,Wild-Type,Wild-Type,Wild-Type,Wild-Type,Wild-Type,Mutated,Wild-Type,Wild-Type,Wild-Type,Wild-Type,Wild-Type,Wild-Type,Wild-Type,Wild-Type,Wild-Type,Wild-Type,Wild-Type,Wild-Type,Wild-Type,Wild-Type,Wild-Type,Wild-Type,Wild-Type,Wild-Type,Wild-Type,Wild-Type,Wild-Type,Wild-Type,Wild-Type,Wild-Type,Wild-Type,Wild-Type
425,S527,Wild-Type,Wild-Type,Wild-Type,Wild-Type,Wild-Type,Wild-Type,Wild-Type,Wild-Type,Wild-Type,Wild-Type,Wild-Type,Wild-Type,Wild-Type,Wild-Type,Wild-Type,Wild-Type,Wild-Type,Wild-Type,Wild-Type,Wild-Type,Wild-Type,Wild-Type,Wild-Type,Wild-Type,Wild-Type,Wild-Type,Wild-Type,Wild-Type,Wild-Type,Wild-Type,Wild-Type,Wild-Type,Wild-Type,Wild-Type,Wild-Type,Wild-Type,Mutated,Wild-Type,Wild-Type,Wild-Type,Wild-Type,Wild-Type,Wild-Type,Wild-Type,Wild-Type,Wild-Type,Wild-Type,Wild-Type,Wild-Type,Wild-Type,Mutated,Wild-Type,Wild-Type,Wild-Type,Wild-Type,Wild-Type,Wild-Type,Wild-Type,Wild-Type,Wild-Type,Wild-Type,Wild-Type,Wild-Type,Wild-Type,Wild-Type,Wild-Type,Wild-Type,Wild-Type,Wild-Type,Wild-Type,Wild-Type,Wild-Type
426,S528,Wild-Type,Wild-Type,Wild-Type,Wild-Type,Wild-Type,Wild-Type,Wild-Type,Wild-Type,Wild-Type,Wild-Type,Wild-Type,Wild-Type,Wild-Type,Wild-Type,Wild-Type,Mutated,Wild-Type,Wild-Type,Wild-Type,Wild-Type,Wild-Type,Wild-Type,Wild-Type,Mutated,Wild-Type,Mutated,Wild-Type,Wild-Type,Wild-Type,Wild-Type,Wild-Type,Wild-Type,Wild-Type,Wild-Type,Wild-Type,Wild-Type,Wild-Type,Wild-Type,Wild-Type,Wild-Type,Wild-Type,Wild-Type,Wild-Type,Wild-Type,Mutated,Wild-Type,Wild-Type,Wild-Type,Wild-Type,Wild-Type,Wild-Type,Wild-Type,Wild-Type,Wild-Type,Wild-Type,Wild-Type,Wild-Type,Wild-Type,Wild-Type,Wild-Type,Wild-Type,Wild-Type,Wild-Type,Wild-Type,Wild-Type,Wild-Type,Wild-Type,Wild-Type,Wild-Type,Wild-Type,Wild-Type,Wild-Type
427,C349,Wild-Type,Wild-Type,Wild-Type,Wild-Type,Wild-Type,Wild-Type,Wild-Type,Wild-Type,Wild-Type,Wild-Type,Wild-Type,Wild-Type,Wild-Type,Wild-Type,Wild-Type,Wild-Type,Wild-Type,Wild-Type,Wild-Type,Wild-Type,Wild-Type,Wild-Type,Wild-Type,Wild-Type,Wild-Type,Wild-Type,Wild-Type,Wild-Type,Wild-Type,Wild-Type,Wild-Type,Wild-Type,Wild-Type,Wild-Type,Wild-Type,Wild-Type,Wild-Type,Mutated,Wild-Type,Wild-Type,Wild-Type,Wild-Type,Wild-Type,Wild-Type,Wild-Type,Wild-Type,Wild-Type,Wild-Type,Wild-Type,Wild-Type,Wild-Type,Wild-Type,Wild-Type,Wild-Type,Wild-Type,Wild-Type,Wild-Type,Wild-Type,Wild-Type,Wild-Type,Wild-Type,Wild-Type,Wild-Type,Wild-Type,Wild-Type,Wild-Type,Wild-Type,Wild-Type,Wild-Type,Wild-Type,Wild-Type,Wild-Type
428,S529,Wild-Type,Wild-Type,Wild-Type,Wild-Type,Wild-Type,Wild-Type,Wild-Type,Wild-Type,Wild-Type,Wild-Type,Wild-Type,Wild-Type,Wild-Type,Wild-Type,Wild-Type,Wild-Type,Wild-Type,Wild-Type,Wild-Type,Wild-Type,Wild-Type,Wild-Type,Wild-Type,Wild-Type,Wild-Type,Wild-Type,Wild-Type,Wild-Type,Wild-Type,Wild-Type,Wild-Type,Wild-Type,Wild-Type,Wild-Type,Wild-Type,Wild-Type,Wild-Type,Mutated,Wild-Type,Wild-Type,Wild-Type,Wild-Type,Wild-Type,Wild-Type,Wild-Type,Wild-Type,Wild-Type,Wild-Type,Wild-Type,Wild-Type,Wild-Type,Wild-Type,Wild-Type,Wild-Type,Wild-Type,Wild-Type,Wild-Type,Wild-Type,Wild-Type,Wild-Type,Wild-Type,Wild-Type,Wild-Type,Wild-Type,Wild-Type,Wild-Type,Wild-Type,Wild-Type,Wild-Type,Wild-Type,Wild-Type,Wild-Type
429,S530,Wild-Type,Wild-Type,Wild-Type,Wild-Type,Wild-Type,Wild-Type,Wild-Type,Wild-Type,Mutated,Wild-Type,Wild-Type,Wild-Type,Wild-Type,Wild-Type,Wild-Type,Wild-Type,Wild-Type,Wild-Type,Wild-Type,Wild-Type,Wild-Type,Wild-Type,Wild-Type,Wild-Type,Wild-Type,Wild-Type,Mutated,Wild-Type,Wild-Type,Wild-Type,Wild-Type,Wild-Type,Wild-Type,Wild-Type,Wild-Type,Wild-Type,Wild-Type,Wild-Type,Wild-Type,Wild-Type,Wild-Type,Wild-Type,Wild-Type,Wild-Type,Wild-Type,Wild-Type,Wild-Type,Wild-Type,Wild-Type,Wild-Type,Wild-Type,Wild-Type,Wild-Type,Wild-Type,Wild-Type,Wild-Type,Wild-Type,Wild-Type,Wild-Type,Mutated,Wild-Type,Wild-Type,Wild-Type,Wild-Type,Wild-Type,Wild-Type,Wild-Type,Wild-Type,Wild-Type,Wild-Type,Wild-Type,Wild-Type
430,S531,Wild-Type,Wild-Type,Wild-Type,Wild-Type,Wild-Type,Wild-Type,Wild-Type,Wild-Type,Wild-Type,Wild-Type,Wild-Type,Wild-Type,Wild-Type,Wild-Type,Wild-Type,Wild-Type,Wild-Type,Wild-Type,Wild-Type,Wild-Type,Wild-Type,Wild-Type,Wild-Type,Wild-Type,Wild-Type,Wild-Type,Wild-Type,Wild-Type,Wild-Type,Wild-Type,Wild-Type,Wild-Type,Wild-Type,Wild-Type,Wild-Type,Wild-Type,Wild-Type,Wild-Type,Wild-Type,Wild-Type,Wild-Type,Wild-Type,Wild-Type,Wild-Type,Wild-Type,Wild-Type,Wild-Type,Wild-Type,Wild-Type,Wild-Type,Wild-Type,Wild-Type,Wild-Type,Wild-Type,Wild-Type,Wild-Type,Wild-Type,Wild-Type,Wild-Type,Wild-Type,Wild-Type,Wild-Type,Wild-Type,Wild-Type,Wild-Type,Wild-Type,Wild-Type,Wild-Type,Wild-Type,Wild-Type,Wild-Type,Wild-Type
431,S533,,,,,,,,,,,,,,,,,,,,,,,,Wild-Type,,Wild-Type,,,,,,,,,,,,,,,,,,,Wild-Type,,,,,,,,,,,,,,,,,,,,,,,,,,,
432,S534,Wild-Type,Wild-Type,Wild-Type,Wild-Type,Wild-Type,Mutated,Wild-Type,Wild-Type,Wild-Type,Wild-Type,Wild-Type,Wild-Type,Wild-Type,Wild-Type,Wild-Type,Wild-Type,Wild-Type,Mutated,Wild-Type,Wild-Type,Wild-Type,Wild-Type,Wild-Type,Mutated,Wild-Type,Wild-Type,Wild-Type,Wild-Type,Wild-Type,Wild-Type,Wild-Type,Wild-Type,Wild-Type,Wild-Type,Wild-Type,Wild-Type,Wild-Type,Mutated,Wild-Type,Wild-Type,Wild-Type,Wild-Type,Wild-Type,Wild-Type,Wild-Type,Wild-Type,Wild-Type,Wild-Type,Wild-Type,Wild-Type,Wild-Type,Wild-Type,Wild-Type,Wild-Type,Wild-Type,Wild-Type,Wild-Type,Wild-Type,Wild-Type,Wild-Type,Wild-Type,Wild-Type,Wild-Type,Wild-Type,Wild-Type,Wild-Type,Wild-Type,Wild-Type,Wild-Type,Wild-Type,Mutated,Wild-Type
433,S535,Wild-Type,Wild-Type,Wild-Type,Wild-Type,Wild-Type,Wild-Type,Wild-Type,Wild-Type,Wild-Type,Wild-Type,Wild-Type,Wild-Type,Wild-Type,Wild-Type,Wild-Type,Wild-Type,Wild-Type,Wild-Type,Wild-Type,Wild-Type,Wild-Type,Wild-Type,Wild-Type,Wild-Type,Wild-Type,Wild-Type,Wild-Type,Wild-Type,Wild-Type,Wild-Type,Wild-Type,Wild-Type,Wild-Type,Wild-Type,Wild-Type,Wild-Type,Wild-Type,Wild-Type,Wild-Type,Wild-Type,Wild-Type,Wild-Type,Wild-Type,Wild-Type,Wild-Type,Wild-Type,Wild-Type,Wild-Type,Wild-Type,Wild-Type,Wild-Type,Wild-Type,Wild-Type,Wild-Type,Wild-Type,Wild-Type,Wild-Type,Wild-Type,Wild-Type,Wild-Type,Wild-Type,Wild-Type,Wild-Type,Wild-Type,Wild-Type,Wild-Type,Mutated,Wild-Type,Mutated,Wild-Type,Wild-Type,Wild-Type
434,S536,Wild-Type,Wild-Type,Wild-Type,Wild-Type,Wild-Type,Wild-Type,Wild-Type,Wild-Type,Wild-Type,Wild-Type,Wild-Type,Wild-Type,Wild-Type,Wild-Type,Wild-Type,Mutated,Wild-Type,Wild-Type,Wild-Type,Wild-Type,Wild-Type,Wild-Type,Wild-Type,Mutated,Wild-Type,Mutated,Wild-Type,Wild-Type,Wild-Type,Wild-Type,Wild-Type,Wild-Type,Wild-Type,Wild-Type,Wild-Type,Wild-Type,Wild-Type,Wild-Type,Wild-Type,Wild-Type,Wild-Type,Wild-Type,Wild-Type,Wild-Type,Mutated,Wild-Type,Wild-Type,Wild-Type,Wild-Type,Wild-Type,Wild-Type,Wild-Type,Wild-Type,Wild-Type,Wild-Type,Wild-Type,Wild-Type,Wild-Type,Wild-Type,Wild-Type,Wild-Type,Wild-Type,Wild-Type,Wild-Type,Wild-Type,Wild-Type,Wild-Type,Wild-Type,Wild-Type,Wild-Type,Wild-Type,Wild-Type
435,S609,Wild-Type,Wild-Type,Wild-Type,Wild-Type,Wild-Type,Wild-Type,Wild-Type,Wild-Type,Wild-Type,Wild-Type,Wild-Type,Wild-Type,Wild-Type,Wild-Type,Wild-Type,Wild-Type,Wild-Type,Wild-Type,Wild-Type,Wild-Type,Wild-Type,Wild-Type,Wild-Type,Wild-Type,Wild-Type,Wild-Type,Wild-Type,Wild-Type,Wild-Type,Wild-Type,Wild-Type,Wild-Type,Wild-Type,Wild-Type,Wild-Type,Wild-Type,Wild-Type,Wild-Type,Wild-Type,Wild-Type,Wild-Type,Wild-Type,Wild-Type,Wild-Type,Wild-Type,Wild-Type,Wild-Type,Wild-Type,Wild-Type,Wild-Type,Wild-Type,Wild-Type,Wild-Type,Wild-Type,Wild-Type,Wild-Type,Wild-Type,Wild-Type,Wild-Type,Wild-Type,Wild-Type,Wild-Type,Wild-Type,Wild-Type,Wild-Type,Wild-Type,Mutated,Wild-Type,Mutated,Wild-Type,Wild-Type,Wild-Type
436,S538,Wild-Type,Wild-Type,Wild-Type,Wild-Type,Wild-Type,Wild-Type,Wild-Type,Wild-Type,Wild-Type,Wild-Type,Wild-Type,Wild-Type,Wild-Type,Wild-Type,Wild-Type,Mutated,Wild-Type,Mutated,Wild-Type,Wild-Type,Wild-Type,Wild-Type,Wild-Type,Wild-Type,Wild-Type,Wild-Type,Wild-Type,Wild-Type,Wild-Type,Mutated,Wild-Type,Wild-Type,Wild-Type,Wild-Type,Wild-Type,Wild-Type,Wild-Type,Wild-Type,Wild-Type,Wild-Type,Wild-Type,Wild-Type,Wild-Type,Wild-Type,Mutated,Mutated,Wild-Type,Wild-Type,Wild-Type,Wild-Type,Wild-Type,Wild-Type,Wild-Type,Wild-Type,Wild-Type,Wild-Type,Wild-Type,Wild-Type,Wild-Type,Wild-Type,Wild-Type,Wild-Type,Wild-Type,Wild-Type,Wild-Type,Wild-Type,Wild-Type,Wild-Type,Wild-Type,Wild-Type,Wild-Type,Wild-Type
437,S539,Wild-Type,Wild-Type,Wild-Type,Wild-Type,Mutated,Wild-Type,Wild-Type,Wild-Type,Wild-Type,Wild-Type,Wild-Type,Wild-Type,Wild-Type,Wild-Type,Wild-Type,Mutated,Wild-Type,Wild-Type,Wild-Type,Wild-Type,Wild-Type,Wild-Type,Mutated,Wild-Type,Wild-Type,Wild-Type,Wild-Type,Wild-Type,Wild-Type,Mutated,Wild-Type,Wild-Type,Wild-Type,Wild-Type,Wild-Type,Wild-Type,Mutated,Wild-Type,Wild-Type,Wild-Type,Wild-Type,Wild-Type,Wild-Type,Wild-Type,Mutated,Mutated,Wild-Type,Wild-Type,Wild-Type,Wild-Type,Wild-Type,Wild-Type,Mutated,Wild-Type,Wild-Type,Wild-Type,Wild-Type,Wild-Type,Wild-Type,Wild-Type,Wild-Type,Wild-Type,Wild-Type,Wild-Type,Wild-Type,Wild-Type,Wild-Type,Wild-Type,Wild-Type,Wild-Type,Wild-Type,Wild-Type
438,S540,Wild-Type,Wild-Type,Wild-Type,Wild-Type,Wild-Type,Wild-Type,Wild-Type,Wild-Type,Wild-Type,Wild-Type,Wild-Type,Wild-Type,Wild-Type,Wild-Type,Wild-Type,Wild-Type,Wild-Type,Wild-Type,Wild-Type,Wild-Type,Wild-Type,Wild-Type,Wild-Type,Wild-Type,Wild-Type,Wild-Type,Wild-Type,Wild-Type,Wild-Type,Wild-Type,Wild-Type,Wild-Type,Wild-Type,Wild-Type,Wild-Type,Wild-Type,Wild-Type,Wild-Type,Wild-Type,Wild-Type,Wild-Type,Wild-Type,Wild-Type,Mutated,Wild-Type,Mutated,Wild-Type,Wild-Type,Wild-Type,Wild-Type,Wild-Type,Wild-Type,Wild-Type,Wild-Type,Wild-Type,Wild-Type,Wild-Type,Wild-Type,Wild-Type,Wild-Type,Wild-Type,Wild-Type,Wild-Type,Wild-Type,Wild-Type,Wild-Type,Wild-Type,Wild-Type,Wild-Type,Wild-Type,Wild-Type,Wild-Type
439,S610,Wild-Type,Wild-Type,Wild-Type,Wild-Type,Wild-Type,Wild-Type,Wild-Type,Wild-Type,Wild-Type,Wild-Type,Wild-Type,Wild-Type,Wild-Type,Wild-Type,Wild-Type,Wild-Type,Wild-Type,Wild-Type,Wild-Type,Wild-Type,Wild-Type,Wild-Type,Wild-Type,Wild-Type,Wild-Type,Wild-Type,Wild-Type,Wild-Type,Wild-Type,Wild-Type,Wild-Type,Wild-Type,Wild-Type,Wild-Type,Wild-Type,Wild-Type,Wild-Type,Wild-Type,Wild-Type,Wild-Type,Wild-Type,Wild-Type,Wild-Type,Wild-Type,Wild-Type,Mutated,Wild-Type,Wild-Type,Wild-Type,Wild-Type,Wild-Type,Wild-Type,Wild-Type,Wild-Type,Wild-Type,Wild-Type,Wild-Type,Wild-Type,Wild-Type,Wild-Type,Wild-Type,Wild-Type,Wild-Type,Wild-Type,Wild-Type,Wild-Type,Wild-Type,Wild-Type,Wild-Type,Wild-Type,Wild-Type,Wild-Type
440,S611,Wild-Type,Wild-Type,Wild-Type,Wild-Type,Wild-Type,Wild-Type,Wild-Type,Wild-Type,Wild-Type,Wild-Type,Wild-Type,Wild-Type,Wild-Type,Wild-Type,Wild-Type,Wild-Type,Wild-Type,Wild-Type,Wild-Type,Wild-Type,Wild-Type,Wild-Type,Wild-Type,Wild-Type,Wild-Type,Wild-Type,Wild-Type,Wild-Type,Wild-Type,Wild-Type,Wild-Type,Wild-Type,Wild-Type,Wild-Type,Wild-Type,Wild-Type,Wild-Type,Mutated,Wild-Type,Wild-Type,Wild-Type,Wild-Type,Wild-Type,Wild-Type,Mutated,Wild-Type,Wild-Type,Wild-Type,Wild-Type,Wild-Type,Wild-Type,Wild-Type,Wild-Type,Wild-Type,Wild-Type,Wild-Type,Wild-Type,Wild-Type,Wild-Type,Wild-Type,Wild-Type,Wild-Type,Wild-Type,Wild-Type,Wild-Type,Wild-Type,Wild-Type,Wild-Type,Wild-Type,Wild-Type,Wild-Type,Wild-Type
441,C455,Wild-Type,Wild-Type,Wild-Type,Wild-Type,Wild-Type,Wild-Type,Wild-Type,Wild-Type,Wild-Type,Wild-Type,Wild-Type,Wild-Type,Wild-Type,Wild-Type,Wild-Type,Wild-Type,Wild-Type,Wild-Type,Wild-Type,Wild-Type,Wild-Type,Wild-Type,Wild-Type,Wild-Type,Wild-Type,Wild-Type,Wild-Type,Wild-Type,Wild-Type,Mutated,Wild-Type,Wild-Type,Wild-Type,Wild-Type,Wild-Type,Wild-Type,Wild-Type,Mutated,Wild-Type,Wild-Type,Mutated,Wild-Type,Mutated,Wild-Type,Wild-Type,Wild-Type,Mutated,Wild-Type,Wild-Type,Wild-Type,Wild-Type,Wild-Type,Wild-Type,Wild-Type,Wild-Type,Wild-Type,Mutated,Wild-Type,Wild-Type,Wild-Type,Wild-Type,Wild-Type,Mutated,Wild-Type,Wild-Type,Wild-Type,Wild-Type,Mutated,Wild-Type,Wild-Type,Wild-Type,Wild-Type
442,S612,Wild-Type,Wild-Type,Wild-Type,Wild-Type,Wild-Type,Wild-Type,Wild-Type,Wild-Type,Wild-Type,Wild-Type,Wild-Type,Wild-Type,Wild-Type,Wild-Type,Wild-Type,Mutated,Wild-Type,Wild-Type,Wild-Type,Wild-Type,Wild-Type,Wild-Type,Wild-Type,Mutated,Wild-Type,Mutated,Wild-Type,Wild-Type,Wild-Type,Mutated,Wild-Type,Wild-Type,Wild-Type,Wild-Type,Wild-Type,Wild-Type,Wild-Type,Wild-Type,Wild-Type,Wild-Type,Wild-Type,Wild-Type,Wild-Type,Wild-Type,Wild-Type,Wild-Type,Wild-Type,Wild-Type,Wild-Type,Wild-Type,Wild-Type,Wild-Type,Wild-Type,Wild-Type,Wild-Type,Wild-Type,Wild-Type,Wild-Type,Wild-Type,Wild-Type,Wild-Type,Wild-Type,Mutated,Wild-Type,Wild-Type,Wild-Type,Wild-Type,Wild-Type,Wild-Type,Wild-Type,Wild-Type,Wild-Type
443,S613,Mutated,Wild-Type,Wild-Type,Wild-Type,Wild-Type,Wild-Type,Wild-Type,Wild-Type,Wild-Type,Wild-Type,Wild-Type,Wild-Type,Wild-Type,Wild-Type,Wild-Type,Wild-Type,Wild-Type,Wild-Type,Wild-Type,Wild-Type,Wild-Type,Wild-Type,Wild-Type,Wild-Type,Wild-Type,Wild-Type,Wild-Type,Wild-Type,Wild-Type,Wild-Type,Wild-Type,Wild-Type,Wild-Type,Wild-Type,Wild-Type,Wild-Type,Wild-Type,Wild-Type,Wild-Type,Wild-Type,Wild-Type,Wild-Type,Wild-Type,Wild-Type,Wild-Type,Mutated,Wild-Type,Wild-Type,Wild-Type,Wild-Type,Wild-Type,Wild-Type,Wild-Type,Wild-Type,Wild-Type,Wild-Type,Wild-Type,Wild-Type,Wild-Type,Wild-Type,Wild-Type,Wild-Type,Mutated,Mutated,Wild-Type,Wild-Type,Mutated,Wild-Type,Wild-Type,Wild-Type,Wild-Type,Wild-Type
444,S543,Mutated,Wild-Type,Wild-Type,Wild-Type,Wild-Type,Wild-Type,Wild-Type,Wild-Type,Wild-Type,Wild-Type,Wild-Type,Wild-Type,Wild-Type,Mutated,Wild-Type,Wild-Type,Wild-Type,Wild-Type,Wild-Type,Wild-Type,Wild-Type,Wild-Type,Wild-Type,Wild-Type,Wild-Type,Wild-Type,Wild-Type,Wild-Type,Wild-Type,Wild-Type,Wild-Type,Wild-Type,Wild-Type,Wild-Type,Wild-Type,Wild-Type,Mutated,Wild-Type,Wild-Type,Wild-Type,Wild-Type,Wild-Type,Wild-Type,Wild-Type,Wild-Type,Wild-Type,Wild-Type,Wild-Type,Wild-Type,Wild-Type,Wild-Type,Wild-Type,Wild-Type,Wild-Type,Wild-Type,Wild-Type,Wild-Type,Wild-Type,Wild-Type,Wild-Type,Wild-Type,Wild-Type,Wild-Type,Wild-Type,Wild-Type,Wild-Type,Wild-Type,Wild-Type,Wild-Type,Wild-Type,Mutated,Wild-Type
445,S544,Wild-Type,Wild-Type,Wild-Type,Wild-Type,Wild-Type,Wild-Type,Wild-Type,Wild-Type,Wild-Type,Wild-Type,Wild-Type,Wild-Type,Wild-Type,Wild-Type,Wild-Type,Mutated,Wild-Type,Wild-Type,Wild-Type,Wild-Type,Wild-Type,Wild-Type,Wild-Type,Mutated,Wild-Type,Mutated,Wild-Type,Wild-Type,Wild-Type,Wild-Type,Wild-Type,Wild-Type,Wild-Type,Wild-Type,Wild-Type,Wild-Type,Wild-Type,Wild-Type,Wild-Type,Wild-Type,Wild-Type,Wild-Type,Wild-Type,Wild-Type,Mutated,Wild-Type,Wild-Type,Wild-Type,Wild-Type,Wild-Type,Wild-Type,Wild-Type,Wild-Type,Wild-Type,Wild-Type,Wild-Type,Wild-Type,Wild-Type,Wild-Type,Wild-Type,Wild-Type,Wild-Type,Wild-Type,Wild-Type,Wild-Type,Wild-Type,Wild-Type,Wild-Type,Wild-Type,Wild-Type,Wild-Type,Wild-Type
446,S545,Wild-Type,Wild-Type,Wild-Type,Wild-Type,Wild-Type,Wild-Type,Wild-Type,Wild-Type,Mutated,Wild-Type,Wild-Type,Wild-Type,Wild-Type,Wild-Type,Wild-Type,Wild-Type,Wild-Type,Wild-Type,Wild-Type,Wild-Type,Wild-Type,Wild-Type,Wild-Type,Wild-Type,Wild-Type,Wild-Type,Wild-Type,Wild-Type,Wild-Type,Wild-Type,Wild-Type,Wild-Type,Wild-Type,Wild-Type,Wild-Type,Wild-Type,Wild-Type,Wild-Type,Wild-Type,Wild-Type,Wild-Type,Wild-Type,Wild-Type,Wild-Type,Wild-Type,Wild-Type,Wild-Type,Wild-Type,Wild-Type,Wild-Type,Wild-Type,Wild-Type,Wild-Type,Wild-Type,Wild-Type,Wild-Type,Mutated,Wild-Type,Wild-Type,Mutated,Wild-Type,Wild-Type,Wild-Type,Wild-Type,Wild-Type,Wild-Type,Wild-Type,Wild-Type,Wild-Type,Wild-Type,Wild-Type,Wild-Type
447,C396,Wild-Type,Wild-Type,Mutated,Wild-Type,Wild-Type,Wild-Type,Wild-Type,Wild-Type,Wild-Type,Wild-Type,Wild-Type,Wild-Type,Wild-Type,Wild-Type,Wild-Type,Wild-Type,Wild-Type,Wild-Type,Wild-Type,Wild-Type,Wild-Type,Wild-Type,Wild-Type,Mutated,Wild-Type,Mutated,Wild-Type,Wild-Type,Wild-Type,Wild-Type,Wild-Type,Wild-Type,Wild-Type,Wild-Type,Wild-Type,Wild-Type,Wild-Type,Wild-Type,Mutated,Wild-Type,Wild-Type,Wild-Type,Wild-Type,Wild-Type,Wild-Type,Wild-Type,Wild-Type,Wild-Type,Wild-Type,Wild-Type,Wild-Type,Wild-Type,Wild-Type,Wild-Type,Wild-Type,Mutated,Mutated,Wild-Type,Wild-Type,Mutated,Wild-Type,Wild-Type,Wild-Type,Wild-Type,Wild-Type,Wild-Type,Wild-Type,Wild-Type,Wild-Type,Wild-Type,Wild-Type,Wild-Type
448,S546,Wild-Type,Wild-Type,Mutated,Wild-Type,Wild-Type,Wild-Type,Wild-Type,Wild-Type,Mutated,Wild-Type,Wild-Type,Wild-Type,Wild-Type,Wild-Type,Wild-Type,Wild-Type,Wild-Type,Wild-Type,Wild-Type,Wild-Type,Wild-Type,Wild-Type,Wild-Type,Mutated,Wild-Type,Mutated,Wild-Type,Wild-Type,Wild-Type,Wild-Type,Wild-Type,Wild-Type,Wild-Type,Wild-Type,Wild-Type,Wild-Type,Wild-Type,Wild-Type,Mutated,Wild-Type,Wild-Type,Wild-Type,Wild-Type,Wild-Type,Wild-Type,Wild-Type,Wild-Type,Wild-Type,Wild-Type,Wild-Type,Wild-Type,Wild-Type,Wild-Type,Wild-Type,Wild-Type,Mutated,Mutated,Wild-Type,Wild-Type,Mutated,Wild-Type,Wild-Type,Wild-Type,Wild-Type,Wild-Type,Wild-Type,Wild-Type,Wild-Type,Wild-Type,Wild-Type,Wild-Type,Wild-Type
449,C417,Wild-Type,Wild-Type,Mutated,Wild-Type,Wild-Type,Wild-Type,Wild-Type,Wild-Type,Mutated,Wild-Type,Wild-Type,Wild-Type,Wild-Type,Wild-Type,Wild-Type,Wild-Type,Wild-Type,Wild-Type,Wild-Type,Wild-Type,Wild-Type,Wild-Type,Wild-Type,Mutated,Wild-Type,Mutated,Wild-Type,Wild-Type,Wild-Type,Wild-Type,Wild-Type,Wild-Type,Wild-Type,Wild-Type,Wild-Type,Wild-Type,Wild-Type,Wild-Type,Mutated,Wild-Type,Wild-Type,Wild-Type,Wild-Type,Wild-Type,Wild-Type,Wild-Type,Wild-Type,Wild-Type,Wild-Type,Wild-Type,Wild-Type,Wild-Type,Wild-Type,Wild-Type,Wild-Type,Mutated,Mutated,Wild-Type,Wild-Type,Mutated,Wild-Type,Wild-Type,Wild-Type,Wild-Type,Wild-Type,Wild-Type,Wild-Type,Wild-Type,Wild-Type,Wild-Type,Mutated,Wild-Type
450,C583,Wild-Type,Wild-Type,Mutated,Wild-Type,Wild-Type,Wild-Type,Wild-Type,Wild-Type,Mutated,Wild-Type,Wild-Type,Wild-Type,Wild-Type,Wild-Type,Wild-Type,Wild-Type,Wild-Type,Wild-Type,Wild-Type,Wild-Type,Wild-Type,Wild-Type,Wild-Type,Mutated,Wild-Type,Mutated,Wild-Type,Wild-Type,Wild-Type,Wild-Type,Wild-Type,Wild-Type,Wild-Type,Wild-Type,Wild-Type,Wild-Type,Wild-Type,Wild-Type,Mutated,Wild-Type,Wild-Type,Wild-Type,Wild-Type,Wild-Type,Wild-Type,Wild-Type,Wild-Type,Wild-Type,Wild-Type,Wild-Type,Wild-Type,Wild-Type,Wild-Type,Wild-Type,Wild-Type,Mutated,Mutated,Wild-Type,Wild-Type,Mutated,Wild-Type,Wild-Type,Wild-Type,Wild-Type,Wild-Type,Wild-Type,Wild-Type,Wild-Type,Wild-Type,Wild-Type,Mutated,Wild-Type
451,C587,,,,,,,,,,,,,,,,,,,,,,,,,,,,,,,,,,,,,,,,,,,,,,,,,,,,,,,,,,,,,,,,,,,,,,,,
452,C588,,,,,,,,,,,,,,,,,,,,,,,,,,,,,,,,,,,,,,,,,,,,,,,,,,,,,,,,,,,,,,,,,,,,,,,,
453,C420,,,,,,,,,,,,,,,,,,,,,,,,,,,,,,,,,,,,,,,,,,,,,,,,,,,,,,,,,,,,,,,,,,,,,,,,
454,S547,Wild-Type,Wild-Type,Wild-Type,Wild-Type,Wild-Type,Wild-Type,Wild-Type,Wild-Type,Wild-Type,Wild-Type,Mutated,Wild-Type,Wild-Type,Wild-Type,Wild-Type,Wild-Type,Wild-Type,Wild-Type,Wild-Type,Wild-Type,Wild-Type,Wild-Type,Wild-Type,Wild-Type,Wild-Type,Wild-Type,Mutated,Wild-Type,Wild-Type,Wild-Type,Wild-Type,Wild-Type,Wild-Type,Wild-Type,Wild-Type,Wild-Type,Wild-Type,Wild-Type,Wild-Type,Wild-Type,Wild-Type,Wild-Type,Wild-Type,Wild-Type,Wild-Type,Wild-Type,Wild-Type,Wild-Type,Wild-Type,Wild-Type,Wild-Type,Wild-Type,Wild-Type,Wild-Type,Wild-Type,Wild-Type,Mutated,Wild-Type,Wild-Type,Wild-Type,Wild-Type,Wild-Type,Wild-Type,Wild-Type,Wild-Type,Wild-Type,Wild-Type,Wild-Type,Wild-Type,Wild-Type,Wild-Type,Wild-Type
455,S614,Wild-Type,Wild-Type,Wild-Type,Wild-Type,Wild-Type,Wild-Type,Wild-Type,Wild-Type,Wild-Type,Wild-Type,Wild-Type,Wild-Type,Wild-Type,Wild-Type,Wild-Type,Mutated,Wild-Type,Wild-Type,Wild-Type,Wild-Type,Wild-Type,Wild-Type,Wild-Type,Mutated,Wild-Type,Mutated,Wild-Type,Wild-Type,Mutated,Mutated,Wild-Type,Wild-Type,Wild-Type,Mutated,Wild-Type,Wild-Type,Wild-Type,Wild-Type,Wild-Type,Wild-Type,Wild-Type,Wild-Type,Wild-Type,Wild-Type,Mutated,Wild-Type,Wild-Type,Wild-Type,Wild-Type,Wild-Type,Wild-Type,Wild-Type,Wild-Type,Wild-Type,Wild-Type,Wild-Type,Wild-Type,Wild-Type,Wild-Type,Wild-Type,Wild-Type,Wild-Type,Wild-Type,Wild-Type,Wild-Type,Wild-Type,Wild-Type,Wild-Type,Wild-Type,Wild-Type,Wild-Type,Wild-Type
456,C412,Mutated,Wild-Type,Mutated,Wild-Type,Mutated,Wild-Type,Wild-Type,Wild-Type,Wild-Type,Wild-Type,Mutated,Wild-Type,Wild-Type,Wild-Type,Mutated,Mutated,Wild-Type,Wild-Type,Wild-Type,Wild-Type,Wild-Type,Wild-Type,Wild-Type,Wild-Type,Wild-Type,Wild-Type,Wild-Type,Wild-Type,Wild-Type,Wild-Type,Wild-Type,Wild-Type,Wild-Type,Wild-Type,Wild-Type,Wild-Type,Wild-Type,Wild-Type,Wild-Type,Wild-Type,Wild-Type,Wild-Type,Wild-Type,Wild-Type,Wild-Type,Wild-Type,Wild-Type,Wild-Type,Mutated,Wild-Type,Mutated,Wild-Type,Mutated,Wild-Type,Wild-Type,Wild-Type,Mutated,Wild-Type,Wild-Type,Wild-Type,Wild-Type,Wild-Type,Mutated,Mutated,Wild-Type,Wild-Type,Mutated,Wild-Type,Wild-Type,Wild-Type,Wild-Type,Wild-Type
457,C368,Wild-Type,Wild-Type,Wild-Type,Wild-Type,Wild-Type,Wild-Type,Wild-Type,Wild-Type,Wild-Type,Wild-Type,Wild-Type,Wild-Type,Wild-Type,Mutated,Wild-Type,Wild-Type,Wild-Type,Wild-Type,Wild-Type,Wild-Type,Wild-Type,Wild-Type,Wild-Type,Mutated,Wild-Type,Mutated,Mutated,Wild-Type,Wild-Type,Wild-Type,Wild-Type,Wild-Type,Wild-Type,Wild-Type,Mutated,Wild-Type,Wild-Type,Wild-Type,Wild-Type,Wild-Type,Wild-Type,Wild-Type,Wild-Type,Wild-Type,Wild-Type,Wild-Type,Wild-Type,Wild-Type,Wild-Type,Wild-Type,Wild-Type,Wild-Type,Wild-Type,Wild-Type,Wild-Type,Wild-Type,Wild-Type,Wild-Type,Wild-Type,Wild-Type,Wild-Type,Wild-Type,Wild-Type,Wild-Type,Wild-Type,Wild-Type,Mutated,Wild-Type,Wild-Type,Wild-Type,Wild-Type,Wild-Type
458,C371,Wild-Type,Wild-Type,Wild-Type,Wild-Type,Wild-Type,Wild-Type,Wild-Type,Wild-Type,Wild-Type,Wild-Type,Wild-Type,Wild-Type,Wild-Type,Mutated,Wild-Type,Wild-Type,Wild-Type,Wild-Type,Wild-Type,Wild-Type,Wild-Type,Wild-Type,Wild-Type,Mutated,Wild-Type,Mutated,Mutated,Wild-Type,Wild-Type,Wild-Type,Wild-Type,Wild-Type,Wild-Type,Wild-Type,Mutated,Wild-Type,Wild-Type,Wild-Type,Wild-Type,Wild-Type,Wild-Type,Wild-Type,Wild-Type,Wild-Type,Wild-Type,Wild-Type,Wild-Type,Wild-Type,Wild-Type,Wild-Type,Wild-Type,Wild-Type,Wild-Type,Wild-Type,Wild-Type,Wild-Type,Wild-Type,Wild-Type,Wild-Type,Wild-Type,Wild-Type,Wild-Type,Wild-Type,Wild-Type,Wild-Type,Wild-Type,Mutated,Wild-Type,Wild-Type,Wild-Type,Wild-Type,Wild-Type
459,C486,Wild-Type,Wild-Type,Wild-Type,Wild-Type,Wild-Type,Wild-Type,Wild-Type,Wild-Type,Wild-Type,Wild-Type,Wild-Type,Wild-Type,Wild-Type,Mutated,Wild-Type,Wild-Type,Mutated,Wild-Type,Wild-Type,Wild-Type,Wild-Type,Mutated,Wild-Type,Mutated,Wild-Type,Mutated,Mutated,Wild-Type,Wild-Type,Wild-Type,Wild-Type,Wild-Type,Wild-Type,Wild-Type,Mutated,Wild-Type,Wild-Type,Wild-Type,Wild-Type,Wild-Type,Wild-Type,Wild-Type,Wild-Type,Wild-Type,Wild-Type,Mutated,Wild-Type,Wild-Type,Wild-Type,Wild-Type,Wild-Type,Wild-Type,Wild-Type,Wild-Type,Wild-Type,Wild-Type,Wild-Type,Wild-Type,Wild-Type,Wild-Type,Wild-Type,Mutated,Wild-Type,Wild-Type,Wild-Type,Wild-Type,Mutated,Wild-Type,Wild-Type,Mutated,Wild-Type,Wild-Type
460,S548,Wild-Type,Wild-Type,Wild-Type,Wild-Type,Wild-Type,Wild-Type,Wild-Type,Mutated,Wild-Type,Wild-Type,Wild-Type,Wild-Type,Wild-Type,Wild-Type,Wild-Type,Mutated,Wild-Type,Wild-Type,Wild-Type,Wild-Type,Wild-Type,Wild-Type,Wild-Type,Mutated,Wild-Type,Mutated,Wild-Type,Wild-Type,Mutated,Mutated,Wild-Type,Wild-Type,Wild-Type,Wild-Type,Wild-Type,Wild-Type,Wild-Type,Wild-Type,Wild-Type,Wild-Type,Wild-Type,Wild-Type,Wild-Type,Wild-Type,Mutated,Wild-Type,Wild-Type,Wild-Type,Wild-Type,Wild-Type,Wild-Type,Wild-Type,Wild-Type,Wild-Type,Wild-Type,Wild-Type,Wild-Type,Wild-Type,Wild-Type,Wild-Type,Wild-Type,Wild-Type,Wild-Type,Wild-Type,Wild-Type,Wild-Type,Wild-Type,Wild-Type,Wild-Type,Wild-Type,Wild-Type,Wild-Type
461,S549,Wild-Type,Wild-Type,Wild-Type,Wild-Type,Wild-Type,Wild-Type,Wild-Type,Wild-Type,Wild-Type,Wild-Type,Wild-Type,Wild-Type,Wild-Type,Wild-Type,Wild-Type,Mutated,Wild-Type,Wild-Type,Wild-Type,Wild-Type,Wild-Type,Wild-Type,Wild-Type,Wild-Type,Wild-Type,Wild-Type,Wild-Type,Wild-Type,Mutated,Wild-Type,Wild-Type,Wild-Type,Wild-Type,Wild-Type,Wild-Type,Wild-Type,Wild-Type,Wild-Type,Wild-Type,Wild-Type,Wild-Type,Wild-Type,Wild-Type,Wild-Type,Wild-Type,Wild-Type,Wild-Type,Wild-Type,Wild-Type,Wild-Type,Wild-Type,Wild-Type,Wild-Type,Wild-Type,Wild-Type,Wild-Type,Wild-Type,Wild-Type,Wild-Type,Wild-Type,Wild-Type,Wild-Type,Wild-Type,Mutated,Wild-Type,Wild-Type,Wild-Type,Wild-Type,Wild-Type,Wild-Type,Wild-Type,Wild-Type
462,S550,Mutated,Wild-Type,Wild-Type,Wild-Type,Wild-Type,Wild-Type,Wild-Type,Mutated,Wild-Type,Wild-Type,Wild-Type,Wild-Type,Wild-Type,Mutated,Mutated,Wild-Type,Wild-Type,Wild-Type,Wild-Type,Wild-Type,Mutated,Wild-Type,Wild-Type,Mutated,Wild-Type,Wild-Type,Wild-Type,Wild-Type,Wild-Type,Wild-Type,Wild-Type,Wild-Type,Wild-Type,Wild-Type,Wild-Type,Wild-Type,Wild-Type,Wild-Type,Wild-Type,Wild-Type,Wild-Type,Wild-Type,Wild-Type,Wild-Type,Wild-Type,Mutated,Wild-Type,Wild-Type,Wild-Type,Wild-Type,Wild-Type,Wild-Type,Wild-Type,Wild-Type,Wild-Type,Wild-Type,Mutated,Wild-Type,Wild-Type,Wild-Type,Wild-Type,Wild-Type,Wild-Type,Wild-Type,Wild-Type,Wild-Type,Wild-Type,Wild-Type,Wild-Type,Wild-Type,Wild-Type,Wild-Type
463,S551,Mutated,Wild-Type,Wild-Type,Wild-Type,Wild-Type,Wild-Type,Wild-Type,Wild-Type,Wild-Type,Wild-Type,Wild-Type,Wild-Type,Wild-Type,Mutated,Wild-Type,Wild-Type,Wild-Type,Wild-Type,Wild-Type,Wild-Type,Wild-Type,Wild-Type,Wild-Type,Mutated,Wild-Type,Wild-Type,Wild-Type,Wild-Type,Wild-Type,Wild-Type,Wild-Type,Wild-Type,Wild-Type,Wild-Type,Wild-Type,Wild-Type,Wild-Type,Wild-Type,Wild-Type,Wild-Type,Wild-Type,Wild-Type,Wild-Type,Wild-Type,Wild-Type,Mutated,Wild-Type,Wild-Type,Wild-Type,Wild-Type,Wild-Type,Wild-Type,Wild-Type,Wild-Type,Wild-Type,Wild-Type,Mutated,Wild-Type,Wild-Type,Wild-Type,Wild-Type,Wild-Type,Wild-Type,Wild-Type,Wild-Type,Wild-Type,Wild-Type,Wild-Type,Wild-Type,Wild-Type,Wild-Type,Wild-Type
464,S552,Mutated,Wild-Type,Wild-Type,Wild-Type,Wild-Type,Wild-Type,Wild-Type,Wild-Type,Wild-Type,Wild-Type,Wild-Type,Wild-Type,Wild-Type,Mutated,Wild-Type,Wild-Type,Wild-Type,Wild-Type,Wild-Type,Wild-Type,Wild-Type,Wild-Type,Wild-Type,Mutated,Wild-Type,Wild-Type,Wild-Type,Wild-Type,Wild-Type,Wild-Type,Wild-Type,Wild-Type,Wild-Type,Wild-Type,Wild-Type,Wild-Type,Wild-Type,Wild-Type,Wild-Type,Wild-Type,Wild-Type,Wild-Type,Wild-Type,Wild-Type,Wild-Type,Mutated,Wild-Type,Wild-Type,Wild-Type,Wild-Type,Wild-Type,Wild-Type,Wild-Type,Wild-Type,Wild-Type,Wild-Type,Mutated,Wild-Type,Wild-Type,Wild-Type,Wild-Type,Wild-Type,Wild-Type,Wild-Type,Wild-Type,Wild-Type,Wild-Type,Wild-Type,Wild-Type,Wild-Type,Wild-Type,Wild-Type
465,S553,Wild-Type,Wild-Type,Wild-Type,Wild-Type,Wild-Type,Wild-Type,Wild-Type,Wild-Type,Wild-Type,Wild-Type,Wild-Type,Wild-Type,Wild-Type,Wild-Type,Wild-Type,Mutated,Wild-Type,Wild-Type,Wild-Type,Mutated,Wild-Type,Wild-Type,Wild-Type,Wild-Type,Wild-Type,Wild-Type,Wild-Type,Wild-Type,Wild-Type,Wild-Type,Wild-Type,Mutated,Wild-Type,Wild-Type,Wild-Type,Wild-Type,Mutated,Wild-Type,Wild-Type,Wild-Type,Wild-Type,Wild-Type,Wild-Type,Wild-Type,Wild-Type,Wild-Type,Wild-Type,Wild-Type,Wild-Type,Wild-Type,Wild-Type,Wild-Type,Wild-Type,Wild-Type,Wild-Type,Wild-Type,Wild-Type,Wild-Type,Wild-Type,Wild-Type,Wild-Type,Wild-Type,Wild-Type,Wild-Type,Wild-Type,Wild-Type,Wild-Type,Wild-Type,Wild-Type,Wild-Type,Wild-Type,Wild-Type
466,S554,Wild-Type,Wild-Type,Wild-Type,Wild-Type,Wild-Type,Wild-Type,Wild-Type,Wild-Type,Wild-Type,Wild-Type,Mutated,Wild-Type,Wild-Type,Wild-Type,Wild-Type,Mutated,Wild-Type,Wild-Type,Wild-Type,Wild-Type,Mutated,Wild-Type,Wild-Type,Wild-Type,Wild-Type,Wild-Type,Mutated,Wild-Type,Wild-Type,Wild-Type,Wild-Type,Wild-Type,Wild-Type,Wild-Type,Wild-Type,Wild-Type,Wild-Type,Wild-Type,Wild-Type,Wild-Type,Wild-Type,Wild-Type,Wild-Type,Wild-Type,Wild-Type,Mutated,Wild-Type,Wild-Type,Wild-Type,Wild-Type,Wild-Type,Wild-Type,Wild-Type,Wild-Type,Wild-Type,Wild-Type,Wild-Type,Wild-Type,Wild-Type,Wild-Type,Wild-Type,Wild-Type,Wild-Type,Wild-Type,Wild-Type,Wild-Type,Wild-Type,Wild-Type,Wild-Type,Wild-Type,Wild-Type,Wild-Type
467,S555,Mutated,Wild-Type,Wild-Type,Wild-Type,Wild-Type,Wild-Type,Wild-Type,Wild-Type,Wild-Type,Wild-Type,Wild-Type,Wild-Type,Wild-Type,Wild-Type,Wild-Type,Wild-Type,Wild-Type,Wild-Type,Wild-Type,Wild-Type,Wild-Type,Wild-Type,Wild-Type,Wild-Type,Wild-Type,Wild-Type,Wild-Type,Wild-Type,Mutated,Wild-Type,Wild-Type,Wild-Type,Wild-Type,Wild-Type,Wild-Type,Wild-Type,Mutated,Wild-Type,Wild-Type,Wild-Type,Wild-Type,Wild-Type,Wild-Type,Wild-Type,Mutated,Wild-Type,Wild-Type,Wild-Type,Wild-Type,Wild-Type,Wild-Type,Wild-Type,Mutated,Wild-Type,Wild-Type,Wild-Type,Wild-Type,Wild-Type,Wild-Type,Wild-Type,Wild-Type,Wild-Type,Wild-Type,Wild-Type,Wild-Type,Wild-Type,Wild-Type,Wild-Type,Wild-Type,Wild-Type,Wild-Type,Wild-Type
468,C435,Mutated,Wild-Type,Wild-Type,Wild-Type,Wild-Type,Wild-Type,Wild-Type,Wild-Type,Wild-Type,Wild-Type,Wild-Type,Wild-Type,Wild-Type,Wild-Type,Wild-Type,Wild-Type,Wild-Type,Wild-Type,Wild-Type,Wild-Type,Mutated,Wild-Type,Wild-Type,Wild-Type,Wild-Type,Wild-Type,Mutated,Wild-Type,Wild-Type,Wild-Type,Wild-Type,Wild-Type,Wild-Type,Wild-Type,Wild-Type,Wild-Type,Wild-Type,Wild-Type,Wild-Type,Wild-Type,Wild-Type,Wild-Type,Mutated,Wild-Type,Wild-Type,Wild-Type,Wild-Type,Wild-Type,Wild-Type,Wild-Type,Wild-Type,Wild-Type,Wild-Type,Wild-Type,Wild-Type,Wild-Type,Wild-Type,Mutated,Wild-Type,Wild-Type,Wild-Type,Wild-Type,Wild-Type,Wild-Type,Wild-Type,Mutated,Wild-Type,Wild-Type,Wild-Type,Mutated,Wild-Type,Wild-Type
469,C462,Mutated,Wild-Type,Wild-Type,Wild-Type,Wild-Type,Wild-Type,Wild-Type,Wild-Type,Wild-Type,Wild-Type,Wild-Type,Wild-Type,Wild-Type,Wild-Type,Wild-Type,Wild-Type,Wild-Type,Wild-Type,Wild-Type,Wild-Type,Mutated,Wild-Type,Wild-Type,Wild-Type,Wild-Type,Wild-Type,Wild-Type,Wild-Type,Wild-Type,Wild-Type,Wild-Type,Wild-Type,Wild-Type,Wild-Type,Wild-Type,Wild-Type,Wild-Type,Wild-Type,Wild-Type,Wild-Type,Wild-Type,Wild-Type,Mutated,Wild-Type,Wild-Type,Wild-Type,Wild-Type,Wild-Type,Wild-Type,Wild-Type,Wild-Type,Wild-Type,Wild-Type,Wild-Type,Wild-Type,Wild-Type,Wild-Type,Mutated,Wild-Type,Wild-Type,Wild-Type,Wild-Type,Wild-Type,Wild-Type,Wild-Type,Mutated,Wild-Type,Wild-Type,Wild-Type,Mutated,Wild-Type,Wild-Type
470,C473,Mutated,Wild-Type,Wild-Type,Wild-Type,Wild-Type,Wild-Type,Wild-Type,Wild-Type,Wild-Type,Wild-Type,Wild-Type,Wild-Type,Wild-Type,Wild-Type,Wild-Type,Wild-Type,Wild-Type,Wild-Type,Wild-Type,Wild-Type,Mutated,Wild-Type,Wild-Type,Mutated,Wild-Type,Mutated,Wild-Type,Wild-Type,Wild-Type,Wild-Type,Wild-Type,Wild-Type,Wild-Type,Wild-Type,Wild-Type,Wild-Type,Wild-Type,Wild-Type,Wild-Type,Wild-Type,Wild-Type,Wild-Type,Mutated,Wild-Type,Wild-Type,Mutated,Wild-Type,Wild-Type,Wild-Type,Wild-Type,Wild-Type,Wild-Type,Wild-Type,Wild-Type,Wild-Type,Wild-Type,Wild-Type,Mutated,Wild-Type,Wild-Type,Wild-Type,Wild-Type,Wild-Type,Wild-Type,Wild-Type,Mutated,Wild-Type,Wild-Type,Wild-Type,Mutated,Wild-Type,Wild-Type
471,S556,Wild-Type,Wild-Type,Wild-Type,Wild-Type,Wild-Type,Wild-Type,Wild-Type,Wild-Type,Wild-Type,Wild-Type,Wild-Type,Wild-Type,Wild-Type,Wild-Type,Wild-Type,Mutated,Wild-Type,Wild-Type,Wild-Type,Wild-Type,Wild-Type,Wild-Type,Wild-Type,Wild-Type,Wild-Type,Wild-Type,Wild-Type,Wild-Type,Wild-Type,Wild-Type,Wild-Type,Wild-Type,Wild-Type,Wild-Type,Wild-Type,Wild-Type,Wild-Type,Wild-Type,Wild-Type,Wild-Type,Wild-Type,Wild-Type,Wild-Type,Wild-Type,Mutated,Mutated,Wild-Type,Wild-Type,Wild-Type,Wild-Type,Mutated,Wild-Type,Wild-Type,Wild-Type,Wild-Type,Wild-Type,Wild-Type,Wild-Type,Wild-Type,Wild-Type,Wild-Type,Wild-Type,Wild-Type,Wild-Type,Wild-Type,Wild-Type,Mutated,Wild-Type,Wild-Type,Wild-Type,Wild-Type,Wild-Type
472,S557,Wild-Type,Wild-Type,Wild-Type,Wild-Type,Wild-Type,Wild-Type,Wild-Type,Wild-Type,Wild-Type,Wild-Type,Wild-Type,Wild-Type,Wild-Type,Wild-Type,Wild-Type,Wild-Type,Wild-Type,Wild-Type,Wild-Type,Wild-Type,Wild-Type,Wild-Type,Wild-Type,Mutated,Wild-Type,Mutated,Wild-Type,Wild-Type,Wild-Type,Wild-Type,Wild-Type,Wild-Type,Wild-Type,Wild-Type,Wild-Type,Wild-Type,Wild-Type,Wild-Type,Wild-Type,Wild-Type,Wild-Type,Wild-Type,Wild-Type,Wild-Type,Wild-Type,Mutated,Wild-Type,Wild-Type,Wild-Type,Wild-Type,Wild-Type,Wild-Type,Wild-Type,Wild-Type,Wild-Type,Wild-Type,Wild-Type,Wild-Type,Wild-Type,Wild-Type,Wild-Type,Wild-Type,Wild-Type,Wild-Type,Wild-Type,Wild-Type,Wild-Type,Wild-Type,Wild-Type,Wild-Type,Wild-Type,Wild-Type
473,S558,Wild-Type,Wild-Type,Wild-Type,Wild-Type,Wild-Type,Wild-Type,Wild-Type,Wild-Type,Wild-Type,Wild-Type,Mutated,Wild-Type,Wild-Type,Wild-Type,Wild-Type,Wild-Type,Wild-Type,Wild-Type,Wild-Type,Wild-Type,Wild-Type,Wild-Type,Wild-Type,Mutated,Wild-Type,Mutated,Mutated,Wild-Type,Wild-Type,Wild-Type,Wild-Type,Wild-Type,Wild-Type,Wild-Type,Wild-Type,Wild-Type,Wild-Type,Wild-Type,Wild-Type,Wild-Type,Wild-Type,Wild-Type,Wild-Type,Mutated,Wild-Type,Wild-Type,Wild-Type,Wild-Type,Wild-Type,Wild-Type,Wild-Type,Mutated,Wild-Type,Wild-Type,Wild-Type,Wild-Type,Wild-Type,Wild-Type,Wild-Type,Wild-Type,Wild-Type,Wild-Type,Wild-Type,Wild-Type,Wild-Type,Wild-Type,Wild-Type,Wild-Type,Wild-Type,Wild-Type,Wild-Type,Wild-Type
474,C380,Wild-Type,Wild-Type,Wild-Type,Wild-Type,Wild-Type,Wild-Type,Wild-Type,Wild-Type,Wild-Type,Wild-Type,Mutated,Wild-Type,Wild-Type,Wild-Type,Wild-Type,Wild-Type,Wild-Type,Wild-Type,Wild-Type,Wild-Type,Wild-Type,Wild-Type,Wild-Type,Mutated,Wild-Type,Mutated,Mutated,Wild-Type,Wild-Type,Wild-Type,Wild-Type,Wild-Type,Wild-Type,Wild-Type,Wild-Type,Wild-Type,Wild-Type,Wild-Type,Wild-Type,Wild-Type,Wild-Type,Wild-Type,Wild-Type,Mutated,Wild-Type,Wild-Type,Wild-Type,Wild-Type,Wild-Type,Wild-Type,Wild-Type,Mutated,Wild-Type,Wild-Type,Wild-Type,Wild-Type,Wild-Type,Wild-Type,Wild-Type,Wild-Type,Wild-Type,Wild-Type,Wild-Type,Wild-Type,Wild-Type,Wild-Type,Wild-Type,Wild-Type,Wild-Type,Wild-Type,Wild-Type,Wild-Type
475,C581,Wild-Type,Wild-Type,Wild-Type,Wild-Type,Wild-Type,Wild-Type,Wild-Type,Wild-Type,Wild-Type,Wild-Type,Mutated,Wild-Type,Wild-Type,Wild-Type,Wild-Type,Wild-Type,Wild-Type,Wild-Type,Wild-Type,Wild-Type,Wild-Type,Wild-Type,Wild-Type,Mutated,Wild-Type,Mutated,Mutated,Wild-Type,Wild-Type,Wild-Type,Wild-Type,Wild-Type,Wild-Type,Wild-Type,Wild-Type,Wild-Type,Wild-Type,Wild-Type,Wild-Type,Wild-Type,Wild-Type,Wild-Type,Wild-Type,Mutated,Wild-Type,Wild-Type,Wild-Type,Wild-Type,Wild-Type,Wild-Type,Wild-Type,Mutated,Wild-Type,Wild-Type,Wild-Type,Wild-Type,Wild-Type,Wild-Type,Wild-Type,Wild-Type,Wild-Type,Wild-Type,Wild-Type,Wild-Type,Wild-Type,Wild-Type,Wild-Type,Wild-Type,Wild-Type,Wild-Type,Wild-Type,Wild-Type
476,C589,,,,,,,,,,,,,,,,,,,,,,,,,,,,,,,,,,,,,,,,,,,,,,,,,,,,,,,,,,,,,,,,,,,,,,,,
477,S559,Wild-Type,Wild-Type,Wild-Type,Wild-Type,Wild-Type,Wild-Type,Wild-Type,Wild-Type,Wild-Type,Wild-Type,Wild-Type,Wild-Type,Wild-Type,Wild-Type,Wild-Type,Mutated,Wild-Type,Wild-Type,Wild-Type,Wild-Type,Wild-Type,Wild-Type,Wild-Type,Mutated,Wild-Type,Mutated,Wild-Type,Wild-Type,Wild-Type,Wild-Type,Wild-Type,Wild-Type,Wild-Type,Wild-Type,Mutated,Wild-Type,Wild-Type,Wild-Type,Wild-Type,Wild-Type,Wild-Type,Wild-Type,Wild-Type,Wild-Type,Wild-Type,Wild-Type,Wild-Type,Wild-Type,Wild-Type,Wild-Type,Wild-Type,Wild-Type,Wild-Type,Wild-Type,Wild-Type,Wild-Type,Wild-Type,Wild-Type,Wild-Type,Wild-Type,Wild-Type,Wild-Type,Wild-Type,Wild-Type,Wild-Type,Wild-Type,Mutated,Wild-Type,Wild-Type,Wild-Type,Mutated,Mutated
478,S560,Wild-Type,Wild-Type,Wild-Type,Wild-Type,Wild-Type,Wild-Type,Wild-Type,Wild-Type,Mutated,Wild-Type,Wild-Type,Wild-Type,Wild-Type,Mutated,Wild-Type,Wild-Type,Wild-Type,Wild-Type,Wild-Type,Wild-Type,Wild-Type,Wild-Type,Wild-Type,Mutated,Wild-Type,Mutated,Wild-Type,Wild-Type,Wild-Type,Mutated,Wild-Type,Wild-Type,Wild-Type,Mutated,Wild-Type,Wild-Type,Mutated,Wild-Type,Wild-Type,Wild-Type,Wild-Type,Wild-Type,Wild-Type,Wild-Type,Mutated,Wild-Type,Wild-Type,Wild-Type,Wild-Type,Wild-Type,Wild-Type,Wild-Type,Wild-Type,Wild-Type,Wild-Type,Wild-Type,Wild-Type,Wild-Type,Wild-Type,Wild-Type,Wild-Type,Wild-Type,Mutated,Wild-Type,Wild-Type,Wild-Type,Wild-Type,Wild-Type,Wild-Type,Wild-Type,Wild-Type,Wild-Type
479,C383,,,,,,,,,,,,,,,,,,,,,,,,,,,,,,,,,,,,,,,,,,,,,,,,,,,,,,,,,,,,,,,,,,,,,,,,
480,S561,Wild-Type,Wild-Type,Wild-Type,Wild-Type,Wild-Type,Wild-Type,Wild-Type,Wild-Type,Wild-Type,Wild-Type,Wild-Type,Wild-Type,Wild-Type,Wild-Type,Wild-Type,Wild-Type,Wild-Type,Wild-Type,Wild-Type,Wild-Type,Wild-Type,Wild-Type,Wild-Type,Wild-Type,Wild-Type,Wild-Type,Wild-Type,Wild-Type,Wild-Type,Wild-Type,Wild-Type,Wild-Type,Wild-Type,Wild-Type,Wild-Type,Wild-Type,Wild-Type,Wild-Type,Wild-Type,Wild-Type,Wild-Type,Wild-Type,Wild-Type,Wild-Type,Mutated,Wild-Type,Wild-Type,Wild-Type,Mutated,Wild-Type,Wild-Type,Wild-Type,Wild-Type,Wild-Type,Wild-Type,Wild-Type,Wild-Type,Wild-Type,Wild-Type,Wild-Type,Wild-Type,Wild-Type,Wild-Type,Wild-Type,Wild-Type,Wild-Type,Mutated,Wild-Type,Wild-Type,Wild-Type,Wild-Type,Wild-Type
481,S562,Wild-Type,Wild-Type,Wild-Type,Wild-Type,Wild-Type,Wild-Type,Wild-Type,Wild-Type,Wild-Type,Wild-Type,Wild-Type,Wild-Type,Wild-Type,Wild-Type,Wild-Type,Wild-Type,Wild-Type,Wild-Type,Wild-Type,Wild-Type,Wild-Type,Wild-Type,Wild-Type,Wild-Type,Wild-Type,Wild-Type,Wild-Type,Wild-Type,Wild-Type,Wild-Type,Wild-Type,Wild-Type,Wild-Type,Wild-Type,Wild-Type,Wild-Type,Wild-Type,Wild-Type,Wild-Type,Wild-Type,Wild-Type,Wild-Type,Wild-Type,Wild-Type,Wild-Type,Mutated,Wild-Type,Wild-Type,Mutated,Wild-Type,Wild-Type,Wild-Type,Wild-Type,Wild-Type,Wild-Type,Wild-Type,Wild-Type,Wild-Type,Wild-Type,Wild-Type,Wild-Type,Wild-Type,Wild-Type,Wild-Type,Wild-Type,Wild-Type,Wild-Type,Wild-Type,Wild-Type,Wild-Type,Mutated,Wild-Type
482,C386,Wild-Type,Wild-Type,Wild-Type,Wild-Type,Wild-Type,Wild-Type,Wild-Type,Wild-Type,Wild-Type,Wild-Type,Wild-Type,Wild-Type,Wild-Type,Wild-Type,Wild-Type,Wild-Type,Wild-Type,Wild-Type,Wild-Type,Wild-Type,Wild-Type,Wild-Type,Wild-Type,Mutated,Wild-Type,Mutated,Wild-Type,Wild-Type,Wild-Type,Wild-Type,Wild-Type,Wild-Type,Wild-Type,Wild-Type,Mutated,Wild-Type,Wild-Type,Wild-Type,Wild-Type,Wild-Type,Wild-Type,Wild-Type,Wild-Type,Wild-Type,Wild-Type,Mutated,Wild-Type,Wild-Type,Mutated,Wild-Type,Wild-Type,Wild-Type,Wild-Type,Wild-Type,Wild-Type,Wild-Type,Mutated,Wild-Type,Wild-Type,Wild-Type,Wild-Type,Wild-Type,Wild-Type,Wild-Type,Wild-Type,Wild-Type,Wild-Type,Wild-Type,Wild-Type,Wild-Type,Mutated,Wild-Type
483,C388,Wild-Type,Wild-Type,Wild-Type,Wild-Type,Wild-Type,Wild-Type,Wild-Type,Wild-Type,Wild-Type,Wild-Type,Wild-Type,Wild-Type,Wild-Type,Wild-Type,Wild-Type,Wild-Type,Wild-Type,Wild-Type,Wild-Type,Wild-Type,Wild-Type,Wild-Type,Wild-Type,Mutated,Wild-Type,Mutated,Wild-Type,Wild-Type,Wild-Type,Wild-Type,Wild-Type,Wild-Type,Wild-Type,Wild-Type,Mutated,Wild-Type,Wild-Type,Wild-Type,Wild-Type,Wild-Type,Wild-Type,Wild-Type,Wild-Type,Wild-Type,Wild-Type,Mutated,Wild-Type,Wild-Type,Mutated,Wild-Type,Wild-Type,Wild-Type,Wild-Type,Wild-Type,Wild-Type,Wild-Type,Mutated,Wild-Type,Wild-Type,Wild-Type,Wild-Type,Wild-Type,Wild-Type,Wild-Type,Wild-Type,Wild-Type,Wild-Type,Wild-Type,Wild-Type,Wild-Type,Mutated,Wild-Type
484,C391,Wild-Type,Wild-Type,Wild-Type,Wild-Type,Wild-Type,Wild-Type,Wild-Type,Wild-Type,Wild-Type,Wild-Type,Wild-Type,Wild-Type,Wild-Type,Wild-Type,Wild-Type,Wild-Type,Wild-Type,Wild-Type,Wild-Type,Wild-Type,Wild-Type,Wild-Type,Wild-Type,Mutated,Wild-Type,Mutated,Wild-Type,Wild-Type,Wild-Type,Wild-Type,Wild-Type,Wild-Type,Wild-Type,Wild-Type,Mutated,Wild-Type,Wild-Type,Wild-Type,Wild-Type,Wild-Type,Wild-Type,Wild-Type,Wild-Type,Wild-Type,Wild-Type,Mutated,Wild-Type,Wild-Type,Mutated,Wild-Type,Wild-Type,Wild-Type,Wild-Type,Wild-Type,Wild-Type,Wild-Type,Mutated,Wild-Type,Wild-Type,Wild-Type,Wild-Type,Wild-Type,Wild-Type,Wild-Type,Wild-Type,Wild-Type,Wild-Type,Wild-Type,Wild-Type,Wild-Type,Mutated,Wild-Type
485,C392,,,,,,,,,,,,,,,,,,,,,,,,Mutated,,Mutated,,,,,,,,,,,,,,,,,,,Wild-Type,,,,,,,,,,,,,,,,,,,,,,,,,,,
486,S563,Wild-Type,Wild-Type,Wild-Type,Wild-Type,Wild-Type,Wild-Type,Wild-Type,Wild-Type,Wild-Type,Wild-Type,Wild-Type,Wild-Type,Wild-Type,Wild-Type,Wild-Type,Mutated,Wild-Type,Wild-Type,Wild-Type,Wild-Type,Wild-Type,Wild-Type,Wild-Type,Mutated,Wild-Type,Mutated,Wild-Type,Wild-Type,Wild-Type,Wild-Type,Wild-Type,Wild-Type,Wild-Type,Wild-Type,Wild-Type,Wild-Type,Wild-Type,Wild-Type,Wild-Type,Wild-Type,Wild-Type,Wild-Type,Wild-Type,Wild-Type,Mutated,Wild-Type,Wild-Type,Wild-Type,Wild-Type,Wild-Type,Wild-Type,Wild-Type,Wild-Type,Wild-Type,Wild-Type,Wild-Type,Wild-Type,Wild-Type,Wild-Type,Wild-Type,Wild-Type,Wild-Type,Wild-Type,Wild-Type,Wild-Type,Wild-Type,Wild-Type,Wild-Type,Wild-Type,Wild-Type,Wild-Type,Wild-Type
487,S564,Wild-Type,Wild-Type,Wild-Type,Wild-Type,Wild-Type,Wild-Type,Wild-Type,Wild-Type,Wild-Type,Wild-Type,Wild-Type,Wild-Type,Wild-Type,Wild-Type,Wild-Type,Wild-Type,Wild-Type,Wild-Type,Wild-Type,Wild-Type,Wild-Type,Wild-Type,Wild-Type,Mutated,Wild-Type,Mutated,Wild-Type,Wild-Type,Wild-Type,Wild-Type,Wild-Type,Wild-Type,Wild-Type,Wild-Type,Mutated,Wild-Type,Wild-Type,Wild-Type,Wild-Type,Wild-Type,Wild-Type,Wild-Type,Wild-Type,Wild-Type,Wild-Type,Wild-Type,Wild-Type,Wild-Type,Wild-Type,Wild-Type,Wild-Type,Wild-Type,Wild-Type,Wild-Type,Wild-Type,Wild-Type,Mutated,Wild-Type,Wild-Type,Wild-Type,Wild-Type,Wild-Type,Wild-Type,Wild-Type,Wild-Type,Wild-Type,Wild-Type,Wild-Type,Mutated,Wild-Type,Wild-Type,Wild-Type
488,S565,Wild-Type,Wild-Type,Wild-Type,Wild-Type,Wild-Type,Wild-Type,Wild-Type,Mutated,Wild-Type,Wild-Type,Wild-Type,Wild-Type,Wild-Type,Wild-Type,Wild-Type,Wild-Type,Wild-Type,Wild-Type,Wild-Type,Wild-Type,Wild-Type,Wild-Type,Wild-Type,Wild-Type,Wild-Type,Wild-Type,Wild-Type,Wild-Type,Wild-Type,Wild-Type,Wild-Type,Wild-Type,Wild-Type,Wild-Type,Wild-Type,Wild-Type,Wild-Type,Wild-Type,Wild-Type,Wild-Type,Wild-Type,Wild-Type,Wild-Type,Wild-Type,Wild-Type,Wild-Type,Wild-Type,Wild-Type,Wild-Type,Wild-Type,Wild-Type,Wild-Type,Wild-Type,Wild-Type,Wild-Type,Wild-Type,Wild-Type,Wild-Type,Wild-Type,Wild-Type,Wild-Type,Wild-Type,Wild-Type,Wild-Type,Wild-Type,Wild-Type,Mutated,Wild-Type,Wild-Type,Wild-Type,Wild-Type,Mutated
489,S566,Wild-Type,Wild-Type,Wild-Type,Wild-Type,Wild-Type,Wild-Type,Wild-Type,Wild-Type,Wild-Type,Wild-Type,Mutated,Wild-Type,Wild-Type,Wild-Type,Wild-Type,Wild-Type,Wild-Type,Wild-Type,Wild-Type,Wild-Type,Wild-Type,Wild-Type,Wild-Type,Mutated,Wild-Type,Mutated,Wild-Type,Wild-Type,Wild-Type,Wild-Type,Wild-Type,Wild-Type,Wild-Type,Wild-Type,Wild-Type,Wild-Type,Wild-Type,Wild-Type,Wild-Type,Wild-Type,Wild-Type,Wild-Type,Wild-Type,Wild-Type,Mutated,Wild-Type,Wild-Type,Wild-Type,Wild-Type,Wild-Type,Wild-Type,Wild-Type,Wild-Type,Wild-Type,Wild-Type,Wild-Type,Wild-Type,Wild-Type,Wild-Type,Wild-Type,Wild-Type,Wild-Type,Wild-Type,Wild-Type,Wild-Type,Mutated,Wild-Type,Wild-Type,Wild-Type,Wild-Type,Wild-Type,Wild-Type
490,C394,Wild-Type,Mutated,Mutated,Wild-Type,Wild-Type,Wild-Type,Wild-Type,Wild-Type,Wild-Type,Wild-Type,Wild-Type,Wild-Type,Wild-Type,Wild-Type,Wild-Type,Wild-Type,Wild-Type,Wild-Type,Wild-Type,Wild-Type,Wild-Type,Wild-Type,Wild-Type,Mutated,Wild-Type,Mutated,Wild-Type,Wild-Type,Wild-Type,Wild-Type,Wild-Type,Wild-Type,Wild-Type,Wild-Type,Wild-Type,Mutated,Wild-Type,Wild-Type,Wild-Type,Wild-Type,Wild-Type,Wild-Type,Wild-Type,Wild-Type,Wild-Type,Wild-Type,Wild-Type,Wild-Type,Wild-Type,Mutated,Wild-Type,Wild-Type,Wild-Type,Wild-Type,Wild-Type,Wild-Type,Mutated,Wild-Type,Wild-Type,Mutated,Wild-Type,Wild-Type,Wild-Type,Wild-Type,Wild-Type,Wild-Type,Wild-Type,Wild-Type,Wild-Type,Wild-Type,Wild-Type,Wild-Type
491,C582,Wild-Type,Mutated,Mutated,Wild-Type,Wild-Type,Wild-Type,Wild-Type,Wild-Type,Wild-Type,Wild-Type,Wild-Type,Wild-Type,Wild-Type,Wild-Type,Wild-Type,Wild-Type,Wild-Type,Wild-Type,Wild-Type,Wild-Type,Wild-Type,Wild-Type,Wild-Type,Mutated,Wild-Type,Mutated,Wild-Type,Wild-Type,Wild-Type,Wild-Type,Wild-Type,Wild-Type,Wild-Type,Wild-Type,Wild-Type,Mutated,Wild-Type,Wild-Type,Wild-Type,Wild-Type,Wild-Type,Wild-Type,Wild-Type,Wild-Type,Wild-Type,Wild-Type,Wild-Type,Wild-Type,Wild-Type,Mutated,Wild-Type,Wild-Type,Wild-Type,Wild-Type,Wild-Type,Wild-Type,Mutated,Wild-Type,Wild-Type,Mutated,Wild-Type,Wild-Type,Wild-Type,Wild-Type,Wild-Type,Wild-Type,Wild-Type,Wild-Type,Wild-Type,Wild-Type,Wild-Type,Wild-Type
492,C398,Wild-Type,Mutated,Mutated,Wild-Type,Wild-Type,Wild-Type,Wild-Type,Wild-Type,Wild-Type,Wild-Type,Wild-Type,Wild-Type,Wild-Type,Wild-Type,Wild-Type,Wild-Type,Wild-Type,Wild-Type,Wild-Type,Wild-Type,Wild-Type,Wild-Type,Wild-Type,Mutated,Wild-Type,Mutated,Wild-Type,Wild-Type,Wild-Type,Wild-Type,Wild-Type,Wild-Type,Wild-Type,Wild-Type,Wild-Type,Mutated,Wild-Type,Wild-Type,Wild-Type,Wild-Type,Wild-Type,Wild-Type,Wild-Type,Wild-Type,Wild-Type,Wild-Type,Wild-Type,Wild-Type,Wild-Type,Mutated,Wild-Type,Wild-Type,Wild-Type,Wild-Type,Wild-Type,Wild-Type,Mutated,Wild-Type,Wild-Type,Mutated,Wild-Type,Wild-Type,Wild-Type,Wild-Type,Wild-Type,Wild-Type,Wild-Type,Wild-Type,Wild-Type,Wild-Type,Wild-Type,Wild-Type
493,C400,Wild-Type,Mutated,Mutated,Wild-Type,Wild-Type,Wild-Type,Wild-Type,Wild-Type,Wild-Type,Wild-Type,Wild-Type,Wild-Type,Wild-Type,Wild-Type,Wild-Type,Wild-Type,Wild-Type,Wild-Type,Wild-Type,Wild-Type,Wild-Type,Wild-Type,Wild-Type,Mutated,Wild-Type,Mutated,Wild-Type,Wild-Type,Wild-Type,Wild-Type,Wild-Type,Wild-Type,Wild-Type,Wild-Type,Wild-Type,Mutated,Wild-Type,Wild-Type,Wild-Type,Wild-Type,Wild-Type,Wild-Type,Wild-Type,Wild-Type,Wild-Type,Wild-Type,Wild-Type,Wild-Type,Wild-Type,Mutated,Wild-Type,Wild-Type,Wild-Type,Wild-Type,Wild-Type,Wild-Type,Mutated,Wild-Type,Wild-Type,Mutated,Wild-Type,Wild-Type,Wild-Type,Wild-Type,Wild-Type,Wild-Type,Wild-Type,Wild-Type,Wild-Type,Wild-Type,Wild-Type,Wild-Type
494,S568,Wild-Type,Wild-Type,Wild-Type,Wild-Type,Wild-Type,Wild-Type,Mutated,Wild-Type,Wild-Type,Wild-Type,Wild-Type,Wild-Type,Wild-Type,Wild-Type,Wild-Type,Mutated,Wild-Type,Wild-Type,Wild-Type,Wild-Type,Wild-Type,Wild-Type,Wild-Type,Mutated,Wild-Type,Mutated,Wild-Type,Wild-Type,Wild-Type,Wild-Type,Wild-Type,Wild-Type,Wild-Type,Wild-Type,Wild-Type,Wild-Type,Wild-Type,Wild-Type,Wild-Type,Wild-Type,Wild-Type,Wild-Type,Wild-Type,Wild-Type,Mutated,Mutated,Mutated,Wild-Type,Wild-Type,Wild-Type,Wild-Type,Wild-Type,Wild-Type,Wild-Type,Wild-Type,Wild-Type,Wild-Type,Wild-Type,Wild-Type,Wild-Type,Wild-Type,Wild-Type,Wild-Type,Wild-Type,Wild-Type,Wild-Type,Mutated,Wild-Type,Wild-Type,Wild-Type,Wild-Type,Wild-Type
495,S569,Wild-Type,Wild-Type,Wild-Type,Wild-Type,Wild-Type,Wild-Type,Wild-Type,Wild-Type,Wild-Type,Wild-Type,Wild-Type,Wild-Type,Wild-Type,Wild-Type,Wild-Type,Wild-Type,Wild-Type,Wild-Type,Wild-Type,Wild-Type,Wild-Type,Wild-Type,Wild-Type,Wild-Type,Wild-Type,Wild-Type,Wild-Type,Wild-Type,Wild-Type,Wild-Type,Wild-Type,Wild-Type,Wild-Type,Wild-Type,Wild-Type,Wild-Type,Wild-Type,Wild-Type,Wild-Type,Wild-Type,Wild-Type,Wild-Type,Wild-Type,Wild-Type,Wild-Type,Mutated,Wild-Type,Wild-Type,Wild-Type,Wild-Type,Mutated,Wild-Type,Wild-Type,Wild-Type,Wild-Type,Wild-Type,Wild-Type,Wild-Type,Wild-Type,Wild-Type,Wild-Type,Wild-Type,Wild-Type,Wild-Type,Wild-Type,Wild-Type,Wild-Type,Wild-Type,Wild-Type,Mutated,Wild-Type,Wild-Type
496,S570,Wild-Type,Wild-Type,Wild-Type,Wild-Type,Wild-Type,Wild-Type,Wild-Type,Wild-Type,Wild-Type,Wild-Type,Wild-Type,Wild-Type,Wild-Type,Wild-Type,Wild-Type,Wild-Type,Wild-Type,Wild-Type,Wild-Type,Wild-Type,Wild-Type,Wild-Type,Mutated,Wild-Type,Wild-Type,Wild-Type,Wild-Type,Wild-Type,Wild-Type,Wild-Type,Wild-Type,Wild-Type,Wild-Type,Wild-Type,Wild-Type,Wild-Type,Wild-Type,Wild-Type,Wild-Type,Wild-Type,Wild-Type,Wild-Type,Wild-Type,Wild-Type,Wild-Type,Wild-Type,Wild-Type,Wild-Type,Wild-Type,Wild-Type,Wild-Type,Wild-Type,Wild-Type,Wild-Type,Wild-Type,Wild-Type,Wild-Type,Wild-Type,Wild-Type,Wild-Type,Wild-Type,Wild-Type,Wild-Type,Wild-Type,Wild-Type,Wild-Type,Wild-Type,Wild-Type,Wild-Type,Wild-Type,Wild-Type,Wild-Type
497,C402,Wild-Type,Wild-Type,Wild-Type,Wild-Type,Wild-Type,Wild-Type,Wild-Type,Wild-Type,Wild-Type,Wild-Type,Wild-Type,Wild-Type,Wild-Type,Wild-Type,Wild-Type,Wild-Type,Wild-Type,Wild-Type,Wild-Type,Wild-Type,Wild-Type,Wild-Type,Wild-Type,Mutated,Wild-Type,Mutated,Wild-Type,Wild-Type,Wild-Type,Wild-Type,Wild-Type,Wild-Type,Wild-Type,Wild-Type,Wild-Type,Wild-Type,Wild-Type,Wild-Type,Wild-Type,Wild-Type,Wild-Type,Wild-Type,Wild-Type,Wild-Type,Mutated,Wild-Type,Wild-Type,Wild-Type,Wild-Type,Wild-Type,Wild-Type,Wild-Type,Wild-Type,Wild-Type,Mutated,Wild-Type,Wild-Type,Wild-Type,Wild-Type,Wild-Type,Wild-Type,Wild-Type,Wild-Type,Mutated,Wild-Type,Wild-Type,Mutated,Wild-Type,Wild-Type,Wild-Type,Mutated,Wild-Type
498,C452,Wild-Type,Wild-Type,Wild-Type,Wild-Type,Wild-Type,Wild-Type,Wild-Type,Wild-Type,Wild-Type,Wild-Type,Wild-Type,Wild-Type,Wild-Type,Wild-Type,Wild-Type,Wild-Type,Wild-Type,Wild-Type,Wild-Type,Wild-Type,Wild-Type,Wild-Type,Wild-Type,Wild-Type,Wild-Type,Wild-Type,Wild-Type,Wild-Type,Wild-Type,Wild-Type,Wild-Type,Wild-Type,Wild-Type,Wild-Type,Wild-Type,Wild-Type,Wild-Type,Wild-Type,Wild-Type,Wild-Type,Wild-Type,Wild-Type,Wild-Type,Wild-Type,Mutated,Mutated,Wild-Type,Wild-Type,Wild-Type,Wild-Type,Mutated,Wild-Type,Wild-Type,Wild-Type,Mutated,Wild-Type,Wild-Type,Wild-Type,Wild-Type,Wild-Type,Wild-Type,Wild-Type,Wild-Type,Mutated,Wild-Type,Wild-Type,Mutated,Wild-Type,Wild-Type,Wild-Type,Wild-Type,Wild-Type
499,C401,Wild-Type,Wild-Type,Wild-Type,Wild-Type,Wild-Type,Wild-Type,Wild-Type,Wild-Type,Wild-Type,Wild-Type,Wild-Type,Mutated,Mutated,Wild-Type,Wild-Type,Wild-Type,Wild-Type,Wild-Type,Wild-Type,Wild-Type,Wild-Type,Wild-Type,Wild-Type,Mutated,Wild-Type,Mutated,Wild-Type,Wild-Type,Mutated,Wild-Type,Wild-Type,Wild-Type,Wild-Type,Wild-Type,Mutated,Wild-Type,Wild-Type,Wild-Type,Wild-Type,Wild-Type,Wild-Type,Wild-Type,Wild-Type,Wild-Type,Mutated,Wild-Type,Wild-Type,Wild-Type,Wild-Type,Wild-Type,Wild-Type,Wild-Type,Wild-Type,Wild-Type,Wild-Type,Wild-Type,Wild-Type,Wild-Type,Wild-Type,Wild-Type,Wild-Type,Wild-Type,Wild-Type,Wild-Type,Wild-Type,Wild-Type,Wild-Type,Wild-Type,Wild-Type,Wild-Type,Wild-Type,Wild-Type
500,S571,Wild-Type,Wild-Type,Wild-Type,Wild-Type,Wild-Type,Wild-Type,Wild-Type,Wild-Type,Wild-Type,Wild-Type,Wild-Type,Mutated,Mutated,Wild-Type,Wild-Type,Wild-Type,Wild-Type,Wild-Type,Wild-Type,Wild-Type,Wild-Type,Wild-Type,Wild-Type,Mutated,Wild-Type,Mutated,Wild-Type,Wild-Type,Mutated,Wild-Type,Wild-Type,Wild-Type,Wild-Type,Wild-Type,Mutated,Wild-Type,Wild-Type,Wild-Type,Wild-Type,Wild-Type,Wild-Type,Wild-Type,Wild-Type,Wild-Type,Mutated,Wild-Type,Wild-Type,Wild-Type,Wild-Type,Wild-Type,Wild-Type,Wild-Type,Wild-Type,Wild-Type,Wild-Type,Wild-Type,Wild-Type,Wild-Type,Wild-Type,Wild-Type,Wild-Type,Wild-Type,Wild-Type,Wild-Type,Wild-Type,Wild-Type,Wild-Type,Wild-Type,Wild-Type,Wild-Type,Wild-Type,Wild-Type
501,S616,Wild-Type,Wild-Type,Wild-Type,Wild-Type,Wild-Type,Wild-Type,Wild-Type,Wild-Type,Wild-Type,Wild-Type,Wild-Type,Wild-Type,Wild-Type,Wild-Type,Wild-Type,Wild-Type,Wild-Type,Wild-Type,Wild-Type,Wild-Type,Wild-Type,Wild-Type,Wild-Type,Wild-Type,Wild-Type,Wild-Type,Mutated,Wild-Type,Wild-Type,Wild-Type,Wild-Type,Wild-Type,Wild-Type,Wild-Type,Wild-Type,Wild-Type,Wild-Type,Wild-Type,Wild-Type,Wild-Type,Wild-Type,Wild-Type,Wild-Type,Wild-Type,Wild-Type,Wild-Type,Wild-Type,Wild-Type,Wild-Type,Wild-Type,Wild-Type,Wild-Type,Wild-Type,Wild-Type,Wild-Type,Wild-Type,Wild-Type,Wild-Type,Wild-Type,Wild-Type,Wild-Type,Wild-Type,Wild-Type,Wild-Type,Wild-Type,Wild-Type,Wild-Type,Wild-Type,Wild-Type,Wild-Type,Wild-Type,Wild-Type
502,C405,,,,,,,,,,,,,,,,,,,,,,,,,,,,,,,,,,,,,,,,,,,,,,,,,,,,,,,,,,,,,,,,,,,,,,,,
503,S572,Wild-Type,Wild-Type,Wild-Type,Wild-Type,Wild-Type,Wild-Type,Wild-Type,Wild-Type,Wild-Type,Wild-Type,Wild-Type,Wild-Type,Wild-Type,Wild-Type,Wild-Type,Mutated,Wild-Type,Wild-Type,Wild-Type,Wild-Type,Wild-Type,Wild-Type,Wild-Type,Mutated,Wild-Type,Mutated,Wild-Type,Wild-Type,Wild-Type,Wild-Type,Wild-Type,Wild-Type,Wild-Type,Wild-Type,Wild-Type,Wild-Type,Wild-Type,Wild-Type,Wild-Type,Wild-Type,Wild-Type,Wild-Type,Wild-Type,Wild-Type,Mutated,Wild-Type,Wild-Type,Wild-Type,Wild-Type,Wild-Type,Wild-Type,Wild-Type,Wild-Type,Wild-Type,Wild-Type,Wild-Type,Wild-Type,Wild-Type,Wild-Type,Wild-Type,Wild-Type,Wild-Type,Wild-Type,Wild-Type,Wild-Type,Wild-Type,Wild-Type,Wild-Type,Wild-Type,Wild-Type,Mutated,Wild-Type
504,C407,Wild-Type,Wild-Type,Wild-Type,Wild-Type,Wild-Type,Wild-Type,Wild-Type,Wild-Type,Wild-Type,Wild-Type,Wild-Type,Wild-Type,Wild-Type,Wild-Type,Wild-Type,Mutated,Wild-Type,Wild-Type,Wild-Type,Wild-Type,Wild-Type,Wild-Type,Wild-Type,Mutated,Wild-Type,Mutated,Wild-Type,Wild-Type,Wild-Type,Wild-Type,Wild-Type,Wild-Type,Wild-Type,Wild-Type,Wild-Type,Wild-Type,Wild-Type,Wild-Type,Wild-Type,Wild-Type,Wild-Type,Wild-Type,Wild-Type,Wild-Type,Mutated,Wild-Type,Wild-Type,Wild-Type,Wild-Type,Wild-Type,Wild-Type,Wild-Type,Wild-Type,Wild-Type,Wild-Type,Wild-Type,Wild-Type,Wild-Type,Wild-Type,Wild-Type,Wild-Type,Wild-Type,Wild-Type,Wild-Type,Wild-Type,Wild-Type,Wild-Type,Wild-Type,Wild-Type,Wild-Type,Mutated,Wild-Type
505,S573,Wild-Type,Wild-Type,Wild-Type,Wild-Type,Wild-Type,Wild-Type,Wild-Type,Wild-Type,Mutated,Wild-Type,Mutated,Mutated,Wild-Type,Wild-Type,Wild-Type,Wild-Type,Mutated,Wild-Type,Wild-Type,Wild-Type,Wild-Type,Mutated,Wild-Type,Wild-Type,Wild-Type,Wild-Type,Mutated,Wild-Type,Wild-Type,Wild-Type,Wild-Type,Wild-Type,Wild-Type,Wild-Type,Wild-Type,Wild-Type,Wild-Type,Wild-Type,Wild-Type,Wild-Type,Wild-Type,Wild-Type,Wild-Type,Wild-Type,Wild-Type,Wild-Type,Wild-Type,Wild-Type,Wild-Type,Wild-Type,Wild-Type,Wild-Type,Wild-Type,Wild-Type,Wild-Type,Wild-Type,Mutated,Wild-Type,Wild-Type,Wild-Type,Wild-Type,Wild-Type,Wild-Type,Wild-Type,Wild-Type,Wild-Type,Wild-Type,Wild-Type,Wild-Type,Wild-Type,Wild-Type,Wild-Type
506,C451,Wild-Type,Wild-Type,Wild-Type,Mutated,Wild-Type,Wild-Type,Wild-Type,Wild-Type,Wild-Type,Wild-Type,Wild-Type,Wild-Type,Wild-Type,Wild-Type,Wild-Type,Wild-Type,Wild-Type,Wild-Type,Wild-Type,Wild-Type,Wild-Type,Mutated,Wild-Type,Wild-Type,Wild-Type,Wild-Type,Mutated,Wild-Type,Wild-Type,Wild-Type,Wild-Type,Mutated,Wild-Type,Wild-Type,Mutated,Wild-Type,Wild-Type,Wild-Type,Wild-Type,Wild-Type,Wild-Type,Wild-Type,Wild-Type,Wild-Type,Wild-Type,Wild-Type,Wild-Type,Wild-Type,Wild-Type,Mutated,Mutated,Wild-Type,Wild-Type,Wild-Type,Wild-Type,Wild-Type,Wild-Type,Wild-Type,Wild-Type,Wild-Type,Wild-Type,Wild-Type,Wild-Type,Wild-Type,Wild-Type,Wild-Type,Wild-Type,Wild-Type,Mutated,Mutated,Wild-Type,Wild-Type
507,C413,,,,,,,,,,,,,,,,,,,,,,,,,,,,,,,,,,,,,,,,,,,,,,,,,,,,,,,,,,,,,,,,,,,,,,,,
508,S575,Mutated,Wild-Type,Wild-Type,Wild-Type,Wild-Type,Wild-Type,Wild-Type,Wild-Type,Wild-Type,Wild-Type,Mutated,Wild-Type,Wild-Type,Wild-Type,Wild-Type,Wild-Type,Wild-Type,Wild-Type,Wild-Type,Wild-Type,Wild-Type,Wild-Type,Wild-Type,Wild-Type,Wild-Type,Wild-Type,Wild-Type,Wild-Type,Wild-Type,Wild-Type,Wild-Type,Wild-Type,Wild-Type,Wild-Type,Wild-Type,Wild-Type,Wild-Type,Wild-Type,Wild-Type,Wild-Type,Wild-Type,Wild-Type,Wild-Type,Wild-Type,Wild-Type,Wild-Type,Wild-Type,Wild-Type,Wild-Type,Wild-Type,Wild-Type,Wild-Type,Wild-Type,Wild-Type,Wild-Type,Wild-Type,Mutated,Wild-Type,Wild-Type,Wild-Type,Wild-Type,Wild-Type,Mutated,Mutated,Wild-Type,Wild-Type,Wild-Type,Wild-Type,Wild-Type,Wild-Type,Wild-Type,Wild-Type
509,S617,Wild-Type,Wild-Type,Wild-Type,Wild-Type,Wild-Type,Wild-Type,Wild-Type,Wild-Type,Wild-Type,Wild-Type,Wild-Type,Wild-Type,Wild-Type,Wild-Type,Wild-Type,Mutated,Wild-Type,Wild-Type,Wild-Type,Wild-Type,Wild-Type,Wild-Type,Wild-Type,Mutated,Wild-Type,Mutated,Wild-Type,Wild-Type,Wild-Type,Wild-Type,Wild-Type,Wild-Type,Wild-Type,Wild-Type,Wild-Type,Wild-Type,Wild-Type,Wild-Type,Wild-Type,Wild-Type,Wild-Type,Wild-Type,Wild-Type,Wild-Type,Mutated,Wild-Type,Wild-Type,Wild-Type,Wild-Type,Wild-Type,Wild-Type,Wild-Type,Wild-Type,Wild-Type,Wild-Type,Wild-Type,Wild-Type,Wild-Type,Wild-Type,Mutated,Wild-Type,Wild-Type,Wild-Type,Wild-Type,Wild-Type,Wild-Type,Mutated,Wild-Type,Wild-Type,Wild-Type,Wild-Type,Wild-Type
510,S618,Wild-Type,Wild-Type,Wild-Type,Wild-Type,Wild-Type,Wild-Type,Wild-Type,Wild-Type,Wild-Type,Wild-Type,Wild-Type,Wild-Type,Wild-Type,Wild-Type,Wild-Type,Mutated,Wild-Type,Wild-Type,Wild-Type,Wild-Type,Wild-Type,Wild-Type,Wild-Type,Mutated,Wild-Type,Mutated,Wild-Type,Wild-Type,Wild-Type,Wild-Type,Wild-Type,Wild-Type,Wild-Type,Wild-Type,Wild-Type,Wild-Type,Wild-Type,Wild-Type,Wild-Type,Wild-Type,Wild-Type,Wild-Type,Wild-Type,Wild-Type,Mutated,Wild-Type,Wild-Type,Wild-Type,Wild-Type,Wild-Type,Wild-Type,Wild-Type,Wild-Type,Wild-Type,Wild-Type,Wild-Type,Wild-Type,Wild-Type,Wild-Type,Wild-Type,Wild-Type,Wild-Type,Wild-Type,Wild-Type,Wild-Type,Wild-Type,Mutated,Wild-Type,Wild-Type,Wild-Type,Wild-Type,Wild-Type
511,S576,Wild-Type,Wild-Type,Wild-Type,Wild-Type,Wild-Type,Wild-Type,Wild-Type,Wild-Type,Wild-Type,Wild-Type,Wild-Type,Wild-Type,Wild-Type,Wild-Type,Wild-Type,Wild-Type,Wild-Type,Wild-Type,Wild-Type,Wild-Type,Wild-Type,Wild-Type,Wild-Type,Mutated,Mutated,Wild-Type,Wild-Type,Wild-Type,Wild-Type,Wild-Type,Wild-Type,Wild-Type,Wild-Type,Wild-Type,Wild-Type,Wild-Type,Wild-Type,Wild-Type,Wild-Type,Wild-Type,Wild-Type,Wild-Type,Wild-Type,Wild-Type,Mutated,Wild-Type,Wild-Type,Wild-Type,Wild-Type,Wild-Type,Mutated,Wild-Type,Wild-Type,Wild-Type,Wild-Type,Wild-Type,Wild-Type,Wild-Type,Wild-Type,Wild-Type,Wild-Type,Wild-Type,Wild-Type,Mutated,Wild-Type,Wild-Type,Wild-Type,Wild-Type,Wild-Type,Wild-Type,Wild-Type,Wild-Type
512,S577,Wild-Type,Wild-Type,Wild-Type,Wild-Type,Wild-Type,Wild-Type,Wild-Type,Wild-Type,Wild-Type,Wild-Type,Wild-Type,Wild-Type,Wild-Type,Wild-Type,Wild-Type,Wild-Type,Wild-Type,Wild-Type,Wild-Type,Wild-Type,Wild-Type,Wild-Type,Wild-Type,Wild-Type,Wild-Type,Wild-Type,Wild-Type,Wild-Type,Wild-Type,Wild-Type,Wild-Type,Mutated,Wild-Type,Wild-Type,Wild-Type,Wild-Type,Wild-Type,Wild-Type,Wild-Type,Wild-Type,Wild-Type,Wild-Type,Wild-Type,Wild-Type,Wild-Type,Wild-Type,Wild-Type,Wild-Type,Wild-Type,Wild-Type,Wild-Type,Wild-Type,Wild-Type,Wild-Type,Wild-Type,Wild-Type,Wild-Type,Wild-Type,Wild-Type,Wild-Type,Wild-Type,Wild-Type,Wild-Type,Wild-Type,Mutated,Wild-Type,Wild-Type,Wild-Type,Wild-Type,Wild-Type,Wild-Type,Wild-Type
513,S579,Wild-Type,Wild-Type,Wild-Type,Mutated,Wild-Type,Wild-Type,Wild-Type,Wild-Type,Wild-Type,Wild-Type,Wild-Type,Wild-Type,Wild-Type,Wild-Type,Wild-Type,Mutated,Wild-Type,Wild-Type,Wild-Type,Wild-Type,Wild-Type,Wild-Type,Wild-Type,Wild-Type,Wild-Type,Wild-Type,Wild-Type,Wild-Type,Wild-Type,Wild-Type,Wild-Type,Wild-Type,Wild-Type,Wild-Type,Wild-Type,Mutated,Wild-Type,Wild-Type,Wild-Type,Wild-Type,Wild-Type,Wild-Type,Wild-Type,Wild-Type,Mutated,Mutated,Wild-Type,Wild-Type,Wild-Type,Wild-Type,Wild-Type,Wild-Type,Wild-Type,Wild-Type,Wild-Type,Wild-Type,Wild-Type,Wild-Type,Wild-Type,Wild-Type,Wild-Type,Wild-Type,Wild-Type,Wild-Type,Wild-Type,Wild-Type,Mutated,Wild-Type,Wild-Type,Wild-Type,Wild-Type,Wild-Type
514,C586,,,,,,,,,,,,,,,,,,,,,,,,Wild-Type,,Wild-Type,,,,,,,,,,,,,,,,,,,,,,,,,,,,,,,,,,,,,,,,,,,,,,
515,C421,Wild-Type,Wild-Type,Wild-Type,Wild-Type,Wild-Type,Wild-Type,Wild-Type,Wild-Type,Wild-Type,Wild-Type,Wild-Type,Wild-Type,Wild-Type,Wild-Type,Wild-Type,Mutated,Wild-Type,Wild-Type,Wild-Type,Wild-Type,Wild-Type,Wild-Type,Wild-Type,Wild-Type,Wild-Type,Wild-Type,Wild-Type,Wild-Type,Wild-Type,Wild-Type,Wild-Type,Wild-Type,Mutated,Wild-Type,Wild-Type,Wild-Type,Wild-Type,Wild-Type,Wild-Type,Wild-Type,Wild-Type,Wild-Type,Wild-Type,Wild-Type,Mutated,Wild-Type,Wild-Type,Mutated,Wild-Type,Wild-Type,Wild-Type,Wild-Type,Wild-Type,Wild-Type,Wild-Type,Wild-Type,Wild-Type,Wild-Type,Wild-Type,Wild-Type,Wild-Type,Wild-Type,Wild-Type,Wild-Type,Wild-Type,Wild-Type,Mutated,Wild-Type,Wild-Type,Wild-Type,Wild-Type,Wild-Type
516,C436,Wild-Type,Wild-Type,Wild-Type,Wild-Type,Wild-Type,Wild-Type,Wild-Type,Wild-Type,Wild-Type,Wild-Type,Wild-Type,Wild-Type,Wild-Type,Wild-Type,Wild-Type,Mutated,Wild-Type,Wild-Type,Wild-Type,Wild-Type,Wild-Type,Wild-Type,Wild-Type,Wild-Type,Wild-Type,Wild-Type,Wild-Type,Wild-Type,Wild-Type,Wild-Type,Wild-Type,Wild-Type,Mutated,Wild-Type,Wild-Type,Wild-Type,Wild-Type,Wild-Type,Wild-Type,Wild-Type,Wild-Type,Wild-Type,Wild-Type,Wild-Type,Wild-Type,Wild-Type,Wild-Type,Mutated,Wild-Type,Wild-Type,Wild-Type,Wild-Type,Wild-Type,Wild-Type,Wild-Type,Wild-Type,Wild-Type,Wild-Type,Wild-Type,Wild-Type,Wild-Type,Wild-Type,Wild-Type,Wild-Type,Wild-Type,Wild-Type,Wild-Type,Wild-Type,Wild-Type,Wild-Type,Wild-Type,Wild-Type
517,C423,Wild-Type,Wild-Type,Wild-Type,Wild-Type,Wild-Type,Wild-Type,Wild-Type,Wild-Type,Wild-Type,Wild-Type,Mutated,Wild-Type,Wild-Type,Wild-Type,Wild-Type,Wild-Type,Wild-Type,Wild-Type,Wild-Type,Wild-Type,Wild-Type,Wild-Type,Wild-Type,Wild-Type,Wild-Type,Wild-Type,Wild-Type,Wild-Type,Wild-Type,Wild-Type,Wild-Type,Wild-Type,Mutated,Wild-Type,Wild-Type,Wild-Type,Wild-Type,Wild-Type,Wild-Type,Wild-Type,Wild-Type,Wild-Type,Wild-Type,Wild-Type,Wild-Type,Wild-Type,Wild-Type,Wild-Type,Wild-Type,Wild-Type,Wild-Type,Wild-Type,Wild-Type,Wild-Type,Wild-Type,Wild-Type,Wild-Type,Wild-Type,Wild-Type,Wild-Type,Wild-Type,Wild-Type,Wild-Type,Wild-Type,Wild-Type,Wild-Type,Wild-Type,Wild-Type,Wild-Type,Wild-Type,Wild-Type,Mutated
518,C424,Wild-Type,Wild-Type,Wild-Type,Wild-Type,Wild-Type,Wild-Type,Wild-Type,Wild-Type,Wild-Type,Mutated,Wild-Type,Wild-Type,Wild-Type,Wild-Type,Wild-Type,Mutated,Wild-Type,Wild-Type,Wild-Type,Wild-Type,Wild-Type,Wild-Type,Wild-Type,Mutated,Wild-Type,Mutated,Wild-Type,Wild-Type,Wild-Type,Wild-Type,Wild-Type,Wild-Type,Wild-Type,Wild-Type,Wild-Type,Wild-Type,Wild-Type,Wild-Type,Wild-Type,Wild-Type,Wild-Type,Wild-Type,Wild-Type,Wild-Type,Mutated,Wild-Type,Wild-Type,Wild-Type,Wild-Type,Wild-Type,Wild-Type,Wild-Type,Wild-Type,Wild-Type,Mutated,Wild-Type,Wild-Type,Wild-Type,Mutated,Wild-Type,Wild-Type,Wild-Type,Wild-Type,Wild-Type,Wild-Type,Wild-Type,Wild-Type,Wild-Type,Wild-Type,Wild-Type,Wild-Type,Wild-Type
519,C426,Wild-Type,Wild-Type,Wild-Type,Wild-Type,Wild-Type,Wild-Type,Wild-Type,Wild-Type,Wild-Type,Wild-Type,Wild-Type,Wild-Type,Wild-Type,Wild-Type,Wild-Type,Wild-Type,Wild-Type,Wild-Type,Wild-Type,Wild-Type,Wild-Type,Wild-Type,Wild-Type,Wild-Type,Wild-Type,Wild-Type,Wild-Type,Wild-Type,Wild-Type,Wild-Type,Wild-Type,Wild-Type,Wild-Type,Wild-Type,Wild-Type,Wild-Type,Wild-Type,Wild-Type,Wild-Type,Wild-Type,Wild-Type,Wild-Type,Wild-Type,Mutated,Wild-Type,Mutated,Wild-Type,Wild-Type,Wild-Type,Wild-Type,Wild-Type,Wild-Type,Wild-Type,Wild-Type,Wild-Type,Wild-Type,Wild-Type,Wild-Type,Wild-Type,Wild-Type,Wild-Type,Wild-Type,Wild-Type,Wild-Type,Wild-Type,Wild-Type,Wild-Type,Wild-Type,Wild-Type,Mutated,Wild-Type,Wild-Type
520,C468,,,,,,,,,,,,,,,,,,,,,,,,,,,,,,,,,,,,,,,,,,,,,,,,,,,,,,,,,,,,,,,,,,,,,,,,
521,C425,Wild-Type,Wild-Type,Wild-Type,Wild-Type,Mutated,Wild-Type,Wild-Type,Wild-Type,Wild-Type,Wild-Type,Wild-Type,Wild-Type,Wild-Type,Wild-Type,Wild-Type,Wild-Type,Wild-Type,Wild-Type,Wild-Type,Wild-Type,Wild-Type,Wild-Type,Mutated,Wild-Type,Wild-Type,Wild-Type,Wild-Type,Wild-Type,Wild-Type,Wild-Type,Wild-Type,Wild-Type,Wild-Type,Wild-Type,Wild-Type,Wild-Type,Wild-Type,Wild-Type,Wild-Type,Wild-Type,Wild-Type,Wild-Type,Wild-Type,Wild-Type,Wild-Type,Mutated,Wild-Type,Wild-Type,Wild-Type,Wild-Type,Wild-Type,Wild-Type,Wild-Type,Wild-Type,Wild-Type,Wild-Type,Wild-Type,Wild-Type,Wild-Type,Wild-Type,Wild-Type,Mutated,Wild-Type,Wild-Type,Wild-Type,Wild-Type,Wild-Type,Wild-Type,Wild-Type,Wild-Type,Wild-Type,Wild-Type
522,C427,Wild-Type,Wild-Type,Wild-Type,Wild-Type,Wild-Type,Wild-Type,Wild-Type,Wild-Type,Wild-Type,Wild-Type,Wild-Type,Wild-Type,Wild-Type,Wild-Type,Wild-Type,Mutated,Wild-Type,Wild-Type,Wild-Type,Wild-Type,Wild-Type,Wild-Type,Wild-Type,Mutated,Wild-Type,Mutated,Wild-Type,Wild-Type,Mutated,Wild-Type,Wild-Type,Wild-Type,Wild-Type,Wild-Type,Wild-Type,Wild-Type,Wild-Type,Wild-Type,Wild-Type,Wild-Type,Wild-Type,Wild-Type,Wild-Type,Wild-Type,Mutated,Wild-Type,Wild-Type,Wild-Type,Wild-Type,Wild-Type,Wild-Type,Wild-Type,Wild-Type,Wild-Type,Wild-Type,Wild-Type,Wild-Type,Wild-Type,Wild-Type,Wild-Type,Wild-Type,Wild-Type,Wild-Type,Wild-Type,Wild-Type,Wild-Type,Wild-Type,Wild-Type,Wild-Type,Wild-Type,Wild-Type,Wild-Type
523,C443,Wild-Type,Wild-Type,Wild-Type,Wild-Type,Wild-Type,Wild-Type,Wild-Type,Wild-Type,Wild-Type,Wild-Type,Wild-Type,Wild-Type,Wild-Type,Wild-Type,Wild-Type,Mutated,Wild-Type,Wild-Type,Wild-Type,Wild-Type,Wild-Type,Wild-Type,Wild-Type,Mutated,Wild-Type,Mutated,Wild-Type,Wild-Type,Wild-Type,Wild-Type,Wild-Type,Wild-Type,Wild-Type,Wild-Type,Wild-Type,Wild-Type,Wild-Type,Wild-Type,Wild-Type,Wild-Type,Wild-Type,Wild-Type,Wild-Type,Wild-Type,Mutated,Wild-Type,Wild-Type,Wild-Type,Wild-Type,Wild-Type,Wild-Type,Wild-Type,Wild-Type,Wild-Type,Wild-Type,Wild-Type,Wild-Type,Wild-Type,Wild-Type,Wild-Type,Wild-Type,Wild-Type,Wild-Type,Wild-Type,Wild-Type,Wild-Type,Wild-Type,Wild-Type,Wild-Type,Wild-Type,Wild-Type,Wild-Type
524,C428,Wild-Type,Wild-Type,Wild-Type,Mutated,Wild-Type,Wild-Type,Wild-Type,Wild-Type,Wild-Type,Wild-Type,Wild-Type,Wild-Type,Mutated,Wild-Type,Wild-Type,Mutated,Mutated,Wild-Type,Wild-Type,Wild-Type,Wild-Type,Wild-Type,Wild-Type,Wild-Type,Wild-Type,Wild-Type,Wild-Type,Wild-Type,Mutated,Wild-Type,Mutated,Wild-Type,Wild-Type,Wild-Type,Wild-Type,Wild-Type,Wild-Type,Wild-Type,Wild-Type,Wild-Type,Wild-Type,Wild-Type,Wild-Type,Wild-Type,Wild-Type,Wild-Type,Mutated,Wild-Type,Wild-Type,Wild-Type,Wild-Type,Wild-Type,Wild-Type,Wild-Type,Wild-Type,Mutated,Wild-Type,Wild-Type,Wild-Type,Wild-Type,Wild-Type,Wild-Type,Wild-Type,Wild-Type,Wild-Type,Wild-Type,Wild-Type,Wild-Type,Wild-Type,Wild-Type,Wild-Type,Wild-Type
525,C434,Wild-Type,Wild-Type,Wild-Type,Wild-Type,Wild-Type,Wild-Type,Wild-Type,Wild-Type,Wild-Type,Wild-Type,Wild-Type,Wild-Type,Wild-Type,Wild-Type,Wild-Type,Wild-Type,Wild-Type,Wild-Type,Wild-Type,Wild-Type,Wild-Type,Wild-Type,Mutated,Wild-Type,Wild-Type,Wild-Type,Wild-Type,Wild-Type,Wild-Type,Mutated,Wild-Type,Wild-Type,Wild-Type,Wild-Type,Wild-Type,Wild-Type,Wild-Type,Wild-Type,Wild-Type,Wild-Type,Wild-Type,Wild-Type,Wild-Type,Wild-Type,Wild-Type,Wild-Type,Wild-Type,Wild-Type,Wild-Type,Wild-Type,Wild-Type,Wild-Type,Wild-Type,Wild-Type,Wild-Type,Wild-Type,Wild-Type,Wild-Type,Mutated,Wild-Type,Wild-Type,Wild-Type,Mutated,Wild-Type,Wild-Type,Wild-Type,Wild-Type,Mutated,Wild-Type,Wild-Type,Wild-Type,Wild-Type
526,C433,,,,,,,,,,,,,,,,,,,,,,,,,,,,,,,,,,,,,,,,,,,,,,,,,,,,,,,,,,,,,,,,,,,,,,,,
527,C429,Wild-Type,Wild-Type,Wild-Type,Wild-Type,Wild-Type,Wild-Type,Wild-Type,Wild-Type,Wild-Type,Wild-Type,Wild-Type,Wild-Type,Wild-Type,Wild-Type,Wild-Type,Mutated,Wild-Type,Wild-Type,Wild-Type,Wild-Type,Wild-Type,Wild-Type,Wild-Type,Wild-Type,Wild-Type,Wild-Type,Wild-Type,Wild-Type,Wild-Type,Wild-Type,Wild-Type,Wild-Type,Wild-Type,Wild-Type,Wild-Type,Wild-Type,Wild-Type,Wild-Type,Wild-Type,Wild-Type,Wild-Type,Wild-Type,Mutated,Wild-Type,Wild-Type,Mutated,Wild-Type,Wild-Type,Wild-Type,Wild-Type,Wild-Type,Wild-Type,Wild-Type,Wild-Type,Wild-Type,Wild-Type,Mutated,Wild-Type,Wild-Type,Mutated,Wild-Type,Mutated,Wild-Type,Wild-Type,Wild-Type,Wild-Type,Wild-Type,Wild-Type,Wild-Type,Wild-Type,Wild-Type,Wild-Type
528,C430,Wild-Type,Wild-Type,Wild-Type,Wild-Type,Wild-Type,Mutated,Wild-Type,Wild-Type,Mutated,Wild-Type,Wild-Type,Wild-Type,Wild-Type,Wild-Type,Wild-Type,Wild-Type,Wild-Type,Wild-Type,Mutated,Wild-Type,Wild-Type,Wild-Type,Wild-Type,Wild-Type,Wild-Type,Wild-Type,Wild-Type,Wild-Type,Wild-Type,Wild-Type,Wild-Type,Mutated,Wild-Type,Wild-Type,Wild-Type,Wild-Type,Mutated,Wild-Type,Wild-Type,Wild-Type,Wild-Type,Wild-Type,Wild-Type,Wild-Type,Wild-Type,Wild-Type,Wild-Type,Wild-Type,Wild-Type,Wild-Type,Wild-Type,Wild-Type,Wild-Type,Wild-Type,Wild-Type,Wild-Type,Wild-Type,Wild-Type,Wild-Type,Wild-Type,Wild-Type,Wild-Type,Wild-Type,Wild-Type,Wild-Type,Wild-Type,Mutated,Wild-Type,Wild-Type,Mutated,Wild-Type,Wild-Type
529,C431,Wild-Type,Wild-Type,Wild-Type,Wild-Type,Wild-Type,Wild-Type,Wild-Type,Wild-Type,Wild-Type,Wild-Type,Wild-Type,Wild-Type,Wild-Type,Wild-Type,Wild-Type,Wild-Type,Wild-Type,Wild-Type,Wild-Type,Wild-Type,Wild-Type,Wild-Type,Mutated,Mutated,Wild-Type,Mutated,Wild-Type,Wild-Type,Wild-Type,Wild-Type,Wild-Type,Wild-Type,Wild-Type,Wild-Type,Wild-Type,Wild-Type,Wild-Type,Wild-Type,Wild-Type,Wild-Type,Wild-Type,Wild-Type,Wild-Type,Wild-Type,Wild-Type,Wild-Type,Wild-Type,Wild-Type,Wild-Type,Wild-Type,Wild-Type,Wild-Type,Wild-Type,Wild-Type,Wild-Type,Wild-Type,Wild-Type,Wild-Type,Wild-Type,Wild-Type,Wild-Type,Wild-Type,Wild-Type,Wild-Type,Wild-Type,Wild-Type,Wild-Type,Wild-Type,Wild-Type,Wild-Type,Wild-Type,Wild-Type
530,C432,Wild-Type,Wild-Type,Wild-Type,Wild-Type,Wild-Type,Wild-Type,Wild-Type,Wild-Type,Wild-Type,Wild-Type,Wild-Type,Wild-Type,Wild-Type,Wild-Type,Wild-Type,Wild-Type,Wild-Type,Wild-Type,Wild-Type,Wild-Type,Wild-Type,Wild-Type,Wild-Type,Wild-Type,Wild-Type,Wild-Type,Wild-Type,Wild-Type,Wild-Type,Wild-Type,Wild-Type,Wild-Type,Wild-Type,Wild-Type,Wild-Type,Wild-Type,Wild-Type,Wild-Type,Wild-Type,Wild-Type,Wild-Type,Wild-Type,Wild-Type,Mutated,Wild-Type,Wild-Type,Wild-Type,Wild-Type,Wild-Type,Wild-Type,Wild-Type,Wild-Type,Wild-Type,Wild-Type,Wild-Type,Wild-Type,Wild-Type,Wild-Type,Wild-Type,Wild-Type,Wild-Type,Wild-Type,Wild-Type,Wild-Type,Wild-Type,Wild-Type,Wild-Type,Wild-Type,Wild-Type,Wild-Type,Wild-Type,Wild-Type
531,C496,Mutated,Wild-Type,Wild-Type,Wild-Type,Wild-Type,Wild-Type,Mutated,Wild-Type,Wild-Type,Wild-Type,Wild-Type,Wild-Type,Wild-Type,Wild-Type,Wild-Type,Wild-Type,Wild-Type,Wild-Type,Wild-Type,Wild-Type,Wild-Type,Wild-Type,Wild-Type,Mutated,Wild-Type,Mutated,Wild-Type,Wild-Type,Mutated,Wild-Type,Wild-Type,Wild-Type,Wild-Type,Wild-Type,Wild-Type,Wild-Type,Wild-Type,Wild-Type,Wild-Type,Wild-Type,Wild-Type,Wild-Type,Wild-Type,Wild-Type,Wild-Type,Wild-Type,Wild-Type,Wild-Type,Mutated,Wild-Type,Wild-Type,Wild-Type,Wild-Type,Wild-Type,Wild-Type,Wild-Type,Wild-Type,Wild-Type,Wild-Type,Mutated,Wild-Type,Wild-Type,Wild-Type,Mutated,Wild-Type,Wild-Type,Wild-Type,Wild-Type,Wild-Type,Wild-Type,Wild-Type,Wild-Type
532,C437,Wild-Type,Wild-Type,Wild-Type,Wild-Type,Wild-Type,Wild-Type,Wild-Type,Wild-Type,Wild-Type,Wild-Type,Wild-Type,Wild-Type,Wild-Type,Wild-Type,Wild-Type,Wild-Type,Wild-Type,Wild-Type,Wild-Type,Wild-Type,Wild-Type,Wild-Type,Wild-Type,Wild-Type,Wild-Type,Wild-Type,Wild-Type,Wild-Type,Wild-Type,Wild-Type,Wild-Type,Wild-Type,Wild-Type,Wild-Type,Wild-Type,Wild-Type,Wild-Type,Wild-Type,Wild-Type,Wild-Type,Wild-Type,Wild-Type,Wild-Type,Wild-Type,Wild-Type,Mutated,Wild-Type,Wild-Type,Wild-Type,Wild-Type,Wild-Type,Wild-Type,Wild-Type,Wild-Type,Wild-Type,Wild-Type,Wild-Type,Wild-Type,Wild-Type,Wild-Type,Wild-Type,Wild-Type,Mutated,Wild-Type,Wild-Type,Wild-Type,Wild-Type,Wild-Type,Wild-Type,Wild-Type,Wild-Type,Wild-Type
533,C438,,,,,,,,,,,,,,,,,,,,,,,,,,,,,,,,,,,,,,,,,,,,,,,,,,,,,,,,,,,,,,,,,,,,,,,,
534,C439,Wild-Type,Wild-Type,Wild-Type,Wild-Type,Wild-Type,Wild-Type,Wild-Type,Wild-Type,Wild-Type,Wild-Type,Wild-Type,Wild-Type,Wild-Type,Wild-Type,Wild-Type,Mutated,Wild-Type,Wild-Type,Wild-Type,Wild-Type,Wild-Type,Wild-Type,Wild-Type,Wild-Type,Wild-Type,Wild-Type,Wild-Type,Wild-Type,Wild-Type,Mutated,Wild-Type,Wild-Type,Wild-Type,Wild-Type,Wild-Type,Wild-Type,Mutated,Wild-Type,Wild-Type,Wild-Type,Wild-Type,Wild-Type,Wild-Type,Wild-Type,Wild-Type,Wild-Type,Wild-Type,Wild-Type,Wild-Type,Wild-Type,Wild-Type,Wild-Type,Wild-Type,Wild-Type,Wild-Type,Wild-Type,Wild-Type,Wild-Type,Wild-Type,Wild-Type,Mutated,Wild-Type,Wild-Type,Wild-Type,Wild-Type,Wild-Type,Wild-Type,Mutated,Wild-Type,Wild-Type,Wild-Type,Wild-Type
535,C590,,,,,,,,,,,,,,,,,,,,,,,,,,,,,,,,,,,,,,,,,,,,,,,,,,,,,,,,,,,,,,,,,,,,,,,,
536,C440,,,,,,,,,,,,,,,,,,,,,,,,Wild-Type,,Wild-Type,,,,,,,,,,,,,,,,,,,Wild-Type,,,,,,,,,,,,,,,,,,,,,,,,,,,
537,C591,,,,,,,,,,,,,,,,,,,,,,,,,,,,,,,,,,,,,,,,,,,,,,,,,,,,,,,,,,,,,,,,,,,,,,,,
538,C453,,,,,,,,,,,,,,,,,,,,,,,,,,,,,,,,,,,,,,,,,,,,,,,,,,,,,,,,,,,,,,,,,,,,,,,,
539,C441,Mutated,Wild-Type,Wild-Type,Wild-Type,Wild-Type,Wild-Type,Mutated,Wild-Type,Wild-Type,Wild-Type,Wild-Type,Wild-Type,Wild-Type,Wild-Type,Wild-Type,Mutated,Wild-Type,Wild-Type,Wild-Type,Wild-Type,Wild-Type,Wild-Type,Wild-Type,Wild-Type,Wild-Type,Wild-Type,Wild-Type,Wild-Type,Wild-Type,Wild-Type,Wild-Type,Wild-Type,Wild-Type,Wild-Type,Mutated,Wild-Type,Mutated,Wild-Type,Wild-Type,Wild-Type,Wild-Type,Wild-Type,Wild-Type,Wild-Type,Wild-Type,Mutated,Wild-Type,Wild-Type,Wild-Type,Wild-Type,Wild-Type,Mutated,Wild-Type,Wild-Type,Wild-Type,Wild-Type,Wild-Type,Wild-Type,Wild-Type,Wild-Type,Wild-Type,Wild-Type,Wild-Type,Wild-Type,Wild-Type,Wild-Type,Mutated,Wild-Type,Mutated,Wild-Type,Wild-Type,Wild-Type
540,C442,,,,,,,,,,,,,,,,,,,,,,,,,,,,,,,,,,,,,,,,,,,,,,,,,,,,,,,,,,,,,,,,,,,,,,,,
541,C444,Wild-Type,Wild-Type,Wild-Type,Wild-Type,Wild-Type,Wild-Type,Wild-Type,Wild-Type,Wild-Type,Wild-Type,Wild-Type,Wild-Type,Wild-Type,Wild-Type,Wild-Type,Wild-Type,Wild-Type,Wild-Type,Wild-Type,Wild-Type,Wild-Type,Wild-Type,Wild-Type,Mutated,Mutated,Wild-Type,Wild-Type,Wild-Type,Wild-Type,Wild-Type,Wild-Type,Wild-Type,Wild-Type,Wild-Type,Wild-Type,Wild-Type,Wild-Type,Wild-Type,Wild-Type,Wild-Type,Wild-Type,Wild-Type,Wild-Type,Wild-Type,Wild-Type,Wild-Type,Wild-Type,Wild-Type,Wild-Type,Wild-Type,Wild-Type,Wild-Type,Wild-Type,Wild-Type,Wild-Type,Wild-Type,Wild-Type,Wild-Type,Wild-Type,Wild-Type,Wild-Type,Wild-Type,Wild-Type,Wild-Type,Wild-Type,Wild-Type,Wild-Type,Wild-Type,Wild-Type,Wild-Type,Wild-Type,Wild-Type
542,C446,Mutated,Wild-Type,Wild-Type,Wild-Type,Wild-Type,Wild-Type,Wild-Type,Wild-Type,Mutated,Wild-Type,Wild-Type,Wild-Type,Wild-Type,Wild-Type,Wild-Type,Wild-Type,Wild-Type,Wild-Type,Wild-Type,Wild-Type,Wild-Type,Wild-Type,Wild-Type,Wild-Type,Wild-Type,Wild-Type,Wild-Type,Wild-Type,Wild-Type,Wild-Type,Wild-Type,Wild-Type,Wild-Type,Wild-Type,Wild-Type,Wild-Type,Wild-Type,Wild-Type,Wild-Type,Wild-Type,Wild-Type,Wild-Type,Wild-Type,Wild-Type,Wild-Type,Wild-Type,Wild-Type,Wild-Type,Wild-Type,Wild-Type,Wild-Type,Wild-Type,Wild-Type,Wild-Type,Wild-Type,Wild-Type,Wild-Type,Wild-Type,Wild-Type,Wild-Type,Wild-Type,Wild-Type,Wild-Type,Wild-Type,Wild-Type,Wild-Type,Wild-Type,Wild-Type,Wild-Type,Wild-Type,Wild-Type,Wild-Type
543,C447,Wild-Type,Wild-Type,Wild-Type,Wild-Type,Wild-Type,Wild-Type,Wild-Type,Wild-Type,Wild-Type,Wild-Type,Wild-Type,Wild-Type,Wild-Type,Wild-Type,Wild-Type,Mutated,Wild-Type,Wild-Type,Wild-Type,Wild-Type,Wild-Type,Wild-Type,Wild-Type,Mutated,Wild-Type,Mutated,Wild-Type,Wild-Type,Wild-Type,Wild-Type,Wild-Type,Wild-Type,Wild-Type,Wild-Type,Wild-Type,Mutated,Wild-Type,Wild-Type,Wild-Type,Wild-Type,Wild-Type,Wild-Type,Wild-Type,Wild-Type,Mutated,Wild-Type,Mutated,Mutated,Wild-Type,Wild-Type,Mutated,Wild-Type,Wild-Type,Wild-Type,Wild-Type,Wild-Type,Wild-Type,Wild-Type,Wild-Type,Wild-Type,Wild-Type,Wild-Type,Wild-Type,Wild-Type,Wild-Type,Wild-Type,Wild-Type,Wild-Type,Wild-Type,Mutated,Wild-Type,Wild-Type
544,C445,Wild-Type,Wild-Type,Wild-Type,Wild-Type,Wild-Type,Wild-Type,Wild-Type,Wild-Type,Wild-Type,Wild-Type,Wild-Type,Wild-Type,Wild-Type,Wild-Type,Wild-Type,Mutated,Wild-Type,Wild-Type,Wild-Type,Wild-Type,Wild-Type,Wild-Type,Wild-Type,Mutated,Wild-Type,Mutated,Wild-Type,Wild-Type,Wild-Type,Wild-Type,Wild-Type,Wild-Type,Wild-Type,Wild-Type,Wild-Type,Wild-Type,Wild-Type,Wild-Type,Wild-Type,Wild-Type,Wild-Type,Wild-Type,Wild-Type,Mutated,Mutated,Wild-Type,Wild-Type,Wild-Type,Wild-Type,Wild-Type,Wild-Type,Wild-Type,Wild-Type,Wild-Type,Wild-Type,Wild-Type,Wild-Type,Wild-Type,Wild-Type,Wild-Type,Wild-Type,Mutated,Wild-Type,Wild-Type,Wild-Type,Wild-Type,Wild-Type,Wild-Type,Wild-Type,Wild-Type,Wild-Type,Wild-Type
545,C448,Mutated,Wild-Type,Wild-Type,Wild-Type,Mutated,Mutated,Wild-Type,Wild-Type,Wild-Type,Wild-Type,Wild-Type,Wild-Type,Wild-Type,Wild-Type,Wild-Type,Mutated,Wild-Type,Wild-Type,Wild-Type,Wild-Type,Wild-Type,Wild-Type,Wild-Type,Wild-Type,Wild-Type,Wild-Type,Wild-Type,Wild-Type,Wild-Type,Mutated,Wild-Type,Wild-Type,Wild-Type,Wild-Type,Wild-Type,Wild-Type,Wild-Type,Wild-Type,Wild-Type,Wild-Type,Wild-Type,Wild-Type,Wild-Type,Wild-Type,Wild-Type,Wild-Type,Wild-Type,Wild-Type,Wild-Type,Wild-Type,Wild-Type,Wild-Type,Wild-Type,Wild-Type,Wild-Type,Wild-Type,Mutated,Wild-Type,Wild-Type,Wild-Type,Wild-Type,Wild-Type,Wild-Type,Wild-Type,Wild-Type,Wild-Type,Wild-Type,Wild-Type,Wild-Type,Wild-Type,Wild-Type,Wild-Type
546,C449,Mutated,Wild-Type,Wild-Type,Wild-Type,Mutated,Mutated,Wild-Type,Wild-Type,Wild-Type,Wild-Type,Wild-Type,Wild-Type,Wild-Type,Wild-Type,Wild-Type,Mutated,Wild-Type,Wild-Type,Wild-Type,Wild-Type,Wild-Type,Wild-Type,Wild-Type,Wild-Type,Wild-Type,Wild-Type,Wild-Type,Wild-Type,Wild-Type,Mutated,Wild-Type,Wild-Type,Wild-Type,Wild-Type,Wild-Type,Wild-Type,Wild-Type,Wild-Type,Wild-Type,Wild-Type,Wild-Type,Wild-Type,Wild-Type,Wild-Type,Wild-Type,Wild-Type,Wild-Type,Wild-Type,Wild-Type,Wild-Type,Wild-Type,Wild-Type,Wild-Type,Wild-Type,Wild-Type,Wild-Type,Mutated,Wild-Type,Wild-Type,Wild-Type,Wild-Type,Wild-Type,Wild-Type,Wild-Type,Wild-Type,Wild-Type,Wild-Type,Wild-Type,Wild-Type,Wild-Type,Wild-Type,Wild-Type
547,C450,Wild-Type,Wild-Type,Wild-Type,Wild-Type,Wild-Type,Wild-Type,Wild-Type,Wild-Type,Wild-Type,Wild-Type,Mutated,Wild-Type,Wild-Type,Wild-Type,Wild-Type,Wild-Type,Wild-Type,Wild-Type,Wild-Type,Wild-Type,Wild-Type,Wild-Type,Wild-Type,Mutated,Wild-Type,Mutated,Wild-Type,Wild-Type,Wild-Type,Wild-Type,Wild-Type,Wild-Type,Wild-Type,Wild-Type,Wild-Type,Wild-Type,Wild-Type,Mutated,Wild-Type,Wild-Type,Wild-Type,Wild-Type,Wild-Type,Wild-Type,Wild-Type,Wild-Type,Wild-Type,Wild-Type,Wild-Type,Wild-Type,Mutated,Wild-Type,Wild-Type,Wild-Type,Wild-Type,Wild-Type,Wild-Type,Wild-Type,Wild-Type,Wild-Type,Wild-Type,Wild-Type,Wild-Type,Wild-Type,Wild-Type,Wild-Type,Wild-Type,Wild-Type,Wild-Type,Wild-Type,Mutated,Wild-Type
548,C489,Wild-Type,Wild-Type,Wild-Type,Wild-Type,Wild-Type,Wild-Type,Wild-Type,Wild-Type,Wild-Type,Wild-Type,Mutated,Wild-Type,Wild-Type,Wild-Type,Wild-Type,Wild-Type,Wild-Type,Wild-Type,Wild-Type,Wild-Type,Wild-Type,Mutated,Wild-Type,Wild-Type,Wild-Type,Wild-Type,Wild-Type,Wild-Type,Mutated,Wild-Type,Wild-Type,Wild-Type,Wild-Type,Wild-Type,Wild-Type,Wild-Type,Wild-Type,Wild-Type,Wild-Type,Wild-Type,Wild-Type,Mutated,Wild-Type,Wild-Type,Mutated,Wild-Type,Wild-Type,Wild-Type,Wild-Type,Wild-Type,Wild-Type,Wild-Type,Wild-Type,Wild-Type,Wild-Type,Wild-Type,Wild-Type,Wild-Type,Wild-Type,Wild-Type,Wild-Type,Wild-Type,Mutated,Wild-Type,Wild-Type,Wild-Type,Wild-Type,Wild-Type,Wild-Type,Wild-Type,Wild-Type,Wild-Type
549,C454,Wild-Type,Wild-Type,Wild-Type,Wild-Type,Wild-Type,Wild-Type,Wild-Type,Wild-Type,Wild-Type,Wild-Type,Wild-Type,Wild-Type,Wild-Type,Wild-Type,Wild-Type,Wild-Type,Wild-Type,Wild-Type,Wild-Type,Wild-Type,Wild-Type,Wild-Type,Wild-Type,Wild-Type,Wild-Type,Wild-Type,Wild-Type,Wild-Type,Wild-Type,Wild-Type,Wild-Type,Mutated,Wild-Type,Wild-Type,Wild-Type,Wild-Type,Wild-Type,Wild-Type,Wild-Type,Wild-Type,Wild-Type,Wild-Type,Wild-Type,Wild-Type,Wild-Type,Mutated,Wild-Type,Wild-Type,Wild-Type,Wild-Type,Wild-Type,Wild-Type,Wild-Type,Wild-Type,Wild-Type,Wild-Type,Wild-Type,Wild-Type,Wild-Type,Wild-Type,Wild-Type,Wild-Type,Wild-Type,Wild-Type,Wild-Type,Wild-Type,Wild-Type,Wild-Type,Wild-Type,Wild-Type,Wild-Type,Wild-Type
550,C456,Mutated,Wild-Type,Wild-Type,Wild-Type,Wild-Type,Mutated,Wild-Type,Wild-Type,Wild-Type,Wild-Type,Wild-Type,Wild-Type,Wild-Type,Wild-Type,Wild-Type,Wild-Type,Wild-Type,Wild-Type,Wild-Type,Wild-Type,Wild-Type,Wild-Type,Wild-Type,Wild-Type,Wild-Type,Wild-Type,Wild-Type,Wild-Type,Wild-Type,Wild-Type,Wild-Type,Wild-Type,Wild-Type,Wild-Type,Wild-Type,Wild-Type,Wild-Type,Mutated,Wild-Type,Wild-Type,Wild-Type,Wild-Type,Wild-Type,Wild-Type,Wild-Type,Mutated,Wild-Type,Wild-Type,Wild-Type,Wild-Type,Mutated,Wild-Type,Wild-Type,Wild-Type,Wild-Type,Wild-Type,Mutated,Mutated,Wild-Type,Wild-Type,Wild-Type,Wild-Type,Wild-Type,Mutated,Wild-Type,Mutated,Wild-Type,Wild-Type,Wild-Type,Wild-Type,Wild-Type,Wild-Type
551,C469,,,,,,,,,,,,,,,,,,,,,,,,,,,,,,,,,,,,,,,,,,,,,,,,,,,,,,,,,,,,,,,,,,,,,,,,
552,C470,,,,,,,,,,,,,,,,,,,,,,,,,,,,,,,,,,,,,,,,,,,,,,,,,,,,,,,,,,,,,,,,,,,,,,,,
553,C595,,,,,,,,,,,,,,,,,,,,,,,,,,,,,,,,,,,,,,,,,,,,,,,,,,,,,,,,,,,,,,,,,,,,,,,,
554,C457,Wild-Type,Wild-Type,Wild-Type,Wild-Type,Wild-Type,Wild-Type,Wild-Type,Wild-Type,Wild-Type,Wild-Type,Mutated,Wild-Type,Wild-Type,Wild-Type,Wild-Type,Wild-Type,Wild-Type,Wild-Type,Wild-Type,Wild-Type,Wild-Type,Wild-Type,Mutated,Mutated,Wild-Type,Mutated,Mutated,Wild-Type,Wild-Type,Wild-Type,Wild-Type,Wild-Type,Wild-Type,Wild-Type,Wild-Type,Wild-Type,Wild-Type,Wild-Type,Wild-Type,Wild-Type,Wild-Type,Wild-Type,Wild-Type,Wild-Type,Wild-Type,Wild-Type,Wild-Type,Wild-Type,Wild-Type,Wild-Type,Wild-Type,Wild-Type,Wild-Type,Wild-Type,Wild-Type,Wild-Type,Wild-Type,Wild-Type,Wild-Type,Wild-Type,Wild-Type,Wild-Type,Wild-Type,Wild-Type,Wild-Type,Wild-Type,Wild-Type,Wild-Type,Wild-Type,Wild-Type,Wild-Type,Wild-Type
555,C458,Wild-Type,Mutated,Wild-Type,Wild-Type,Wild-Type,Wild-Type,Wild-Type,Wild-Type,Mutated,Wild-Type,Wild-Type,Wild-Type,Wild-Type,Wild-Type,Wild-Type,Wild-Type,Wild-Type,Wild-Type,Wild-Type,Wild-Type,Wild-Type,Wild-Type,Wild-Type,Mutated,Wild-Type,Mutated,Wild-Type,Wild-Type,Wild-Type,Wild-Type,Wild-Type,Mutated,Wild-Type,Wild-Type,Wild-Type,Wild-Type,Wild-Type,Mutated,Wild-Type,Wild-Type,Wild-Type,Wild-Type,Wild-Type,Wild-Type,Wild-Type,Mutated,Wild-Type,Wild-Type,Wild-Type,Wild-Type,Wild-Type,Wild-Type,Wild-Type,Wild-Type,Wild-Type,Wild-Type,Wild-Type,Wild-Type,Wild-Type,Wild-Type,Mutated,Mutated,Wild-Type,Wild-Type,Wild-Type,Wild-Type,Wild-Type,Wild-Type,Wild-Type,Wild-Type,Wild-Type,Wild-Type
556,C459,Wild-Type,Wild-Type,Wild-Type,Wild-Type,Wild-Type,Wild-Type,Wild-Type,Wild-Type,Wild-Type,Wild-Type,Wild-Type,Wild-Type,Wild-Type,Wild-Type,Wild-Type,Mutated,Wild-Type,Wild-Type,Wild-Type,Wild-Type,Wild-Type,Wild-Type,Wild-Type,Mutated,Wild-Type,Mutated,Wild-Type,Wild-Type,Wild-Type,Wild-Type,Wild-Type,Wild-Type,Wild-Type,Wild-Type,Wild-Type,Wild-Type,Wild-Type,Wild-Type,Wild-Type,Wild-Type,Wild-Type,Wild-Type,Wild-Type,Wild-Type,Wild-Type,Wild-Type,Wild-Type,Wild-Type,Wild-Type,Wild-Type,Mutated,Wild-Type,Wild-Type,Wild-Type,Wild-Type,Wild-Type,Wild-Type,Wild-Type,Wild-Type,Wild-Type,Wild-Type,Wild-Type,Wild-Type,Wild-Type,Wild-Type,Wild-Type,Wild-Type,Wild-Type,Wild-Type,Wild-Type,Wild-Type,Wild-Type
557,C460,,,,,,,,,,,,,,,,,,,,,,,,,,,,,,,,,,,,,,,,,,,,,,,,,,,,,,,,,,,,,,,,,,,,,,,,
558,C461,Wild-Type,Wild-Type,Wild-Type,Wild-Type,Wild-Type,Wild-Type,Wild-Type,Wild-Type,Wild-Type,Wild-Type,Mutated,Wild-Type,Wild-Type,Wild-Type,Wild-Type,Wild-Type,Wild-Type,Wild-Type,Wild-Type,Mutated,Wild-Type,Wild-Type,Wild-Type,Mutated,Wild-Type,Mutated,Wild-Type,Wild-Type,Wild-Type,Mutated,Wild-Type,Wild-Type,Wild-Type,Wild-Type,Wild-Type,Wild-Type,Wild-Type,Wild-Type,Wild-Type,Wild-Type,Wild-Type,Wild-Type,Mutated,Wild-Type,Wild-Type,Wild-Type,Mutated,Wild-Type,Wild-Type,Wild-Type,Wild-Type,Wild-Type,Wild-Type,Wild-Type,Wild-Type,Wild-Type,Wild-Type,Wild-Type,Wild-Type,Wild-Type,Wild-Type,Wild-Type,Wild-Type,Wild-Type,Wild-Type,Wild-Type,Wild-Type,Wild-Type,Wild-Type,Wild-Type,Mutated,Wild-Type
559,C464,Wild-Type,Wild-Type,Wild-Type,Wild-Type,Wild-Type,Wild-Type,Wild-Type,Wild-Type,Wild-Type,Wild-Type,Wild-Type,Wild-Type,Wild-Type,Wild-Type,Wild-Type,Mutated,Wild-Type,Wild-Type,Wild-Type,Wild-Type,Wild-Type,Wild-Type,Wild-Type,Wild-Type,Wild-Type,Wild-Type,Wild-Type,Wild-Type,Mutated,Wild-Type,Wild-Type,Wild-Type,Wild-Type,Wild-Type,Wild-Type,Wild-Type,Wild-Type,Wild-Type,Wild-Type,Wild-Type,Wild-Type,Wild-Type,Wild-Type,Wild-Type,Mutated,Wild-Type,Wild-Type,Wild-Type,Wild-Type,Wild-Type,Mutated,Wild-Type,Wild-Type,Wild-Type,Wild-Type,Wild-Type,Wild-Type,Wild-Type,Wild-Type,Wild-Type,Mutated,Wild-Type,Wild-Type,Wild-Type,Wild-Type,Wild-Type,Wild-Type,Wild-Type,Wild-Type,Wild-Type,Wild-Type,Wild-Type
560,C465,Wild-Type,Wild-Type,Wild-Type,Wild-Type,Wild-Type,Wild-Type,Wild-Type,Wild-Type,Wild-Type,Wild-Type,Wild-Type,Wild-Type,Wild-Type,Wild-Type,Wild-Type,Mutated,Wild-Type,Wild-Type,Wild-Type,Wild-Type,Wild-Type,Wild-Type,Wild-Type,Wild-Type,Wild-Type,Wild-Type,Wild-Type,Wild-Type,Mutated,Wild-Type,Wild-Type,Wild-Type,Wild-Type,Wild-Type,Wild-Type,Wild-Type,Wild-Type,Wild-Type,Wild-Type,Wild-Type,Wild-Type,Wild-Type,Wild-Type,Wild-Type,Mutated,Wild-Type,Wild-Type,Wild-Type,Wild-Type,Wild-Type,Mutated,Wild-Type,Wild-Type,Wild-Type,Wild-Type,Wild-Type,Wild-Type,Wild-Type,Wild-Type,Wild-Type,Mutated,Wild-Type,Wild-Type,Wild-Type,Wild-Type,Wild-Type,Wild-Type,Wild-Type,Wild-Type,Wild-Type,Wild-Type,Wild-Type
561,C463,Wild-Type,Wild-Type,Wild-Type,Wild-Type,Mutated,Wild-Type,Wild-Type,Wild-Type,Wild-Type,Wild-Type,Wild-Type,Wild-Type,Wild-Type,Wild-Type,Wild-Type,Wild-Type,Wild-Type,Wild-Type,Wild-Type,Wild-Type,Wild-Type,Wild-Type,Mutated,Wild-Type,Wild-Type,Wild-Type,Wild-Type,Wild-Type,Wild-Type,Wild-Type,Wild-Type,Wild-Type,Wild-Type,Mutated,Wild-Type,Wild-Type,Wild-Type,Wild-Type,Wild-Type,Wild-Type,Wild-Type,Wild-Type,Mutated,Wild-Type,Wild-Type,Wild-Type,Wild-Type,Wild-Type,Wild-Type,Wild-Type,Wild-Type,Wild-Type,Wild-Type,Wild-Type,Wild-Type,Wild-Type,Wild-Type,Wild-Type,Wild-Type,Wild-Type,Wild-Type,Wild-Type,Wild-Type,Wild-Type,Wild-Type,Mutated,Wild-Type,Wild-Type,Wild-Type,Wild-Type,Wild-Type,Wild-Type
562,C466,Wild-Type,Wild-Type,Wild-Type,Wild-Type,Wild-Type,Wild-Type,Wild-Type,Wild-Type,Wild-Type,Wild-Type,Wild-Type,Wild-Type,Wild-Type,Wild-Type,Wild-Type,Wild-Type,Wild-Type,Wild-Type,Wild-Type,Wild-Type,Wild-Type,Wild-Type,Wild-Type,Wild-Type,Wild-Type,Wild-Type,Wild-Type,Wild-Type,Wild-Type,Wild-Type,Wild-Type,Wild-Type,Wild-Type,Wild-Type,Wild-Type,Wild-Type,Wild-Type,Wild-Type,Wild-Type,Wild-Type,Wild-Type,Wild-Type,Wild-Type,Wild-Type,Wild-Type,Wild-Type,Mutated,Mutated,Wild-Type,Wild-Type,Mutated,Wild-Type,Wild-Type,Wild-Type,Wild-Type,Wild-Type,Mutated,Wild-Type,Wild-Type,Mutated,Wild-Type,Wild-Type,Wild-Type,Wild-Type,Wild-Type,Wild-Type,Wild-Type,Wild-Type,Wild-Type,Wild-Type,Wild-Type,Wild-Type
563,C467,Mutated,Wild-Type,Wild-Type,Wild-Type,Wild-Type,Wild-Type,Wild-Type,Wild-Type,Wild-Type,Wild-Type,Wild-Type,Wild-Type,Wild-Type,Wild-Type,Wild-Type,Wild-Type,Wild-Type,Wild-Type,Wild-Type,Wild-Type,Wild-Type,Wild-Type,Wild-Type,Wild-Type,Wild-Type,Wild-Type,Wild-Type,Wild-Type,Mutated,Wild-Type,Wild-Type,Wild-Type,Wild-Type,Wild-Type,Wild-Type,Wild-Type,Wild-Type,Wild-Type,Wild-Type,Wild-Type,Mutated,Wild-Type,Wild-Type,Wild-Type,Wild-Type,Wild-Type,Wild-Type,Wild-Type,Wild-Type,Wild-Type,Wild-Type,Wild-Type,Wild-Type,Mutated,Wild-Type,Wild-Type,Wild-Type,Wild-Type,Wild-Type,Wild-Type,Wild-Type,Wild-Type,Mutated,Wild-Type,Wild-Type,Wild-Type,Mutated,Wild-Type,Wild-Type,Wild-Type,Wild-Type,Wild-Type
564,C491,Mutated,Wild-Type,Wild-Type,Wild-Type,Wild-Type,Wild-Type,Wild-Type,Wild-Type,Wild-Type,Wild-Type,Wild-Type,Wild-Type,Wild-Type,Wild-Type,Wild-Type,Wild-Type,Wild-Type,Wild-Type,Wild-Type,Wild-Type,Wild-Type,Wild-Type,Wild-Type,Wild-Type,Wild-Type,Wild-Type,Wild-Type,Wild-Type,Wild-Type,Wild-Type,Wild-Type,Wild-Type,Wild-Type,Wild-Type,Wild-Type,Wild-Type,Wild-Type,Wild-Type,Wild-Type,Wild-Type,Mutated,Wild-Type,Wild-Type,Wild-Type,Wild-Type,Wild-Type,Wild-Type,Wild-Type,Wild-Type,Wild-Type,Wild-Type,Wild-Type,Wild-Type,Mutated,Wild-Type,Wild-Type,Mutated,Wild-Type,Wild-Type,Wild-Type,Wild-Type,Wild-Type,Mutated,Wild-Type,Wild-Type,Wild-Type,Mutated,Wild-Type,Wild-Type,Wild-Type,Wild-Type,Wild-Type
565,C497,Mutated,Wild-Type,Wild-Type,Wild-Type,Wild-Type,Wild-Type,Wild-Type,Wild-Type,Wild-Type,Wild-Type,Wild-Type,Wild-Type,Wild-Type,Wild-Type,Wild-Type,Wild-Type,Wild-Type,Wild-Type,Wild-Type,Wild-Type,Wild-Type,Wild-Type,Wild-Type,Wild-Type,Wild-Type,Wild-Type,Wild-Type,Wild-Type,Wild-Type,Wild-Type,Wild-Type,Wild-Type,Wild-Type,Wild-Type,Wild-Type,Wild-Type,Wild-Type,Wild-Type,Wild-Type,Wild-Type,Mutated,Wild-Type,Wild-Type,Wild-Type,Wild-Type,Wild-Type,Wild-Type,Wild-Type,Wild-Type,Wild-Type,Wild-Type,Wild-Type,Wild-Type,Mutated,Wild-Type,Wild-Type,Mutated,Wild-Type,Wild-Type,Wild-Type,Wild-Type,Wild-Type,Mutated,Wild-Type,Wild-Type,Wild-Type,Mutated,Wild-Type,Wild-Type,Wild-Type,Wild-Type,Wild-Type
566,C471,Wild-Type,Wild-Type,Wild-Type,Wild-Type,Wild-Type,Wild-Type,Wild-Type,Wild-Type,Wild-Type,Wild-Type,Wild-Type,Wild-Type,Wild-Type,Wild-Type,Wild-Type,Wild-Type,Wild-Type,Wild-Type,Wild-Type,Wild-Type,Wild-Type,Wild-Type,Wild-Type,Wild-Type,Wild-Type,Wild-Type,Wild-Type,Wild-Type,Wild-Type,Wild-Type,Wild-Type,Wild-Type,Wild-Type,Wild-Type,Wild-Type,Wild-Type,Wild-Type,Wild-Type,Wild-Type,Wild-Type,Wild-Type,Wild-Type,Wild-Type,Wild-Type,Wild-Type,Wild-Type,Wild-Type,Wild-Type,Wild-Type,Mutated,Wild-Type,Wild-Type,Wild-Type,Wild-Type,Wild-Type,Wild-Type,Wild-Type,Wild-Type,Wild-Type,Wild-Type,Wild-Type,Wild-Type,Wild-Type,Wild-Type,Wild-Type,Wild-Type,Wild-Type,Wild-Type,Wild-Type,Wild-Type,Wild-Type,Wild-Type
567,C472,Mutated,Wild-Type,Wild-Type,Wild-Type,Wild-Type,Wild-Type,Wild-Type,Wild-Type,Wild-Type,Wild-Type,Wild-Type,Wild-Type,Wild-Type,Wild-Type,Wild-Type,Wild-Type,Wild-Type,Wild-Type,Wild-Type,Wild-Type,Wild-Type,Wild-Type,Wild-Type,Wild-Type,Wild-Type,Wild-Type,Wild-Type,Wild-Type,Wild-Type,Wild-Type,Wild-Type,Wild-Type,Wild-Type,Wild-Type,Wild-Type,Wild-Type,Wild-Type,Wild-Type,Wild-Type,Wild-Type,Wild-Type,Wild-Type,Wild-Type,Wild-Type,Wild-Type,Wild-Type,Wild-Type,Wild-Type,Wild-Type,Wild-Type,Wild-Type,Wild-Type,Wild-Type,Wild-Type,Wild-Type,Wild-Type,Mutated,Wild-Type,Wild-Type,Wild-Type,Wild-Type,Wild-Type,Mutated,Mutated,Wild-Type,Wild-Type,Wild-Type,Wild-Type,Wild-Type,Wild-Type,Wild-Type,Wild-Type
568,C474,Wild-Type,Wild-Type,Wild-Type,Wild-Type,Wild-Type,Wild-Type,Wild-Type,Wild-Type,Wild-Type,Wild-Type,Mutated,Wild-Type,Wild-Type,Wild-Type,Wild-Type,Wild-Type,Wild-Type,Mutated,Wild-Type,Wild-Type,Wild-Type,Wild-Type,Wild-Type,Wild-Type,Wild-Type,Wild-Type,Mutated,Wild-Type,Wild-Type,Wild-Type,Wild-Type,Wild-Type,Wild-Type,Wild-Type,Wild-Type,Wild-Type,Wild-Type,Wild-Type,Wild-Type,Wild-Type,Wild-Type,Mutated,Wild-Type,Wild-Type,Wild-Type,Wild-Type,Wild-Type,Wild-Type,Wild-Type,Wild-Type,Wild-Type,Wild-Type,Wild-Type,Wild-Type,Wild-Type,Wild-Type,Wild-Type,Wild-Type,Wild-Type,Wild-Type,Wild-Type,Wild-Type,Wild-Type,Wild-Type,Wild-Type,Wild-Type,Wild-Type,Wild-Type,Wild-Type,Wild-Type,Mutated,Wild-Type
569,C475,Wild-Type,Wild-Type,Wild-Type,Wild-Type,Wild-Type,Wild-Type,Wild-Type,Wild-Type,Wild-Type,Wild-Type,Mutated,Wild-Type,Wild-Type,Wild-Type,Wild-Type,Wild-Type,Wild-Type,Mutated,Wild-Type,Wild-Type,Wild-Type,Wild-Type,Wild-Type,Wild-Type,Wild-Type,Wild-Type,Mutated,Wild-Type,Wild-Type,Wild-Type,Wild-Type,Wild-Type,Wild-Type,Wild-Type,Wild-Type,Wild-Type,Wild-Type,Wild-Type,Wild-Type,Wild-Type,Wild-Type,Mutated,Wild-Type,Wild-Type,Wild-Type,Wild-Type,Wild-Type,Wild-Type,Wild-Type,Wild-Type,Wild-Type,Wild-Type,Wild-Type,Wild-Type,Wild-Type,Wild-Type,Wild-Type,Wild-Type,Wild-Type,Wild-Type,Wild-Type,Wild-Type,Wild-Type,Wild-Type,Wild-Type,Wild-Type,Wild-Type,Wild-Type,Wild-Type,Wild-Type,Mutated,Wild-Type
570,C476,Wild-Type,Wild-Type,Wild-Type,Wild-Type,Wild-Type,Wild-Type,Wild-Type,Wild-Type,Wild-Type,Wild-Type,Mutated,Wild-Type,Mutated,Wild-Type,Wild-Type,Wild-Type,Wild-Type,Wild-Type,Wild-Type,Wild-Type,Wild-Type,Wild-Type,Mutated,Wild-Type,Wild-Type,Wild-Type,Wild-Type,Mutated,Mutated,Wild-Type,Wild-Type,Wild-Type,Wild-Type,Wild-Type,Wild-Type,Wild-Type,Wild-Type,Wild-Type,Wild-Type,Wild-Type,Wild-Type,Wild-Type,Mutated,Wild-Type,Wild-Type,Wild-Type,Wild-Type,Wild-Type,Wild-Type,Wild-Type,Wild-Type,Wild-Type,Mutated,Wild-Type,Wild-Type,Wild-Type,Mutated,Wild-Type,Wild-Type,Wild-Type,Wild-Type,Wild-Type,Mutated,Mutated,Wild-Type,Wild-Type,Wild-Type,Wild-Type,Wild-Type,Wild-Type,Wild-Type,Wild-Type
571,C488,,,,,,,,,,,,,,,,,,,,,,,,,,,,,,,,,,,,,,,,,,,,,,,,,,,,,,,,,,,,,,,,,,,,,,,,
572,C477,Wild-Type,Wild-Type,Wild-Type,Mutated,Wild-Type,Wild-Type,Wild-Type,Wild-Type,Wild-Type,Wild-Type,Wild-Type,Wild-Type,Wild-Type,Wild-Type,Wild-Type,Wild-Type,Wild-Type,Wild-Type,Wild-Type,Wild-Type,Wild-Type,Wild-Type,Wild-Type,Wild-Type,Wild-Type,Wild-Type,Wild-Type,Wild-Type,Wild-Type,Wild-Type,Wild-Type,Wild-Type,Wild-Type,Wild-Type,Wild-Type,Wild-Type,Wild-Type,Wild-Type,Wild-Type,Wild-Type,Wild-Type,Wild-Type,Wild-Type,Wild-Type,Wild-Type,Mutated,Wild-Type,Wild-Type,Mutated,Wild-Type,Wild-Type,Wild-Type,Wild-Type,Wild-Type,Wild-Type,Wild-Type,Mutated,Wild-Type,Wild-Type,Wild-Type,Wild-Type,Wild-Type,Wild-Type,Wild-Type,Wild-Type,Wild-Type,Wild-Type,Wild-Type,Wild-Type,Wild-Type,Wild-Type,Wild-Type
573,C478,Wild-Type,Wild-Type,Wild-Type,Mutated,Wild-Type,Wild-Type,Wild-Type,Wild-Type,Wild-Type,Wild-Type,Wild-Type,Wild-Type,Wild-Type,Wild-Type,Wild-Type,Wild-Type,Wild-Type,Wild-Type,Wild-Type,Wild-Type,Wild-Type,Wild-Type,Wild-Type,Wild-Type,Wild-Type,Wild-Type,Wild-Type,Wild-Type,Wild-Type,Wild-Type,Wild-Type,Wild-Type,Wild-Type,Wild-Type,Wild-Type,Wild-Type,Wild-Type,Wild-Type,Wild-Type,Wild-Type,Wild-Type,Wild-Type,Wild-Type,Wild-Type,Wild-Type,Mutated,Wild-Type,Wild-Type,Mutated,Wild-Type,Wild-Type,Wild-Type,Wild-Type,Wild-Type,Wild-Type,Wild-Type,Mutated,Wild-Type,Wild-Type,Wild-Type,Wild-Type,Wild-Type,Wild-Type,Wild-Type,Wild-Type,Wild-Type,Wild-Type,Wild-Type,Wild-Type,Wild-Type,Wild-Type,Wild-Type
574,C483,Wild-Type,Wild-Type,Wild-Type,Mutated,Wild-Type,Wild-Type,Wild-Type,Wild-Type,Wild-Type,Wild-Type,Wild-Type,Wild-Type,Wild-Type,Wild-Type,Wild-Type,Wild-Type,Wild-Type,Wild-Type,Wild-Type,Wild-Type,Wild-Type,Wild-Type,Wild-Type,Wild-Type,Wild-Type,Wild-Type,Wild-Type,Wild-Type,Wild-Type,Wild-Type,Wild-Type,Wild-Type,Wild-Type,Wild-Type,Wild-Type,Wild-Type,Wild-Type,Wild-Type,Wild-Type,Wild-Type,Wild-Type,Wild-Type,Wild-Type,Wild-Type,Wild-Type,Wild-Type,Wild-Type,Wild-Type,Wild-Type,Wild-Type,Wild-Type,Wild-Type,Wild-Type,Wild-Type,Wild-Type,Wild-Type,Wild-Type,Wild-Type,Wild-Type,Wild-Type,Wild-Type,Wild-Type,Wild-Type,Wild-Type,Wild-Type,Wild-Type,Wild-Type,Wild-Type,Wild-Type,Wild-Type,Wild-Type,Wild-Type
575,C592,Mutated,Wild-Type,Wild-Type,Wild-Type,Wild-Type,Wild-Type,Mutated,Wild-Type,Wild-Type,Wild-Type,Mutated,Mutated,Wild-Type,Wild-Type,Wild-Type,Wild-Type,Wild-Type,Wild-Type,Wild-Type,Wild-Type,Wild-Type,Wild-Type,Wild-Type,Mutated,Wild-Type,Mutated,Wild-Type,Wild-Type,Wild-Type,Wild-Type,Wild-Type,Wild-Type,Wild-Type,Wild-Type,Wild-Type,Wild-Type,Wild-Type,Wild-Type,Wild-Type,Wild-Type,Wild-Type,Wild-Type,Wild-Type,Wild-Type,Mutated,Wild-Type,Wild-Type,Wild-Type,Wild-Type,Wild-Type,Wild-Type,Wild-Type,Wild-Type,Wild-Type,Wild-Type,Wild-Type,Wild-Type,Wild-Type,Wild-Type,Wild-Type,Wild-Type,Wild-Type,Wild-Type,Wild-Type,Wild-Type,Wild-Type,Wild-Type,Wild-Type,Wild-Type,Wild-Type,Wild-Type,Wild-Type
576,C479,Mutated,Wild-Type,Wild-Type,Wild-Type,Wild-Type,Wild-Type,Mutated,Wild-Type,Wild-Type,Wild-Type,Mutated,Mutated,Wild-Type,Wild-Type,Wild-Type,Wild-Type,Wild-Type,Wild-Type,Wild-Type,Wild-Type,Wild-Type,Wild-Type,Wild-Type,Mutated,Wild-Type,Mutated,Wild-Type,Wild-Type,Wild-Type,Wild-Type,Wild-Type,Wild-Type,Wild-Type,Wild-Type,Wild-Type,Wild-Type,Wild-Type,Wild-Type,Wild-Type,Wild-Type,Wild-Type,Wild-Type,Wild-Type,Wild-Type,Mutated,Wild-Type,Wild-Type,Wild-Type,Wild-Type,Wild-Type,Wild-Type,Wild-Type,Wild-Type,Wild-Type,Wild-Type,Wild-Type,Wild-Type,Wild-Type,Wild-Type,Wild-Type,Wild-Type,Wild-Type,Wild-Type,Wild-Type,Wild-Type,Wild-Type,Wild-Type,Wild-Type,Wild-Type,Wild-Type,Wild-Type,Wild-Type
577,C480,Wild-Type,Wild-Type,Wild-Type,Wild-Type,Wild-Type,Wild-Type,Wild-Type,Wild-Type,Wild-Type,Wild-Type,Wild-Type,Wild-Type,Wild-Type,Wild-Type,Wild-Type,Wild-Type,Mutated,Wild-Type,Wild-Type,Wild-Type,Wild-Type,Wild-Type,Wild-Type,Wild-Type,Wild-Type,Wild-Type,Mutated,Wild-Type,Wild-Type,Wild-Type,Wild-Type,Wild-Type,Wild-Type,Mutated,Wild-Type,Wild-Type,Wild-Type,Wild-Type,Wild-Type,Wild-Type,Wild-Type,Wild-Type,Wild-Type,Wild-Type,Wild-Type,Mutated,Wild-Type,Wild-Type,Wild-Type,Wild-Type,Wild-Type,Wild-Type,Wild-Type,Wild-Type,Wild-Type,Wild-Type,Wild-Type,Wild-Type,Wild-Type,Wild-Type,Wild-Type,Wild-Type,Wild-Type,Wild-Type,Wild-Type,Wild-Type,Wild-Type,Wild-Type,Wild-Type,Wild-Type,Wild-Type,Wild-Type
578,C485,,,,,,,,,,,,,,,,,,,,,,,,Wild-Type,,Wild-Type,,,,,,,,,,,,,,,,,,,Wild-Type,,,,,,,,,,,,,,,,,,,,,,,,,,,
579,C481,Wild-Type,Wild-Type,Wild-Type,Wild-Type,Wild-Type,Wild-Type,Wild-Type,Wild-Type,Wild-Type,Wild-Type,Wild-Type,Wild-Type,Wild-Type,Wild-Type,Wild-Type,Wild-Type,Wild-Type,Wild-Type,Wild-Type,Wild-Type,Wild-Type,Mutated,Mutated,Wild-Type,Wild-Type,Wild-Type,Wild-Type,Wild-Type,Wild-Type,Wild-Type,Wild-Type,Wild-Type,Wild-Type,Wild-Type,Wild-Type,Wild-Type,Wild-Type,Wild-Type,Wild-Type,Wild-Type,Wild-Type,Wild-Type,Wild-Type,Wild-Type,Wild-Type,Wild-Type,Mutated,Wild-Type,Wild-Type,Wild-Type,Wild-Type,Wild-Type,Wild-Type,Wild-Type,Wild-Type,Wild-Type,Mutated,Wild-Type,Wild-Type,Wild-Type,Wild-Type,Wild-Type,Wild-Type,Wild-Type,Wild-Type,Wild-Type,Wild-Type,Wild-Type,Wild-Type,Wild-Type,Wild-Type,Wild-Type
580,C482,Wild-Type,Wild-Type,Wild-Type,Wild-Type,Wild-Type,Wild-Type,Wild-Type,Wild-Type,Wild-Type,Wild-Type,Wild-Type,Wild-Type,Wild-Type,Wild-Type,Wild-Type,Mutated,Wild-Type,Wild-Type,Wild-Type,Wild-Type,Wild-Type,Wild-Type,Wild-Type,Mutated,Wild-Type,Wild-Type,Wild-Type,Wild-Type,Mutated,Wild-Type,Wild-Type,Wild-Type,Wild-Type,Wild-Type,Wild-Type,Wild-Type,Wild-Type,Wild-Type,Wild-Type,Wild-Type,Wild-Type,Wild-Type,Wild-Type,Wild-Type,Mutated,Mutated,Wild-Type,Wild-Type,Wild-Type,Wild-Type,Wild-Type,Wild-Type,Wild-Type,Wild-Type,Wild-Type,Wild-Type,Wild-Type,Wild-Type,Wild-Type,Wild-Type,Wild-Type,Wild-Type,Wild-Type,Wild-Type,Wild-Type,Wild-Type,Wild-Type,Wild-Type,Wild-Type,Wild-Type,Wild-Type,Wild-Type
581,C484,Wild-Type,Wild-Type,Wild-Type,Wild-Type,Wild-Type,Wild-Type,Wild-Type,Wild-Type,Wild-Type,Wild-Type,Wild-Type,Wild-Type,Wild-Type,Wild-Type,Wild-Type,Wild-Type,Wild-Type,Wild-Type,Wild-Type,Wild-Type,Wild-Type,Wild-Type,Wild-Type,Wild-Type,Wild-Type,Wild-Type,Wild-Type,Wild-Type,Wild-Type,Wild-Type,Wild-Type,Wild-Type,Wild-Type,Wild-Type,Wild-Type,Wild-Type,Wild-Type,Wild-Type,Wild-Type,Wild-Type,Wild-Type,Wild-Type,Mutated,Wild-Type,Wild-Type,Mutated,Mutated,Wild-Type,Wild-Type,Wild-Type,Wild-Type,Wild-Type,Mutated,Wild-Type,Wild-Type,Wild-Type,Wild-Type,Wild-Type,Wild-Type,Wild-Type,Wild-Type,Wild-Type,Wild-Type,Wild-Type,Wild-Type,Wild-Type,Mutated,Wild-Type,Wild-Type,Wild-Type,Wild-Type,Mutated
582,C487,Mutated,Wild-Type,Wild-Type,Wild-Type,Wild-Type,Wild-Type,Wild-Type,Wild-Type,Wild-Type,Wild-Type,Wild-Type,Wild-Type,Wild-Type,Wild-Type,Wild-Type,Wild-Type,Wild-Type,Wild-Type,Wild-Type,Wild-Type,Wild-Type,Wild-Type,Wild-Type,Mutated,Wild-Type,Mutated,Wild-Type,Wild-Type,Wild-Type,Wild-Type,Wild-Type,Wild-Type,Wild-Type,Wild-Type,Wild-Type,Wild-Type,Wild-Type,Wild-Type,Wild-Type,Wild-Type,Wild-Type,Wild-Type,Wild-Type,Wild-Type,Wild-Type,Wild-Type,Wild-Type,Wild-Type,Wild-Type,Wild-Type,Wild-Type,Wild-Type,Wild-Type,Wild-Type,Wild-Type,Wild-Type,Mutated,Wild-Type,Wild-Type,Wild-Type,Wild-Type,Wild-Type,Mutated,Wild-Type,Wild-Type,Wild-Type,Wild-Type,Wild-Type,Wild-Type,Wild-Type,Wild-Type,Wild-Type
583,C490,Wild-Type,Wild-Type,Wild-Type,Wild-Type,Wild-Type,Mutated,Wild-Type,Wild-Type,Wild-Type,Wild-Type,Wild-Type,Wild-Type,Wild-Type,Wild-Type,Wild-Type,Wild-Type,Wild-Type,Wild-Type,Wild-Type,Wild-Type,Wild-Type,Wild-Type,Wild-Type,Wild-Type,Wild-Type,Wild-Type,Wild-Type,Wild-Type,Wild-Type,Wild-Type,Wild-Type,Wild-Type,Wild-Type,Wild-Type,Wild-Type,Wild-Type,Wild-Type,Mutated,Wild-Type,Wild-Type,Wild-Type,Wild-Type,Wild-Type,Wild-Type,Wild-Type,Wild-Type,Wild-Type,Wild-Type,Wild-Type,Wild-Type,Wild-Type,Wild-Type,Wild-Type,Wild-Type,Wild-Type,Wild-Type,Wild-Type,Wild-Type,Wild-Type,Wild-Type,Wild-Type,Wild-Type,Mutated,Wild-Type,Wild-Type,Wild-Type,Wild-Type,Wild-Type,Mutated,Wild-Type,Mutated,Wild-Type
584,C492,Wild-Type,Wild-Type,Wild-Type,Wild-Type,Wild-Type,Wild-Type,Wild-Type,Wild-Type,Wild-Type,Wild-Type,Wild-Type,Wild-Type,Wild-Type,Wild-Type,Wild-Type,Wild-Type,Wild-Type,Wild-Type,Wild-Type,Wild-Type,Wild-Type,Wild-Type,Wild-Type,Wild-Type,Wild-Type,Wild-Type,Wild-Type,Wild-Type,Wild-Type,Wild-Type,Wild-Type,Wild-Type,Wild-Type,Wild-Type,Wild-Type,Wild-Type,Wild-Type,Mutated,Wild-Type,Wild-Type,Wild-Type,Wild-Type,Wild-Type,Wild-Type,Wild-Type,Wild-Type,Wild-Type,Wild-Type,Wild-Type,Wild-Type,Wild-Type,Wild-Type,Wild-Type,Wild-Type,Wild-Type,Wild-Type,Wild-Type,Wild-Type,Wild-Type,Wild-Type,Wild-Type,Wild-Type,Wild-Type,Wild-Type,Wild-Type,Wild-Type,Wild-Type,Wild-Type,Wild-Type,Wild-Type,Wild-Type,Wild-Type
585,C493,Mutated,Wild-Type,Wild-Type,Wild-Type,Wild-Type,Wild-Type,Wild-Type,Wild-Type,Wild-Type,Wild-Type,Wild-Type,Wild-Type,Wild-Type,Wild-Type,Wild-Type,Wild-Type,Wild-Type,Wild-Type,Wild-Type,Wild-Type,Mutated,Wild-Type,Wild-Type,Wild-Type,Wild-Type,Wild-Type,Wild-Type,Wild-Type,Wild-Type,Wild-Type,Wild-Type,Wild-Type,Wild-Type,Wild-Type,Wild-Type,Wild-Type,Wild-Type,Wild-Type,Wild-Type,Wild-Type,Wild-Type,Wild-Type,Wild-Type,Wild-Type,Wild-Type,Wild-Type,Wild-Type,Wild-Type,Wild-Type,Wild-Type,Wild-Type,Wild-Type,Wild-Type,Wild-Type,Wild-Type,Wild-Type,Mutated,Wild-Type,Wild-Type,Wild-Type,Wild-Type,Wild-Type,Mutated,Mutated,Wild-Type,Wild-Type,Mutated,Wild-Type,Wild-Type,Mutated,Wild-Type,Wild-Type
586,C593,Wild-Type,Wild-Type,Wild-Type,Wild-Type,Wild-Type,Wild-Type,Wild-Type,Wild-Type,Wild-Type,Wild-Type,Wild-Type,Wild-Type,Wild-Type,Wild-Type,Wild-Type,Mutated,Wild-Type,Wild-Type,Wild-Type,Wild-Type,Wild-Type,Wild-Type,Mutated,Wild-Type,Wild-Type,Wild-Type,Mutated,Wild-Type,Mutated,Wild-Type,Mutated,Wild-Type,Wild-Type,Wild-Type,Wild-Type,Wild-Type,Wild-Type,Wild-Type,Wild-Type,Wild-Type,Wild-Type,Wild-Type,Wild-Type,Wild-Type,Wild-Type,Wild-Type,Wild-Type,Wild-Type,Wild-Type,Wild-Type,Wild-Type,Wild-Type,Wild-Type,Wild-Type,Wild-Type,Wild-Type,Mutated,Wild-Type,Wild-Type,Wild-Type,Wild-Type,Wild-Type,Wild-Type,Wild-Type,Wild-Type,Wild-Type,Wild-Type,Wild-Type,Wild-Type,Wild-Type,Wild-Type,Wild-Type
587,C494,,,,,,,,,,,,,,,,,,,,,,,,,,,,,,,,,,,,,,,,,,,,,,,,,,,,,,,,,,,,,,,,,,,,,,,,
588,C495,Mutated,Wild-Type,Wild-Type,Wild-Type,Wild-Type,Wild-Type,Wild-Type,Wild-Type,Wild-Type,Wild-Type,Wild-Type,Wild-Type,Wild-Type,Wild-Type,Wild-Type,Wild-Type,Wild-Type,Wild-Type,Wild-Type,Wild-Type,Wild-Type,Wild-Type,Wild-Type,Wild-Type,Wild-Type,Wild-Type,Wild-Type,Wild-Type,Wild-Type,Wild-Type,Wild-Type,Wild-Type,Wild-Type,Wild-Type,Wild-Type,Wild-Type,Wild-Type,Wild-Type,Wild-Type,Wild-Type,Wild-Type,Wild-Type,Wild-Type,Wild-Type,Wild-Type,Wild-Type,Wild-Type,Wild-Type,Wild-Type,Wild-Type,Wild-Type,Wild-Type,Wild-Type,Wild-Type,Wild-Type,Wild-Type,Wild-Type,Wild-Type,Wild-Type,Mutated,Wild-Type,Wild-Type,Wild-Type,Wild-Type,Wild-Type,Wild-Type,Wild-Type,Mutated,Wild-Type,Wild-Type,Wild-Type,Wild-Type
589,C498,Wild-Type,Mutated,Wild-Type,Wild-Type,Wild-Type,Wild-Type,Wild-Type,Wild-Type,Wild-Type,Wild-Type,Wild-Type,Wild-Type,Wild-Type,Wild-Type,Mutated,Wild-Type,Wild-Type,Wild-Type,Wild-Type,Wild-Type,Wild-Type,Wild-Type,Wild-Type,Wild-Type,Wild-Type,Wild-Type,Wild-Type,Wild-Type,Wild-Type,Wild-Type,Wild-Type,Wild-Type,Wild-Type,Wild-Type,Wild-Type,Wild-Type,Wild-Type,Wild-Type,Wild-Type,Wild-Type,Wild-Type,Wild-Type,Wild-Type,Wild-Type,Wild-Type,Wild-Type,Wild-Type,Wild-Type,Wild-Type,Wild-Type,Wild-Type,Wild-Type,Wild-Type,Wild-Type,Wild-Type,Wild-Type,Wild-Type,Wild-Type,Wild-Type,Wild-Type,Wild-Type,Wild-Type,Wild-Type,Wild-Type,Wild-Type,Mutated,Wild-Type,Wild-Type,Wild-Type,Wild-Type,Wild-Type,Wild-Type
590,C499,Wild-Type,Mutated,Wild-Type,Wild-Type,Wild-Type,Wild-Type,Wild-Type,Wild-Type,Wild-Type,Wild-Type,Wild-Type,Wild-Type,Mutated,Wild-Type,Wild-Type,Wild-Type,Wild-Type,Wild-Type,Wild-Type,Wild-Type,Wild-Type,Wild-Type,Wild-Type,Wild-Type,Wild-Type,Wild-Type,Mutated,Wild-Type,Wild-Type,Wild-Type,Wild-Type,Mutated,Wild-Type,Wild-Type,Wild-Type,Wild-Type,Mutated,Wild-Type,Wild-Type,Wild-Type,Wild-Type,Wild-Type,Wild-Type,Wild-Type,Wild-Type,Wild-Type,Wild-Type,Wild-Type,Wild-Type,Wild-Type,Wild-Type,Wild-Type,Wild-Type,Wild-Type,Wild-Type,Wild-Type,Wild-Type,Wild-Type,Wild-Type,Mutated,Wild-Type,Wild-Type,Wild-Type,Wild-Type,Wild-Type,Wild-Type,Wild-Type,Wild-Type,Wild-Type,Wild-Type,Wild-Type,Wild-Type
591,C500,Wild-Type,Mutated,Wild-Type,Wild-Type,Wild-Type,Wild-Type,Wild-Type,Wild-Type,Wild-Type,Wild-Type,Wild-Type,Wild-Type,Mutated,Wild-Type,Wild-Type,Wild-Type,Wild-Type,Wild-Type,Wild-Type,Wild-Type,Wild-Type,Wild-Type,Wild-Type,Wild-Type,Wild-Type,Wild-Type,Mutated,Wild-Type,Wild-Type,Wild-Type,Wild-Type,Mutated,Wild-Type,Wild-Type,Wild-Type,Wild-Type,Mutated,Wild-Type,Wild-Type,Wild-Type,Wild-Type,Wild-Type,Wild-Type,Wild-Type,Wild-Type,Wild-Type,Wild-Type,Wild-Type,Wild-Type,Wild-Type,Wild-Type,Wild-Type,Wild-Type,Wild-Type,Wild-Type,Wild-Type,Wild-Type,Wild-Type,Wild-Type,Mutated,Wild-Type,Wild-Type,Wild-Type,Wild-Type,Wild-Type,Wild-Type,Wild-Type,Wild-Type,Wild-Type,Wild-Type,Wild-Type,Wild-Type
592,C594,,,,,,,,,,,,,,,,,,,,,,,,,,,,,,,,,,,,,,,,,,,,,,,,,,,,,,,,,,,,,,,,,,,,,,,,
593,C501,Wild-Type,Wild-Type,Wild-Type,Mutated,Mutated,Wild-Type,Wild-Type,Wild-Type,Wild-Type,Wild-Type,Wild-Type,Mutated,Wild-Type,Wild-Type,Wild-Type,Wild-Type,Wild-Type,Wild-Type,Mutated,Wild-Type,Wild-Type,Mutated,Wild-Type,Wild-Type,Wild-Type,Wild-Type,Wild-Type,Wild-Type,Wild-Type,Wild-Type,Mutated,Mutated,Wild-Type,Wild-Type,Wild-Type,Wild-Type,Mutated,Wild-Type,Wild-Type,Wild-Type,Mutated,Wild-Type,Mutated,Wild-Type,Wild-Type,Wild-Type,Wild-Type,Mutated,Wild-Type,Wild-Type,Wild-Type,Wild-Type,Wild-Type,Mutated,Wild-Type,Mutated,Wild-Type,Wild-Type,Wild-Type,Mutated,Wild-Type,Mutated,Wild-Type,Wild-Type,Wild-Type,Mutated,Wild-Type,Wild-Type,Wild-Type,Wild-Type,Mutated,Wild-Type
594,C502,Wild-Type,Wild-Type,Wild-Type,Mutated,Mutated,Wild-Type,Wild-Type,Wild-Type,Wild-Type,Wild-Type,Wild-Type,Mutated,Wild-Type,Wild-Type,Wild-Type,Wild-Type,Wild-Type,Wild-Type,Mutated,Wild-Type,Wild-Type,Mutated,Wild-Type,Wild-Type,Wild-Type,Wild-Type,Wild-Type,Wild-Type,Wild-Type,Wild-Type,Mutated,Mutated,Wild-Type,Wild-Type,Wild-Type,Wild-Type,Mutated,Wild-Type,Wild-Type,Wild-Type,Mutated,Wild-Type,Mutated,Wild-Type,Wild-Type,Wild-Type,Wild-Type,Mutated,Wild-Type,Wild-Type,Wild-Type,Wild-Type,Wild-Type,Mutated,Wild-Type,Mutated,Wild-Type,Wild-Type,Wild-Type,Mutated,Wild-Type,Mutated,Wild-Type,Wild-Type,Wild-Type,Mutated,Wild-Type,Wild-Type,Wild-Type,Wild-Type,Mutated,Wild-Type
595,C503,,,,,,,,,,,,,,,,,,,,,,,,,,,,,,,,,,,,,,,,,,,,,,,,,,,,,,,,,,,,,,,,,,,,,,,,
596,HC1,,,,,,,,,,,,,,,,,,,,,,,,,,,,,,,,,,,,,,,,,,,,,,,,,,,,,,,,,,,,,,,,,,,,,,,,
597,HC2,,,,,,,,,,,,,,,,,,,,,,,,,,,,,,,,,,,,,,,,,,,,,,,,,,,,,,,,,,,,,,,,,,,,,,,,
598,HC3,,,,,,,,,,,,,,,,,,,,,,,,,,,,,,,,,,,,,,,,,,,,,,,,,,,,,,,,,,,,,,,,,,,,,,,,
599,HC4,,,,,,,,,,,,,,,,,,,,,,,,,,,,,,,,,,,,,,,,,,,,,,,,,,,,,,,,,,,,,,,,,,,,,,,,
